CLIENTE FIJO 30%,TIPO CLIENTE ICE (D&N),SUB CANAL,TAMAÑO ICE KO,LOCALIDAD-AGENCIA,ZONA,Codigo DN,ID cliente/PDV,NAME Cliente (PDV),DIRECCIÓN,GERENTE COMERCIAL,PROVINCIA,DISTRITO MUNICIPAL,SECTOR,TIPO DE RUTA,RUTA PREVENTA,NOMBRE PREVENTA,Persona 1,supervisor,Persona 2,LATITUD,LONGITUD,RUTA-LOCALIDAD D&N,ZONA DE RETORNABILIDAD,Incidencia,Clasificación,ID SSTC,Estatus,Comentario,LATITUDE,LONGITUDE,LOLA,ELEGIBLE,ELIMINAR,SELECCION,ETIQUETA,MT,CDA,MT FINAL,RutaDN1,Dia_Asignado,Orden_Ruta,Punto_Inicio,TIPO,CODIGO D&N,export.Estado,DIA,Tabla11.auditor,MUESTRA CUMPL.
SI,HOME MARKET TRADICIONAL,MINIMERCADOS,ORO,HATO NUEVO,ZONA OCCIDENTAL  Y SC,9000003492,3492,SUPER BODEGA ROSMERY,"C/18 ESQ. MAX ENRIQUEZ UREÑA , ENS. QUISQUEYA",JUAN PAULINO,DISTRITO NACIONAL,DISTRITO NACIONAL,QUISQUEYA,TRADICIONAL,319,WANNER DE JESUS CASTILLO VICENTE,WANNER DE JESUS CASTILLO VICENTE,RAMON CUELLO HN,RAMON CUELLO HN,18.4676532745361,-69.9478569030762,319 HATO NUEVO,BAJA RETORNABILIDAD,SIN INCIDENCIA,ICE,1169008021,Ultima Aprobada,Elegible,18.4677164,-69.9478698,18.4677164-69.9478698,ELEGIBLE,NO,T,T PANEL,DSTRIO104,HATO NUEVO,DSTRIO104-HATO NUEVO,1.0,Día 1,2.0,0.0,TITULAR,9000003492,,1.0,JENIFER GÓMEZ,Cargar
NO,HOME MARKET TRADICIONAL,TIENDAS,Plata,SANTO DOMINGO,ZONA OCCIDENTAL  Y SC,9000000826,826,COLMADO  E Y M,C/ 13 # 68 27 DE FEBRERO,JUAN PAULINO,DISTRITO NACIONAL,DISTRITO NACIONAL,27 DE FEBRERO,TRADICIONAL,394,LUIS BREA JIMENEZ,LUIS BREA JIMENEZ,DANIEL BATISTA,DANIEL BATISTA,18.50125,-69.8852,394 SANTO DOMINGO,BAJA RETORNABILIDAD,SIN INCIDENCIA,ICE,1150002943,Ultima Aprobada,Elegible,18.50142333333333,-69.88513166666667,18.5014233333333-69.8851316666667,ELEGIBLE,NO,S,S1,DSTRTO105,SANTO DOMINGO,DSTRTO105-HATO NUEVO,3.0,Día 3,,,SUPLENTE,9000000826,,3.0,JEYSON VALDEZ,Cargar
NO,ON PREMISE,CAFETERIA / RESTAURANTE INFORMAL,Plata,SANTIAGO,ZONA NORTE,9000167476,167476,CATFETERIA BISTRO CAFE,AV 27 DE FEBRERO LOS JARDINES STGO,DEYBI VARGAS,SANTIAGO,SANTIAGO,LOS JARDINES METROPOLITANOS,C&B,366,CHRISTHIAN MERCADO,CHRISTHIAN MERCADO,ANTONIO JIMENEZ,ANTONIO JIMENEZ,19.45847596575562,-70.69474040847506,366 SANTIAGO,BAJA RETORNABILIDAD,SIN INCIDENCIA,ICE,1151041278,Sin Visita,Elegible,19.45847596575562,-70.69474040847506,19.4584759657556-70.6947404084751,ELEGIBLE,NO,T,T,STIAGO107,SANTIAGO,STIAGO107-SANTIAGO,3.0,Día 3,39.0,0.0,TITULAR,9000167476,,3.0,MARTIN MARTINEZ,Cargar
NO,HOME MARKET TRADICIONAL,TIENDAS,ORO,HATO NUEVO,ZONA OCCIDENTAL  Y SC,9000000119,119,BODEGA NACO,SIERVAS DE MARIA NACO STO DGO DN,JUAN PAULINO,DISTRITO NACIONAL,DISTRITO NACIONAL,ENSANCHE NACO,TRADICIONAL,332,WELLINTON YSRAEL CASANOVA MONTERO,WELLINTON YSRAEL CASANOVA MONTERO,RAMON CUELLO HN,RAMON CUELLO HN,18.48108101,-69.93009186,332 HATO NUEVO,BAJA RETORNABILIDAD,SIN INCIDENCIA,ICE,1169009394,Ultima Aprobada,Elegible,18.48110291,-69.93012989,18.48110291-69.93012989,ELEGIBLE,NO,T,T,DSTRIO104,HATO NUEVO,DSTRIO104-HATO NUEVO,3.0,Día 3,31.0,0.0,TITULAR,9000000119,,3.0,JENIFER GÓMEZ,Cargar
NO,HOME MARKET TRADICIONAL,TIENDAS,ORO,HATO NUEVO,ZONA OCCIDENTAL  Y SC,9000000170,170,COLMADO RAMON MELO II,PRESA RIO BAO # 35 EL MILLON,JUAN PAULINO,DISTRITO NACIONAL,DISTRITO NACIONAL,EL MILLÓN,TRADICIONAL,317,FREYMI JOSE CASTRO PEREZ,FREYMI JOSE CASTRO PEREZ,RAMON CUELLO HN,RAMON CUELLO HN,18.45808,-69.961,317 HATO NUEVO,BAJA RETORNABILIDAD,SIN INCIDENCIA,ICE,1169007449,Sin Visita Efectiva,Elegible,18.45808,-69.961,18.45808-69.961,ELEGIBLE,NO,T,T,DSTRIO104,HATO NUEVO,DSTRIO104-HATO NUEVO,2.0,Día 2,21.0,0.0,TITULAR,9000000170,,2.0,JENIFER GÓMEZ,Cargar
SI,HOME MARKET TRADICIONAL,MINIMERCADOS,ORO,SANTO DOMINGO,ZONA OCCIDENTAL  Y SC,9000000180,180,SUPER BODEGA PERDOMO,GASPAR POLANCO # 96 BELLA VISTA,JUAN PAULINO,DISTRITO NACIONAL,DISTRITO NACIONAL,BELLA VISTA,TRADICIONAL,418,ESFRAILYN GALVEZ BAUTISTA,ESFRAILYN GALVEZ BAUTISTA,JUAN BATISTA,JUAN BATISTA,18.4582966698541,-69.9424396091037,418 SANTO DOMINGO,BAJA RETORNABILIDAD,SIN INCIDENCIA,TITAN,1150000525,Ultima Aprobada,Elegible,18.45831673,-69.94244043,18.45831673-69.94244043,ELEGIBLE,NO,T,T PANEL,DSTRIO104,SANTO DOMINGO,DSTRIO104-HATO NUEVO,3.0,Día 3,36.0,0.0,TITULAR,9000000180,,3.0,JENIFER GÓMEZ,Cargar
SI,HOME MARKET TRADICIONAL,MINIMERCADOS,ORO,HATO NUEVO,ZONA OCCIDENTAL  Y SC,9000000189,189,SUPER COLMADO ANTHONY,"C/LEONOR FELTZ ESQ. #6, MIRADOR SUR.",JUAN PAULINO,DISTRITO NACIONAL,DISTRITO NACIONAL,CENTRO DE LA CIUDAD,TRADICIONAL,306,ANIBAL PUELLO,ANIBAL PUELLO,RAMON CUELLO HN,RAMON CUELLO HN,18.4455528259277,-69.9574279785156,306 HATO NUEVO,BAJA RETORNABILIDAD,SIN INCIDENCIA,ICE,1169007452,Ultima Aprobada,Elegible,18.44555089,-69.95745744,18.44555089-69.95745744,ELEGIBLE,NO,T,T PANEL,DSTRIO104,HATO NUEVO,DSTRIO104-HATO NUEVO,2.0,Día 2,15.0,0.0,TITULAR,9000000189,,2.0,JENIFER GÓMEZ,Cargar
NO,HOME MARKET TRADICIONAL,TIENDAS,Bronce,CHARLES DE GAULLE,ZONA SD ORIENTAL,9000011672,11672,COLMADO. KEY,CARR. LA VICTORIA NO.122 VILLA MELLA,JUNIOR RIVERA,SANTO DOMINGO,SANTO DOMINGO,VILLA MELLA,TRADICIONAL,363,ELIEZER DEL VILLAR,ELIEZER DEL VILLAR,FABIEL PEÑA,FABIEL PEÑA,18.5542619493273,-69.8985917833116,363 CHARLES DE GAULLE,BAJA RETORNABILIDAD,SIN INCIDENCIA,ICE,1153003219,Ultima Aprobada,Elegible,18.5542901,-69.8985926,18.5542901-69.8985926,ELEGIBLE,NO,S,S1,CHLES103,CHARLES DE GAULLE,CHLES103-CHARLES DE GAULLE,2.0,Día 2,,,SUPLENTE,9000011672,,2.0,JEAN LUIS,Cargar
SI,HOME MARKET TRADICIONAL,TIENDAS,ORO,SANTO DOMINGO,ZONA OCCIDENTAL  Y SC,9000000571,571,BODEGA CHANELY II,MANUEL UBALDO GOMEZ/MANUELA DI VILLA CONSUELO,JUAN PAULINO,DISTRITO NACIONAL,DISTRITO NACIONAL,VILLA CONSUELO,TRADICIONAL,314,JOSE ENMANUEL ROSARIO MERCEDES,JOSE ENMANUEL ROSARIO MERCEDES,DANIEL BATISTA,DANIEL BATISTA,18.4869251251221,-69.9033584594727,314 SANTO DOMINGO,BAJA RETORNABILIDAD,SIN INCIDENCIA,TITAN,1150002081,Ultima Aprobada,Elegible,18.48705245,-69.90339557,18.48705245-69.90339557,ELEGIBLE,NO,T,T PANEL,DSTRTO105,SANTO DOMINGO,DSTRTO105-HATO NUEVO,2.0,Día 2,28.0,0.0,TITULAR,9000000571,,2.0,JEYSON VALDEZ,Cargar
NO,HOME MARKET TRADICIONAL,TIENDAS,ORO,HATO NUEVO,ZONA OCCIDENTAL  Y SC,9000000713,713,COLMADO DEAZA,JOSE ORTEGA Y GASSET # 25 / ENS. KENNEDY,JUAN PAULINO,DISTRITO NACIONAL,DISTRITO NACIONAL,ENSANCHE KENNEDY,TRADICIONAL,421,SMAYLI RAMON RODRIGUEZ QUEZADA,SMAYLI RAMON RODRIGUEZ QUEZADA,RAMON CUELLO HN,RAMON CUELLO HN,18.48426247,-69.92098999,421 HATO NUEVO,BAJA RETORNABILIDAD,SIN INCIDENCIA,ICE,1169008154,Ultima Aprobada,Elegible,18.48407333333333,-69.92091333333333,18.4840733333333-69.9209133333333,ELEGIBLE,NO,T,T,DSTRTO105,HATO NUEVO,DSTRTO105-HATO NUEVO,2.0,Día 2,30.0,0.0,TITULAR,9000000713,,2.0,JEYSON VALDEZ,Cargar
SI,HOME MARKET TRADICIONAL,TIENDAS,ORO,HATO NUEVO,ZONA OCCIDENTAL  Y SC,9000000722,722,AUTO SERVICIO CAMACHO,LOPEZ DE VEGA # 127 ENS. LA FE,JUAN PAULINO,DISTRITO NACIONAL,DISTRITO NACIONAL,CENTRO DE LA CIUDAD,TRADICIONAL,421,SMAYLI RAMON RODRIGUEZ QUEZADA,SMAYLI RAMON RODRIGUEZ QUEZADA,RAMON CUELLO HN,RAMON CUELLO HN,18.4908828735352,-69.9330520629883,421 HATO NUEVO,ALTA RETORNABILIDAD,SIN INCIDENCIA,ICE,1169008121,Ultima Aprobada,Elegible,18.4908707,-69.9330775,18.4908707-69.9330775,ELEGIBLE,NO,T,T PANEL,DSTRTO105,HATO NUEVO,DSTRTO105-HATO NUEVO,2.0,Día 2,34.0,0.0,TITULAR,9000000722,,2.0,JEYSON VALDEZ,Cargar
SI,HOME MARKET TRADICIONAL,TIENDAS,ORO,HATO NUEVO,ZONA OCCIDENTAL  Y SC,9000000739,739,COL. CAMPO,C/ CAMINO CHIQUITO ARROYO HONDO,JUAN PAULINO,DISTRITO NACIONAL,DISTRITO NACIONAL,CENTRO DE LA CIUDAD,TRADICIONAL,382,FRANCISCO JAVIER GOMEZ SANTIAGO,FRANCISCO JAVIER GOMEZ SANTIAGO,MICHAEL SOSA HN,MICHAEL SOSA HN,18.498312,-69.94093323,382 HATO NUEVO,ALTA RETORNABILIDAD,SIN INCIDENCIA,ICE,1169006554,Ultima Aprobada,Elegible,18.49833492,-69.94094921,18.49833492-69.94094921,ELEGIBLE,NO,T,T PANEL,DSTRIO104,HATO NUEVO,DSTRIO104-HATO NUEVO,3.0,Día 3,42.0,0.0,TITULAR,9000000739,,3.0,JENIFER GÓMEZ,Cargar
SI,HOME MARKET TRADICIONAL,TIENDAS,Plata,HATO NUEVO,ZONA OCCIDENTAL  Y SC,9000000747,747,COLMADO NAVIDAD,AV REP DE COLOMBIA,JUAN PAULINO,DISTRITO NACIONAL,DISTRITO NACIONAL,LOS JARDINES,TRADICIONAL,382,FRANCISCO JAVIER GOMEZ SANTIAGO,FRANCISCO JAVIER GOMEZ SANTIAGO,MICHAEL SOSA HN,MICHAEL SOSA HN,18.48668671,-69.95992279,382 HATO NUEVO,ALTA RETORNABILIDAD,SIN INCIDENCIA,ICE,1169006911,Ultima Aprobada,Elegible,18.4867186,-69.9599041,18.4867186-69.9599041,ELEGIBLE,NO,T,T PANEL,DSTRIO104,HATO NUEVO,DSTRIO104-HATO NUEVO,3.0,Día 3,26.0,0.0,TITULAR,9000000747,,3.0,JENIFER GÓMEZ,Cargar
SI,HOME MARKET TRADICIONAL,TIENDAS,Plata,SANTO DOMINGO,ZONA OCCIDENTAL  Y SC,9000000814,814,COLMADO LOS HERMANOS,C/EDUARDO BRITO ESQ. LUIS REYES ENS. 27 DE FEBRERO,JUAN PAULINO,DISTRITO NACIONAL,DISTRITO NACIONAL,27 DE FEBRERO,TRADICIONAL,394,LUIS BREA JIMENEZ,LUIS BREA JIMENEZ,DANIEL BATISTA,DANIEL BATISTA,18.50226,-69.885,394 SANTO DOMINGO,BAJA RETORNABILIDAD,SIN INCIDENCIA,TITAN,1150002897,Ultima Aprobada,Elegible,18.50228878,-69.88483749,18.50228878-69.88483749,ELEGIBLE,NO,T,T PANEL,DSTRTO105,SANTO DOMINGO,DSTRTO105-HATO NUEVO,3.0,Día 3,45.0,0.0,TITULAR,9000000814,,3.0,JEYSON VALDEZ,Cargar
SI,HOME MARKET TRADICIONAL,TIENDAS,Plata,SAN FRANCISCO,ZONA NORTE,9000030356,30356,COLMADO SEBASTIAN,"C/PRINCIPAL #56, CRUCE SAN RAFAEL",DEYBI VARGAS,DUARTE,DUARTE,SAN FRANCISCO DE MACORÍS (CENTRO),TRADICIONAL,337,ROBINSON CAMILO DE JESÚS,ROBINSON CAMILO DE JESÚS,DANIEL REYES GARCIA,DANIEL REYES GARCIA,19.1915955543518,-69.9658737182617,337 SAN FRANCISCO,BAJA RETORNABILIDAD,SIN INCIDENCIA,ICE,1154001074,Ultima Aprobada,Elegible,19.1792248,-69.9790412,19.1792248-69.9790412,ELEGIBLE,NO,S,S PANEL,NGUA106,SAN FRANCISCO,NGUA106-NAGUA,3.0,Día 3,,,SUPLENTE,9000030356,,3.0,JORGE LUIS,Cargar
SI,HOME MARKET TRADICIONAL,TIENDAS,Plata,NAGUA,ZONA ESTE,9000040970,40970,COLMADO OLGA,"C/27 DE FEBRERO #19 , EL MANGU",SAUL GIL,DUARTE,DUARTE,CENTRO DEL PUEBLO,TRADICIONAL,304,JOAQUIN CUELLO FROMETA,JOAQUIN CUELLO FROMETA,RICHARD PAREDES,RICHARD PAREDES,19.1840740203857,-69.9208419799805,304 NAGUA,ALTA RETORNABILIDAD,SIN INCIDENCIA,ICE,1152000454,Ultima Aprobada,Elegible,19.18408318333333,-69.92062941666667,19.1840831833333-69.9206294166667,ELEGIBLE,NO,S,S PANEL,NGUA106,NAGUA,NGUA106-NAGUA,2.0,Día 2,,,SUPLENTE,9000040970,,2.0,JORGE LUIS,Cargar
SI,ON PREMISE,CAFETERIA / RESTAURANTE INFORMAL,ORO,HATO NUEVO,ZONA OCCIDENTAL  Y SC,9000006118,6118,PICA POLLO EXPRESO LOS JARDINES,AV. BUENA VENTURA FREITES # 8 LOS JARDINES NORTE,JUAN PAULINO,DISTRITO NACIONAL,DISTRITO NACIONAL,CENTRO DE LA CIUDAD,TRADICIONAL,382,FRANCISCO JAVIER GOMEZ SANTIAGO,FRANCISCO JAVIER GOMEZ SANTIAGO,MICHAEL SOSA HN,MICHAEL SOSA HN,18.4824295043945,-69.9556121826172,382 HATO NUEVO,BAJA RETORNABILIDAD,SIN INCIDENCIA,ICE,1169006926,Ultima Aprobada,Elegible,18.4825902,-69.9555697,18.4825902-69.9555697,ELEGIBLE,NO,T,T PANEL,DSTRIO104,HATO NUEVO,DSTRIO104-HATO NUEVO,2.0,Día 2,24.0,0.0,TITULAR,9000006118,,2.0,JENIFER GÓMEZ,Cargar
SI,HOME MARKET TRADICIONAL,TIENDAS,Bronce,NAGUA,ZONA ESTE,9000071862,71862,COLMADO POLANCO,C SAN ANTONIO ESQ 19 DE MARZO VILLA RIVAS,SAUL GIL,MARÍA TRINIDAD SÁNCHEZ,MARÍA TRINIDAD SÁNCHEZ,CENTRO DEL PUEBLO,TRADICIONAL,304,JOAQUIN CUELLO FROMETA,JOAQUIN CUELLO FROMETA,RICHARD PAREDES,RICHARD PAREDES,19.1790278298514,-69.911744253976,304 NAGUA,ALTA RETORNABILIDAD,SIN INCIDENCIA,ICE,1152007193,Ultima Aprobada,Elegible,19.1790974187004,-69.9118006331013,19.1790974187004-69.9118006331013,ELEGIBLE,NO,S,S PANEL,NGUA106,NAGUA,NGUA106-NAGUA,2.0,Día 2,,,SUPLENTE,9000071862,,2.0,JORGE LUIS,Cargar
SI,HOME MARKET TRADICIONAL,TIENDAS,ORO,SANTIAGO,ZONA NORTE,9000119037,119037,COLMADO VENTURA 2,C MANUELICO GONZALES  VILLA GONZALES,DEYBI VARGAS,SANTIAGO,SANTIAGO,CENTRO DEL PUEBLO,TRADICIONAL,311,BRAYAN ALVAREZ DOMINGUEZ,BRAYAN ALVAREZ DOMINGUEZ,YOHAO TAVERAS ROSARIO,YOHAO TAVERAS ROSARIO,19.5433559417725,-70.7871932983398,311 SANTIAGO,ALTA RETORNABILIDAD,SIN INCIDENCIA,TITAN,1151030044,Ultima Aprobada,Elegible,19.54326,-70.78715666666668,19.54326-70.7871566666667,ELEGIBLE,NO,S,S PANEL,STIAGO107,SANTIAGO,STIAGO107-SANTIAGO,2.0,Día 2,,,SUPLENTE,9000119037,,2.0,MARTIN MARTINEZ,Cargar
NO,ON PREMISE,CAFETERIA / RESTAURANTE INFORMAL,Plata,CHARLES DE GAULLE,ZONA SD ORIENTAL,9000011652,11652,CAFETERIA COLMADO NEISY,"C/RAMON MATIAS MELLA #165, VILLA MELLA.",JUNIOR RIVERA,SANTO DOMINGO,SANTO DOMINGO,VILLA MELLA,C&B,402,YORKIS OLIVARES,YORKIS OLIVARES,CHRISTOPHER GONZALEZ,CHRISTOPHER GONZALEZ,18.554211086697,-69.8986036512587,402 CHARLES DE GAULLE,BAJA RETORNABILIDAD,SIN INCIDENCIA,ICE,1153003195,Ultima Aprobada,Elegible,18.5542326,-69.8985754,18.5542326-69.8985754,ELEGIBLE,NO,T,T,CHLES103,CHARLES DE GAULLE,CHLES103-CHARLES DE GAULLE,2.0,Día 2,31.0,0.0,TITULAR,9000011652,,2.0,JEAN LUIS,Cargar
NO,HOME MARKET TRADICIONAL,MINIMERCADOS,Plata,CHARLES DE GAULLE,ZONA SD ORIENTAL,9000011656,11656,S/BODEGA GENOBEBA,C/ISABEL CACERES NO.13 GENOBEBA VILLA MELLA.,JUNIOR RIVERA,SANTO DOMINGO,SANTO DOMINGO,VILLA MELLA,TRADICIONAL,363,ELIEZER DEL VILLAR,ELIEZER DEL VILLAR,FABIEL PEÑA,FABIEL PEÑA,18.5606994628906,-69.8931537204319,363 CHARLES DE GAULLE,BAJA RETORNABILIDAD,SIN INCIDENCIA,ICE,1153003201,Ultima Aprobada,Elegible,18.5599233,-69.8930574,18.5599233-69.8930574,ELEGIBLE,NO,T,T,CHLES103,CHARLES DE GAULLE,CHLES103-CHARLES DE GAULLE,2.0,Día 2,34.0,0.0,TITULAR,9000011656,,2.0,JEAN LUIS,Cargar
SI,HOME MARKET TRADICIONAL,TIENDAS,Plata,CHARLES DE GAULLE,ZONA SD ORIENTAL,9000013851,13851,BODEGA MABEL,"AV. LOS RESTAURADORES #91,CRUZ GRANDE.",JUNIOR RIVERA,SANTO DOMINGO,SANTO DOMINGO,SANTO DOMINGO ESTE CENTRO,TRADICIONAL,406,ONATI TRONCOSO,ONATI TRONCOSO,FABIEL PEÑA,FABIEL PEÑA,18.54292107,-69.89691162,406 CHARLES DE GAULLE,BAJA RETORNABILIDAD,SIN INCIDENCIA,ICE,1153007360,Ultima Incidencia,No Elegible,18.5419643,-69.8971521,18.5419643-69.8971521,ELEGIBLE,NO,T,T PANEL,CHLES103,CHARLES DE GAULLE,CHLES103-CHARLES DE GAULLE,3.0,Día 3,37.0,0.0,TITULAR,9000013851,,3.0,JEAN LUIS,Cargar
SI,HOME MARKET TRADICIONAL,TIENDAS,Plata,CHARLES DE GAULLE,ZONA SD ORIENTAL,9000014410,14410,COLMADO LA ROCA,"C/ PRINCIPAL ESQ. 3RA. #53, MIRADOR NORTE SEGUNDO",JUNIOR RIVERA,SANTO DOMINGO,SANTO DOMINGO,SANTO DOMINGO NORTE (CENTRO),TRADICIONAL,325,STARLIN ENCARNACION,STARLIN ENCARNACION,FABIEL PEÑA,FABIEL PEÑA,18.5329957689558,-69.9453713553292,325 CHARLES DE GAULLE,BAJA RETORNABILIDAD,SIN INCIDENCIA,ICE,1153008451,Ultima Aprobada,Elegible,18.53299027194193,-69.94534516496125,18.5329902719419-69.9453451649613,ELEGIBLE,NO,T,T PANEL,CHLES103,CHARLES DE GAULLE,CHLES103-CHARLES DE GAULLE,2.0,Día 2,23.0,0.0,TITULAR,9000014410,,2.0,JEAN LUIS,Cargar
SI,HOME MARKET TRADICIONAL,TIENDAS,ORO,CHARLES DE GAULLE,ZONA SD ORIENTAL,9000014469,14469,COLMADO EL DORADO,"MANZ. 14,EL DORADO III,VILLA MELLA.",JUNIOR RIVERA,SANTO DOMINGO,SANTO DOMINGO,SANTO DOMINGO ESTE CENTRO,TRADICIONAL,322,EUGENIO PEREZ,EUGENIO PEREZ,FABIEL PEÑA,FABIEL PEÑA,18.5515348911285,-69.9243783950806,322 CHARLES DE GAULLE,BAJA RETORNABILIDAD,SIN INCIDENCIA,TITAN,1153008534,Ultima Aprobada,Elegible,18.5490049,-69.9224643,18.5490049-69.9224643,ELEGIBLE,NO,T,T PANEL,CHLES103,CHARLES DE GAULLE,CHLES103-CHARLES DE GAULLE,2.0,Día 2,18.0,0.0,TITULAR,9000014469,,2.0,JEAN LUIS,Cargar
SI,HOME MARKET TRADICIONAL,TIENDAS,Bronce,CHARLES DE GAULLE,ZONA SD ORIENTAL,9000014492,14492,COLMADO VISTA BELLA,"C/PRINCIPAL ESQ.8,VISTA BELLA",JUNIOR RIVERA,SANTO DOMINGO,SANTO DOMINGO,SANTO DOMINGO ESTE CENTRO,TRADICIONAL,363,ELIEZER DEL VILLAR,ELIEZER DEL VILLAR,FABIEL PEÑA,FABIEL PEÑA,18.5546488761902,-69.9025964736938,363 CHARLES DE GAULLE,BAJA RETORNABILIDAD,SIN INCIDENCIA,ICE,1153008558,Ultima Aprobada,Elegible,18.55463180780925,-69.90251768258531,18.5546318078093-69.9025176825853,ELEGIBLE,NO,T,T PANEL,CHLES103,CHARLES DE GAULLE,CHLES103-CHARLES DE GAULLE,2.0,Día 2,29.0,0.0,TITULAR,9000014492,,2.0,JEAN LUIS,Cargar
NO,HOME MARKET TRADICIONAL,TIENDAS,Plata,CHARLES DE GAULLE,ZONA SD ORIENTAL,9000014742,14742,COLMADO MODELO,PLAZA CIUDAD MODELO EN LA BOMBA SHELL,JUNIOR RIVERA,SANTO DOMINGO,SANTO DOMINGO,SANTO DOMINGO ESTE CENTRO,TRADICIONAL,325,STARLIN ENCARNACION,STARLIN ENCARNACION,FABIEL PEÑA,FABIEL PEÑA,18.55406189,-69.9436264,325 CHARLES DE GAULLE,BAJA RETORNABILIDAD,SIN INCIDENCIA,TITAN,1153008959,Ultima Aprobada,Elegible,18.5541211,-69.9437005,18.5541211-69.9437005,ELEGIBLE,NO,T,T,CHLES103,CHARLES DE GAULLE,CHLES103-CHARLES DE GAULLE,2.0,Día 2,25.0,0.0,TITULAR,9000014742,,2.0,JEAN LUIS,Cargar
NO,ON PREMISE,CAFETERIA / RESTAURANTE INFORMAL,ORO,SANTIAGO,ZONA NORTE,9000016744,16744,RESTAURANT LA PARRILLITA,"AV. JUAN PABLO DUARTE #162, LA ESMERALDA",DEYBI VARGAS,SANTIAGO,SANTIAGO,CENTRO DEL PUEBLO,C&B,373,LUIS DOMINGUEZ,LUIS DOMINGUEZ,ANTONIO JIMENEZ,ANTONIO JIMENEZ,19.45050364539628,-70.65147769258317,373 SANTIAGO,BAJA RETORNABILIDAD,SIN INCIDENCIA,ICE,1151000487,Ultima Aprobada,Elegible,19.450471,-70.6515415,19.450471-70.6515415,ELEGIBLE,NO,T,T,STAGO108,SANTIAGO,STAGO108-SANTIAGO,3.0,Día 3,53.0,0.0,TITULAR,9000016744,,3.0,YARLENYS,Cargar
SI,HOME MARKET TRADICIONAL,MINIMERCADOS,ORO,SANTIAGO,ZONA NORTE,9000016749,16749,MINI MARKET JUAN,"AV.27 DE FEB, URB.EL AMANECER",DEYBI VARGAS,SANTIAGO,SANTIAGO,CENTRO DEL PUEBLO,TRADICIONAL,325,BRIAN JOSE NUÑEZ,BRIAN JOSE NUÑEZ,JUAN LUIS LA HOZ,JUAN LUIS LA HOZ,19.45110703,-70.67809296,325 SANTIAGO,ALTA RETORNABILIDAD,SIN INCIDENCIA,TITAN,1151000496,Ultima Aprobada,Elegible,19.45120833333333,-70.67809000000001,19.4512083333333-70.67809,ELEGIBLE,NO,T,T PANEL,STAGO108,SANTIAGO,STAGO108-SANTIAGO,3.0,Día 3,48.0,0.0,TITULAR,9000016749,,3.0,YARLENYS,Cargar
SI,HOME MARKET TRADICIONAL,TIENDAS,Plata,SANTIAGO,ZONA NORTE,9000016818,16818,COLMADO ALEX,KM 2 1/2 CARRET.LICEY STGO.,DEYBI VARGAS,SANTIAGO,SANTIAGO,CENTRO DEL PUEBLO,TRADICIONAL,346,GEN HOU TSANG,GEN HOU TSANG,ALEXANDER MARTE,ALEXANDER MARTE,19.4544551849365,-70.6605529785156,346 SANTIAGO,ALTA RETORNABILIDAD,SIN INCIDENCIA,TITAN,1151000588,Ultima Aprobada,Elegible,19.45437166666667,-70.66054333333334,19.4543716666667-70.6605433333333,ELEGIBLE,NO,T,T PANEL,STAGO108,SANTIAGO,STAGO108-SANTIAGO,3.0,Día 3,52.0,0.0,TITULAR,9000016818,,3.0,YARLENYS,Cargar
SI,HOME MARKET TRADICIONAL,TIENDAS,ORO,SANTIAGO,ZONA NORTE,9000017277,17277,COLMADO NACHO,"C/2 #26, CECARA",DEYBI VARGAS,SANTIAGO,SANTIAGO,CENTRO DEL PUEBLO,ESPECIALIZADO TRADICIONAL,374,JOSEPH MANUEL SANCHEZ NUÑEZ,JOSEPH MANUEL SANCHEZ NUÑEZ,ANTONIO JIMENEZ,ANTONIO JIMENEZ,19.4715904659695,-70.6967358059353,374 SANTIAGO,ALTA RETORNABILIDAD,SIN INCIDENCIA,TITAN,1151001265,Ultima Aprobada,Elegible,19.47158666666667,-70.69670500000001,19.4715866666667-70.696705,ELEGIBLE,NO,T,T PANEL,STAGO108,SANTIAGO,STAGO108-SANTIAGO,2.0,Día 2,19.0,0.0,TITULAR,9000017277,,2.0,YARLENYS,Cargar
NO,HOME MARKET TRADICIONAL,TIENDAS,Plata,SANTIAGO,ZONA NORTE,9000017324,17324,COLMADO MI GENTE,"C/ESPAÑA #100,EL CONGO",DEYBI VARGAS,SANTIAGO,SANTIAGO,CENTRO DEL PUEBLO,TRADICIONAL,303,ANTHONY DARIA SANCHEZ SURIEL,ANTHONY DARIA SANCHEZ SURIEL,YOHAO TAVERAS ROSARIO,YOHAO TAVERAS ROSARIO,19.4569034576416,-70.7032557896205,303 SANTIAGO,ALTA RETORNABILIDAD,SIN INCIDENCIA,ICE,1151001336,Sin Visita Efectiva,Elegible,19.4569034576416,-70.7032557896205,19.4569034576416-70.7032557896205,ELEGIBLE,NO,T,T,STIAGO107,SANTIAGO,STIAGO107-SANTIAGO,2.0,Día 2,34.0,0.0,TITULAR,9000017324,,2.0,MARTIN MARTINEZ,Cargar
NO,HOME MARKET TRADICIONAL,TIENDAS,Plata,SANTIAGO,ZONA NORTE,9000018182,18182,COLMADO CRUZ,"C/O,#7,LOS SALADOS",DEYBI VARGAS,SANTIAGO,SANTIAGO,CENTRO DEL PUEBLO,TRADICIONAL,304,MEDINA FAÑA ANSHERLY YAMILE,MEDINA FAÑA ANSHERLY YAMILE,ALEXANDER MARTE,ALEXANDER MARTE,19.4896664619446,-70.7084140777588,304 SANTIAGO,ALTA RETORNABILIDAD,SIN INCIDENCIA,TITAN,1151002835,Ultima Aprobada,Elegible,19.48966833333333,-70.70842166666667,19.4896683333333-70.7084216666667,ELEGIBLE,NO,T,T,STIAGO107,SANTIAGO,STIAGO107-SANTIAGO,1.0,Día 1,17.0,0.0,TITULAR,9000018182,,1.0,MARTIN MARTINEZ,Cargar
NO,HOME MARKET TRADICIONAL,TIENDAS,Plata,SAN FRANCISCO,ZONA NORTE,9000030313,30313,COLMADO LAIS,"C/LUIS A. CASTILLO, CASTILLO",DEYBI VARGAS,DUARTE,DUARTE,SAN FRANCISCO DE MACORÍS (CENTRO),TRADICIONAL,337,ROBINSON CAMILO DE JESÚS,ROBINSON CAMILO DE JESÚS,DANIEL REYES GARCIA,DANIEL REYES GARCIA,19.2083797454833,-70.0286254882812,337 SAN FRANCISCO,BAJA RETORNABILIDAD,SIN INCIDENCIA,ICE,1154001020,Ultima Aprobada,Elegible,19.20838263333333,-70.0286697,19.2083826333333-70.0286697,ELEGIBLE,NO,T,T,NGUA106,SAN FRANCISCO,NGUA106-NAGUA,3.0,Día 3,40.0,0.0,TITULAR,9000030313,,3.0,JORGE LUIS,Cargar
NO,ON PREMISE,CAFETERIA / RESTAURANTE INFORMAL,Plata,SAN CRISTOBAL,ZONA OCCIDENTAL  Y SC,9000034609,34609,PASTELERIA CHICHITA_SRL_,C/ GRAL. LEGER Ñ58,JUAN PAULINO,SAN CRISTÓBAL,SAN CRISTÓBAL,CENTRO DE LA CIUDAD,TRADICIONAL,446,RANDY DELGADO,RANDY DELGADO,KELVIN ABAD PLACENCIO HN,KELVIN ABAD PLACENCIO HN,18.41542,-70.1079,446 SAN CRISTOBAL,BAJA RETORNABILIDAD,SIN INCIDENCIA,ICE,1169005824,Ultima Aprobada,Elegible,18.4168697,-70.1095874,18.4168697-70.1095874,ELEGIBLE,NO,T,T,HTNVO101,SAN CRISTOBAL,HTNVO101-HATO NUEVO,3.0,Día 3,45.0,0.0,TITULAR,9000034609,,3.0,ARILEYSIS,Cargar
NO,ON PREMISE,CAFETERIA / RESTAURANTE INFORMAL,Plata,SAN CRISTOBAL,ZONA OCCIDENTAL  Y SC,9000034709,34709,POLLO D FELO EXPRES,AV. LIBERTAD Ñ 12,JUAN PAULINO,SAN CRISTÓBAL,SAN CRISTÓBAL,CENTRO DE LA CIUDAD,TRADICIONAL,445,JOSE ALVAREZ,JOSE ALVAREZ,KELVIN ABAD PLACENCIO HN,KELVIN ABAD PLACENCIO HN,18.4156670570374,-70.1070613861084,445 SAN CRISTOBAL,BAJA RETORNABILIDAD,SIN INCIDENCIA,ICE,1169005882,Ultima Aprobada,Elegible,18.41530726756901,-70.10698311030865,18.415307267569-70.1069831103086,ELEGIBLE,NO,T,T,HTNVO101,SAN CRISTOBAL,HTNVO101-HATO NUEVO,3.0,Día 3,42.0,0.0,TITULAR,9000034709,,3.0,ARILEYSIS,Cargar
NO,HOME MARKET TRADICIONAL,TIENDAS,Plata,SAN CRISTOBAL,ZONA OCCIDENTAL  Y SC,9000034795,34795,COL. JHONNYFER,C PADRE AYALA,JUAN PAULINO,SAN CRISTÓBAL,SAN CRISTÓBAL,CENTRO DE LA CIUDAD,TRADICIONAL,446,RANDY DELGADO,RANDY DELGADO,KELVIN ABAD PLACENCIO HN,KELVIN ABAD PLACENCIO HN,18.4152988433838,-70.1092269897461,446 SAN CRISTOBAL,ALTA RETORNABILIDAD,SIN INCIDENCIA,ICE,1169005935,Ultima Aprobada,Elegible,18.41556132305413,-70.10938092134893,18.4155613230541-70.1093809213489,ELEGIBLE,NO,T,T,HTNVO101,SAN CRISTOBAL,HTNVO101-HATO NUEVO,3.0,Día 3,43.0,0.0,TITULAR,9000034795,,3.0,ARILEYSIS,Cargar
NO,HOME MARKET TRADICIONAL,TIENDAS,Plata,SAN CRISTOBAL,ZONA OCCIDENTAL  Y SC,9000034847,34847,COL. GUANCHO,C/ FRANCISCO DESPRADEL Ñ 10,JUAN PAULINO,SAN CRISTÓBAL,SAN CRISTÓBAL,CENTRO DE LA CIUDAD,TRADICIONAL,469,YUNIOR ARMANDO SANCHEZ ABREU,YUNIOR ARMANDO SANCHEZ ABREU,KELVIN ABAD SC,KELVIN ABAD SC,18.4042159489223,-70.1150970458984,469 SAN CRISTOBAL,ALTA RETORNABILIDAD,SIN INCIDENCIA,ICE,1162007107,Ultima Aprobada,Elegible,18.4042259,-70.11513292,18.4042259-70.11513292,ELEGIBLE,NO,T,T,HTNVO101,SAN CRISTOBAL,HTNVO101-HATO NUEVO,2.0,Día 2,35.0,0.0,TITULAR,9000034847,,2.0,ARILEYSIS,Cargar
NO,HOME MARKET TRADICIONAL,MINIMERCADOS,Plata,HATO NUEVO,ZONA OCCIDENTAL  Y SC,9000034932,34932,SUPER COLMADO EL PROGRESO,C/ PRIMERA  KM4 CAMBITA,JUAN PAULINO,SAN CRISTÓBAL,SAN CRISTÓBAL,CENTRO DEL PUEBLO,TRADICIONAL,449,CECILIO RODRIGUEZ CORPORAN,CECILIO RODRIGUEZ CORPORAN,KELVIN ABAD PLACENCIO HN,KELVIN ABAD PLACENCIO HN,18.4073176383972,-70.139554977417,449 HATO NUEVO,ALTA RETORNABILIDAD,SIN INCIDENCIA,ICE,1169004154,Ultima Aprobada,Elegible,18.40738981,-70.13957728,18.40738981-70.13957728,ELEGIBLE,NO,T,T,HTNVO101,HATO NUEVO,HTNVO101-HATO NUEVO,1.0,Día 1,10.0,0.0,TITULAR,9000034932,,1.0,ARILEYSIS,Cargar
SI,HOME MARKET TRADICIONAL,TIENDAS,ORO,HATO NUEVO,ZONA OCCIDENTAL  Y SC,9000035674,35674,COL. SANDY III,"C/LEGER, N0.59 CENTRO DE LA CIUDAD, S.C.",JUAN PAULINO,SAN CRISTÓBAL,SAN CRISTÓBAL,CENTRO DE LA CIUDAD,TRADICIONAL,446,RANDY DELGADO,RANDY DELGADO,KELVIN ABAD PLACENCIO HN,KELVIN ABAD PLACENCIO HN,18.4172871112823,-70.1098232269287,446 HATO NUEVO,BAJA RETORNABILIDAD,SIN INCIDENCIA,ICE,1169004448,Ultima Aprobada,Elegible,18.41731681,-70.10977579,18.41731681-70.10977579,ELEGIBLE,NO,T,T PANEL,HTNVO101,HATO NUEVO,HTNVO101-HATO NUEVO,3.0,Día 3,46.0,0.0,TITULAR,9000035674,,3.0,ARILEYSIS,Cargar
SI,HOME MARKET TRADICIONAL,TIENDAS,ORO,HATO NUEVO,ZONA OCCIDENTAL  Y SC,9000035684,35684,COL. COMERCIAL ERNESTO,CALLE PRIMERA 3  ZONA VERDE CENTRO,JUAN PAULINO,SAN CRISTÓBAL,SAN CRISTÓBAL,CENTRO DE LA CIUDAD,TRADICIONAL,445,JOSE ALVAREZ,JOSE ALVAREZ,KELVIN ABAD PLACENCIO HN,KELVIN ABAD PLACENCIO HN,18.4164368311564,-70.1065457661947,445 HATO NUEVO,ALTA RETORNABILIDAD,SIN INCIDENCIA,ICE,1169004452,Ultima Aprobada,Elegible,18.41643532,-70.10654294,18.41643532-70.10654294,ELEGIBLE,NO,T,T PANEL,HTNVO101,HATO NUEVO,HTNVO101-HATO NUEVO,3.0,Día 3,41.0,0.0,TITULAR,9000035684,,3.0,ARILEYSIS,Cargar
NO,HOME MARKET TRADICIONAL,TIENDAS,Plata,SANTIAGO,ZONA NORTE,9000024046,24046,COLMADO LOS MUCHACHOS,C/13 ESQ. 17 #28. CIEN FUEGO,DEYBI VARGAS,SANTIAGO,SANTIAGO,CENTRO DEL PUEBLO,TRADICIONAL,408,BRAYAN FRIAS ESPINAL,BRAYAN FRIAS ESPINAL,YOHAO TAVERAS ROSARIO,YOHAO TAVERAS ROSARIO,19.4811840057373,-70.7437705993652,408 SANTIAGO,ALTA RETORNABILIDAD,SIN INCIDENCIA,ICE,1151025850,Ultima Aprobada,Elegible,19.48113166666667,-70.74383166666667,19.4811316666667-70.7438316666667,ELEGIBLE,NO,S,S1,STIAGO107,SANTIAGO,STIAGO107-SANTIAGO,1.0,Día 1,,,SUPLENTE,9000024046,,1.0,MARTIN MARTINEZ,Cargar
NO,HOME MARKET TRADICIONAL,TIENDAS,Bronce,NAGUA,ZONA ESTE,9000041584,41584,LA TINTORERA DEL MAR,"C\ 6 EDIFICIO D1, APARTAMENTO 1A, VILLA PROGRESO",SAUL GIL,MARÍA TRINIDAD SÁNCHEZ,MARÍA TRINIDAD SÁNCHEZ,MATANCITA,TRADICIONAL,314,JOSE LUIS FEBLES BELTRAN,JOSE LUIS FEBLES BELTRAN,LEONEL ALMONTE ORTEGA,LEONEL ALMONTE ORTEGA,19.3496345943875,-69.8204040527344,314 NAGUA,BAJA RETORNABILIDAD,SIN INCIDENCIA,ICE,1152002454,Ultima Aprobada,Elegible,19.3496933,-69.8205449,19.3496933-69.8205449,ELEGIBLE,NO,T,T,NGUA106,NAGUA,NGUA106-NAGUA,1.0,Día 1,1.0,1.0,TITULAR,9000041584,,1.0,JORGE LUIS,Cargar
NO,HOME MARKET TRADICIONAL,TIENDAS,ORO,SAN CRISTOBAL,ZONA OCCIDENTAL  Y SC,9000035398,35398,COLMADO CALDERON,"LA TOMA, VILLA FUNDACION",JUAN PAULINO,SAN CRISTÓBAL,SAN CRISTÓBAL,VILLA FUNDACIÓN,TRADICIONAL,449,CECILIO RODRIGUEZ CORPORAN,CECILIO RODRIGUEZ CORPORAN,KELVIN ABAD PLACENCIO HN,KELVIN ABAD PLACENCIO HN,18.4290418624878,-70.1237306594849,449 SAN CRISTOBAL,BAJA RETORNABILIDAD,SIN INCIDENCIA,ICE,1169004327,Ultima Aprobada,Elegible,18.4290458,-70.1238212,18.4290458-70.1238212,ELEGIBLE,NO,S,S1,HTNVO101,SAN CRISTOBAL,HTNVO101-HATO NUEVO,1.0,Día 1,,,SUPLENTE,9000035398,,1.0,ARILEYSIS,Cargar
SI,HOME MARKET TRADICIONAL,TIENDAS,ORO,HATO NUEVO,ZONA OCCIDENTAL  Y SC,9000035433,35433,COL. MORETA,"C/ELCILIA PEPIN, FRENTE A LA ESCUELA DE CANASTICA",JUAN PAULINO,SAN CRISTÓBAL,SAN CRISTÓBAL,CENTRO DE LA CIUDAD,TRADICIONAL,450,PEDRO LUIS MARTINEZ,PEDRO LUIS MARTINEZ,KELVIN ABAD PLACENCIO HN,KELVIN ABAD PLACENCIO HN,18.4017028808594,-70.1268951416016,450 HATO NUEVO,ALTA RETORNABILIDAD,SIN INCIDENCIA,ICE,1169004349,Ultima Incidencia,No Elegible,18.40175915,-70.12691,18.40175915-70.12691,ELEGIBLE,NO,S,S1,HTNVO101,HATO NUEVO,HTNVO101-HATO NUEVO,1.0,Día 1,,,SUPLENTE,9000035433,,1.0,ARILEYSIS,Cargar
NO,HOME MARKET TRADICIONAL,TIENDAS,Bronce,SAN CRISTOBAL,ZONA OCCIDENTAL  Y SC,9000036302,36302,COL TONIN,"C/LOS REGIDORES ESQ. FERNANDO LA PAE,MADRE VIEJA.S",JUAN PAULINO,SAN CRISTÓBAL,SAN CRISTÓBAL,CENTRO DE LA CIUDAD,TRADICIONAL,445,JOSE ALVAREZ,JOSE ALVAREZ,KELVIN ABAD PLACENCIO HN,KELVIN ABAD PLACENCIO HN,18.4059032440186,-70.1017807006836,445 SAN CRISTOBAL,ALTA RETORNABILIDAD,SIN INCIDENCIA,ICE,1169004627,Sin Visita Efectiva,Elegible,18.4059032440186,-70.1017807006836,18.4059032440186-70.1017807006836,ELEGIBLE,NO,S,S1,HTNVO101,SAN CRISTOBAL,HTNVO101-HATO NUEVO,3.0,Día 3,,,SUPLENTE,9000036302,,3.0,ARILEYSIS,Cargar
NO,HOME MARKET TRADICIONAL,TIENDAS,Plata,SANTO DOMINGO,ZONA OCCIDENTAL  Y SC,9000060063,60063,COL VICTOR,AV DUARTE,JUAN PAULINO,DISTRITO NACIONAL,DISTRITO NACIONAL,LA ZURZA,TRADICIONAL,395,RAMON RODRIGUEZ CORNIEL,RAMON RODRIGUEZ CORNIEL,DANIEL BATISTA,DANIEL BATISTA,18.50572968,-69.91133881,395 SANTO DOMINGO,BAJA RETORNABILIDAD,SIN INCIDENCIA,TITAN,1150018034,Ultima Aprobada,Elegible,18.50562884,-69.91140817,18.50562884-69.91140817,ELEGIBLE,NO,T,T,DSTRTO105,SANTO DOMINGO,DSTRTO105-HATO NUEVO,1.0,Día 1,7.0,0.0,TITULAR,9000060063,,1.0,JEYSON VALDEZ,Cargar
SI,HOME MARKET TRADICIONAL,TIENDAS,Plata,CHARLES DE GAULLE,ZONA SD ORIENTAL,9000061145,61145,COLMADO LA VECINDAD,PROFESOR JUAN BOSH,JUNIOR RIVERA,SANTO DOMINGO,SANTO DOMINGO,SANTO DOMINGO NORTE (CENTRO),TRADICIONAL,362,STARLIN FLORENTINO,STARLIN FLORENTINO,FABIEL PEÑA,FABIEL PEÑA,18.5417242050171,-69.884786605835,362 CHARLES DE GAULLE,BAJA RETORNABILIDAD,SIN INCIDENCIA,ICE,1153011715,Ultima Aprobada,Elegible,18.54171915516786,-69.88478344103106,18.5417191551679-69.8847834410311,ELEGIBLE,NO,T,T PANEL,CHLES103,CHARLES DE GAULLE,CHLES103-CHARLES DE GAULLE,3.0,Día 3,40.0,0.0,TITULAR,9000061145,,3.0,JEAN LUIS,Cargar
SI,HOME MARKET TRADICIONAL,TIENDAS,Plata,CHARLES DE GAULLE,ZONA SD ORIENTAL,9000061336,61336,COLMADO CRISMEILI,ROMON MATIAS MELLA,JUNIOR RIVERA,SANTO DOMINGO,SANTO DOMINGO,SANTO DOMINGO NORTE (CENTRO),TRADICIONAL,363,ELIEZER DEL VILLAR,ELIEZER DEL VILLAR,FABIEL PEÑA,FABIEL PEÑA,18.5530786514282,-69.8996429443359,363 CHARLES DE GAULLE,BAJA RETORNABILIDAD,SIN INCIDENCIA,TITAN,1153011754,Ultima Aprobada,Elegible,18.553075,-69.89957833333332,18.553075-69.8995783333333,ELEGIBLE,NO,T,T PANEL,CHLES103,CHARLES DE GAULLE,CHLES103-CHARLES DE GAULLE,2.0,Día 2,30.0,0.0,TITULAR,9000061336,,2.0,JEAN LUIS,Cargar
NO,HOME MARKET TRADICIONAL,TIENDAS,Bronce,SANTIAGO,ZONA NORTE,9000067689,67689,COLMADO TAVAREZ II,CALLE PROYECTO ESQ CALLE  4,DEYBI VARGAS,SANTIAGO,SANTIAGO,LOS SALADOS,TRADICIONAL,311,BRAYAN ALVAREZ DOMINGUEZ,BRAYAN ALVAREZ DOMINGUEZ,YOHAO TAVERAS ROSARIO,YOHAO TAVERAS ROSARIO,19.4924266338348,-70.7096004486084,311 SANTIAGO,ALTA RETORNABILIDAD,SIN INCIDENCIA,ICE,1151019477,Ultima Aprobada,Elegible,19.49245901,-70.70963226,19.49245901-70.70963226,ELEGIBLE,NO,T,T,STIAGO107,SANTIAGO,STIAGO107-SANTIAGO,2.0,Día 2,19.0,0.0,TITULAR,9000067689,,2.0,MARTIN MARTINEZ,Cargar
NO,HOME MARKET TRADICIONAL,TIENDAS,Plata,HATO NUEVO,ZONA OCCIDENTAL  Y SC,9000036036,36036,COL BADEGA RIVERA,CALLE ANGOMA 10 VILLA MERCEDES,JUAN PAULINO,SAN CRISTÓBAL,SAN CRISTÓBAL,CENTRO DE LA CIUDAD,TRADICIONAL,445,JOSE ALVAREZ,JOSE ALVAREZ,KELVIN ABAD PLACENCIO HN,KELVIN ABAD PLACENCIO HN,18.40673828125,-70.1032810211182,445 HATO NUEVO,ALTA RETORNABILIDAD,SIN INCIDENCIA,ICE,1169004558,Sin Visita,Elegible,18.40673828125,-70.1032810211182,18.40673828125-70.1032810211182,ELEGIBLE,NO,T,T,HTNVO101,HATO NUEVO,HTNVO101-HATO NUEVO,3.0,Día 3,38.0,0.0,TITULAR,9000036036,,3.0,ARILEYSIS,Cargar
SI,HOME MARKET TRADICIONAL,TIENDAS,Plata,CHARLES DE GAULLE,ZONA SD ORIENTAL,9000072081,72081,COLMADO ALEGRIA,16 ESQ 24,JUNIOR RIVERA,SANTO DOMINGO,SANTO DOMINGO,SANTO DOMINGO NORTE (CENTRO),TRADICIONAL,364,JORVIN GOMEZ,JORVIN GOMEZ,FABIEL PEÑA,FABIEL PEÑA,18.5474004745483,-69.8564367294312,364 CHARLES DE GAULLE,BAJA RETORNABILIDAD,SIN INCIDENCIA,ICE,1153012452,Ultima Aprobada,Elegible,18.54741482790205,-69.856484828294,18.547414827902-69.856484828294,ELEGIBLE,NO,T,T PANEL,CHLES103,CHARLES DE GAULLE,CHLES103-CHARLES DE GAULLE,3.0,Día 3,48.0,0.0,TITULAR,9000072081,,3.0,JEAN LUIS,Cargar
SI,HOME MARKET TRADICIONAL,TIENDAS,Plata,CHARLES DE GAULLE,ZONA SD ORIENTAL,9000072339,72339,COLMAOD LOS SOCIOS,EL SOL MANZ 3 EDIF C,JUNIOR RIVERA,SANTO DOMINGO,SANTO DOMINGO,SANTO DOMINGO NORTE (CENTRO),TRADICIONAL,322,EUGENIO PEREZ,EUGENIO PEREZ,FABIEL PEÑA,FABIEL PEÑA,18.5441329479218,-69.9280138015747,322 CHARLES DE GAULLE,BAJA RETORNABILIDAD,SIN INCIDENCIA,TITAN,1153012626,Ultima Aprobada,Elegible,18.54413666666667,-69.92808166666667,18.5441366666667-69.9280816666667,ELEGIBLE,NO,T,T PANEL,CHLES103,CHARLES DE GAULLE,CHLES103-CHARLES DE GAULLE,2.0,Día 2,20.0,0.0,TITULAR,9000072339,,2.0,JEAN LUIS,Cargar
NO,HOME MARKET TRADICIONAL,MINIMERCADOS,Plata,HATO NUEVO,ZONA OCCIDENTAL  Y SC,9000074717,74717,MINI BODEGA EL PRIMO,PABLO  SEXTO,JUAN PAULINO,DISTRITO NACIONAL,DISTRITO NACIONAL,CRISTO REY,TRADICIONAL,340,STARLIN HERRERA,STARLIN HERRERA,RAMON CUELLO HN,RAMON CUELLO HN,18.5011450449626,-69.9301300048828,340 HATO NUEVO,BAJA RETORNABILIDAD,SIN INCIDENCIA,ICE,1169006506,Ultima Aprobada,Elegible,18.50124666666667,-69.930275,18.5012466666667-69.930275,ELEGIBLE,NO,T,T,DSTRTO105,HATO NUEVO,DSTRTO105-HATO NUEVO,3.0,Día 3,39.0,0.0,TITULAR,9000074717,,3.0,JEYSON VALDEZ,Cargar
NO,HOME MARKET TRADICIONAL,TIENDAS,Plata,NAGUA,ZONA ESTE,9000040907,40907,COLMADO GOMEZ (MANUEL GOMEZ),"C/PRINCIPAL,# 29 FACTORIA EL P",SAUL GIL,MARÍA TRINIDAD SÁNCHEZ,MARÍA TRINIDAD SÁNCHEZ,CENTRO DEL PUEBLO,TRADICIONAL,304,JOAQUIN CUELLO FROMETA,JOAQUIN CUELLO FROMETA,RICHARD PAREDES,RICHARD PAREDES,19.258846282959,-69.8925298055013,304 NAGUA,ALTA RETORNABILIDAD,SIN INCIDENCIA,TITAN,1152000326,Sin Visita,Elegible,19.258846282959,-69.8925298055013,19.258846282959-69.8925298055013,ELEGIBLE,NO,T,T,NGUA106,NAGUA,NGUA106-NAGUA,2.0,Día 2,36.0,0.0,TITULAR,9000040907,,2.0,JORGE LUIS,Cargar
NO,HOME MARKET TRADICIONAL,TIENDAS,Bronce,NAGUA,ZONA ESTE,9000041308,41308,COLMADO XIOMARA,CALLE LUPERON #140 SANCHEZ,SAUL GIL,SAMANÁ,SAMANÁ,CENTRO DEL PUEBLO,TRADICIONAL,308,JOSÉ JOAQUÍN VASQUEZ JIMENEZ,JOSÉ JOAQUÍN VASQUEZ JIMENEZ,LEONEL ALMONTE ORTEGA,LEONEL ALMONTE ORTEGA,19.2290832519531,-69.6147247314453,308 NAGUA,ALTA RETORNABILIDAD,SIN INCIDENCIA,ICE,1152001306,Sin Visita,Elegible,19.2290832519531,-69.6147247314453,19.2290832519531-69.6147247314453,ELEGIBLE,NO,T,T,NGUA106,NAGUA,NGUA106-NAGUA,3.0,Día 3,46.0,0.0,TITULAR,9000041308,,3.0,JORGE LUIS,Cargar
NO,HOME MARKET TRADICIONAL,TIENDAS,ORO,HATO NUEVO,ZONA OCCIDENTAL  Y SC,9000034911,34911,COL. WILLIAN,HERMANAS MIRABAL Ñ 55,JUAN PAULINO,SAN CRISTÓBAL,SAN CRISTÓBAL,CENTRO DE LA CIUDAD,TRADICIONAL,450,PEDRO LUIS MARTINEZ,PEDRO LUIS MARTINEZ,KELVIN ABAD PLACENCIO HN,KELVIN ABAD PLACENCIO HN,18.4018783569336,-70.1489601135254,450 HATO NUEVO,ALTA RETORNABILIDAD,SIN INCIDENCIA,ICE,1169004141,Sin Visita,Elegible,18.4018783569336,-70.1489601135254,18.4018783569336-70.1489601135254,ELEGIBLE,NO,S,S1,HTNVO101,HATO NUEVO,HTNVO101-HATO NUEVO,1.0,Día 1,,,SUPLENTE,9000034911,,1.0,ARILEYSIS,Cargar
SI,ON PREMISE,CAFETERIA / RESTAURANTE INFORMAL,ORO,HATO NUEVO,ZONA OCCIDENTAL  Y SC,9000098206,98206,COMEDOR NUEVO MILENIO,CARMEN MENDOZA DE CORNIEL,JUAN PAULINO,DISTRITO NACIONAL,DISTRITO NACIONAL,EL MILLÓN,TRADICIONAL,317,FREYMI JOSE CASTRO PEREZ,FREYMI JOSE CASTRO PEREZ,RAMON CUELLO HN,RAMON CUELLO HN,18.46559,-69.95266,317 HATO NUEVO,BAJA RETORNABILIDAD,SIN INCIDENCIA,ICE,1169008604,Ultima Aprobada,Elegible,18.46572375,-69.95258213,18.46572375-69.95258213,ELEGIBLE,NO,T,T PANEL,DSTRIO104,HATO NUEVO,DSTRIO104-HATO NUEVO,1.0,Día 1,6.0,0.0,TITULAR,9000098206,,1.0,JENIFER GÓMEZ,Cargar
NO,HOME MARKET TRADICIONAL,TIENDAS,Bronce,HATO NUEVO,ZONA OCCIDENTAL  Y SC,9000060858,60858,ESFUERZO SUPER FRIAS,CALLE INGENIO NUEVO,JUAN PAULINO,SAN CRISTÓBAL,SAN CRISTÓBAL,CENTRO DE LA CIUDAD,TRADICIONAL,447,JUAN DE LOS SANTOS,JUAN DE LOS SANTOS,KELVIN ABAD PLACENCIO HN,KELVIN ABAD PLACENCIO HN,18.3729842503866,-70.1505940755208,447 HATO NUEVO,ALTA RETORNABILIDAD,SIN INCIDENCIA,ICE,1169004935,Sin Visita,Elegible,18.3729842503866,-70.1505940755208,18.3729842503866-70.1505940755208,ELEGIBLE,NO,T,T,HTNVO101,HATO NUEVO,HTNVO101-HATO NUEVO,2.0,Día 2,20.0,0.0,TITULAR,9000060858,,2.0,ARILEYSIS,Cargar
NO,HOME MARKET TRADICIONAL,TIENDAS,Bronce,NAGUA,ZONA ESTE,9000081452,81452,COLMADO YENELY,BARRIO LAS FLORES LA PICHINGA DEL POZO,SAUL GIL,MARÍA TRINIDAD SÁNCHEZ,MARÍA TRINIDAD SÁNCHEZ,CENTRO DEL PUEBLO,TRADICIONAL,304,JOAQUIN CUELLO FROMETA,JOAQUIN CUELLO FROMETA,RICHARD PAREDES,RICHARD PAREDES,19.2677872975667,-69.8710734049479,304 NAGUA,ALTA RETORNABILIDAD,SIN INCIDENCIA,ICE,1152007357,Sin Visita,Elegible,19.2677872975667,-69.8710734049479,19.2677872975667-69.8710734049479,ELEGIBLE,NO,T,T,NGUA106,NAGUA,NGUA106-NAGUA,2.0,Día 2,34.0,0.0,TITULAR,9000081452,,2.0,JORGE LUIS,Cargar
NO,HOME MARKET TRADICIONAL,TIENDAS,Plata,CHARLES DE GAULLE,ZONA SD ORIENTAL,9000096567,96567,BODEGA LA ESPERANZA,1RA ESQUINA 06,JUNIOR RIVERA,SANTO DOMINGO,SANTO DOMINGO,SANTA CRUZ,TRADICIONAL,356,JONATHAN MERCEDEZ,JONATHAN MERCEDEZ,FABIEL PEÑA,FABIEL PEÑA,18.5318584442,-69.9186019897,356 CHARLES DE GAULLE,BAJA RETORNABILIDAD,SIN INCIDENCIA,ICE,1153017044,Sin Visita,Elegible,18.5318584442,-69.9186019897,18.5318584442-69.9186019897,ELEGIBLE,NO,T,T,CHLES103,CHARLES DE GAULLE,CHLES103-CHARLES DE GAULLE,1.0,Día 1,8.0,0.0,TITULAR,9000096567,,1.0,JEAN LUIS,Cargar
SI,ON PREMISE,CAFETERIA / RESTAURANTE INFORMAL,ORO,SANTIAGO,ZONA NORTE,9000102391,102391,COMEDOR EL BUEN SAZON,C CABABACOA,DEYBI VARGAS,SANTIAGO,SANTIAGO,BARRIO LINDO,C&B,373,LUIS DOMINGUEZ,LUIS DOMINGUEZ,ANTONIO JIMENEZ,ANTONIO JIMENEZ,19.42827225,-70.67794037,373 SANTIAGO,BAJA RETORNABILIDAD,SIN INCIDENCIA,ICE,1151024884,Ultima Aprobada,Elegible,19.4280285,-70.6779895,19.4280285-70.6779895,ELEGIBLE,NO,T,T PANEL,STAGO108,SANTIAGO,STAGO108-SANTIAGO,3.0,Día 3,39.0,0.0,TITULAR,9000102391,,3.0,YARLENYS,Cargar
NO,ON PREMISE,CAFETERIA / RESTAURANTE INFORMAL,ORO,SANTIAGO,ZONA NORTE,9000109161,109161,EL MENU SABROSO D MIKY,CARRETERA LUPERON,DEYBI VARGAS,SANTIAGO,SANTIAGO,GURABO,C&B,367,LUIS MANUEL PARRA RAMIREZ,LUIS MANUEL PARRA RAMIREZ,ANTONIO JIMENEZ,ANTONIO JIMENEZ,19.49559,-70.65307,367 SANTIAGO,BAJA RETORNABILIDAD,SIN INCIDENCIA,ICE,1151026751,Ultima Aprobada,Elegible,19.4955711,-70.65304858,19.4955711-70.65304858,ELEGIBLE,NO,T,T,STAGO108,SANTIAGO,STAGO108-SANTIAGO,1.0,Día 1,1.0,1.0,TITULAR,9000109161,,1.0,YARLENYS,Cargar
NO,HOME MARKET TRADICIONAL,TIENDAS,Plata,SANTIAGO,ZONA NORTE,9000123979,123979,COLMADO CHOCHO,C PRINCIPAL,DEYBI VARGAS,SANTIAGO,SANTIAGO,RAFEY,TRADICIONAL,320,YUNIOR ANTONIO GUZMAN LAMI,YUNIOR ANTONIO GUZMAN LAMI,YOHAO TAVERAS ROSARIO,YOHAO TAVERAS ROSARIO,19.465274810791,-70.7244033813476,320 SANTIAGO,ALTA RETORNABILIDAD,SIN INCIDENCIA,ICE,1151032641,Sin Visita,Elegible,19.465274810791,-70.7244033813476,19.465274810791-70.7244033813476,ELEGIBLE,NO,T,T,STIAGO107,SANTIAGO,STIAGO107-SANTIAGO,2.0,Día 2,29.0,0.0,TITULAR,9000123979,,2.0,MARTIN MARTINEZ,Cargar
SI,ON PREMISE,CAFETERIA / RESTAURANTE INFORMAL,ORO,SANTIAGO,ZONA NORTE,9000124829,124829,EL PUNTO DEL POLLO,CARRET JACAGUA LOS REYES,DEYBI VARGAS,SANTIAGO,SANTIAGO,URBANIZACIÓN LOS REYES,C&B,367,LUIS MANUEL PARRA RAMIREZ,LUIS MANUEL PARRA RAMIREZ,ANTONIO JIMENEZ,ANTONIO JIMENEZ,19.4893856048583,-70.7072143554687,367 SANTIAGO,ALTA RETORNABILIDAD,SIN INCIDENCIA,ICE,1151032812,Ultima Aprobada,Elegible,19.48978666666666,-70.70724166666668,19.4897866666667-70.7072416666667,ELEGIBLE,NO,T,T PANEL,STAGO108,SANTIAGO,STAGO108-SANTIAGO,2.0,Día 2,23.0,0.0,TITULAR,9000124829,,2.0,YARLENYS,Cargar
NO,HOME MARKET TRADICIONAL,TIENDAS,Plata,NAGUA,ZONA ESTE,9000126834,126834,COLMADO YOANNY,EL PROYECTO LOS MULTIS NO 47 MATANCITAS,SAUL GIL,MARÍA TRINIDAD SÁNCHEZ,MARÍA TRINIDAD SÁNCHEZ,MATANCITA,TRADICIONAL,314,JOSE LUIS FEBLES BELTRAN,JOSE LUIS FEBLES BELTRAN,LEONEL ALMONTE ORTEGA,LEONEL ALMONTE ORTEGA,19.3496532440185,-69.8208770751953,314 NAGUA,BAJA RETORNABILIDAD,SIN INCIDENCIA,ICE,1152009634,Ultima Aprobada,Elegible,19.34964476666666,-69.82081316666667,19.3496447666667-69.8208131666667,ELEGIBLE,NO,T,T,NGUA106,NAGUA,NGUA106-NAGUA,1.0,Día 1,2.0,0.0,TITULAR,9000126834,,1.0,JORGE LUIS,Cargar
NO,HOME MARKET TRADICIONAL,TIENDAS,Plata,SANTO DOMINGO,ZONA OCCIDENTAL  Y SC,9000128025,128025,COLMADO LA FUENTE,MANUELA DIEZ ESQ LA FUENTE,JUAN PAULINO,DISTRITO NACIONAL,DISTRITO NACIONAL,GUACHUPITA,TRADICIONAL,313,VICTOR GABRIEL MORA CIRIACO,VICTOR GABRIEL MORA CIRIACO,DANIEL BATISTA,DANIEL BATISTA,18.4948530197144,-69.8844604492188,313 SANTO DOMINGO,BAJA RETORNABILIDAD,SIN INCIDENCIA,ICE,1150034672,Ultima Aprobada,Elegible,18.5028915,-69.9173322,18.5028915-69.9173322,ELEGIBLE,NO,T,T,DSTRTO105,SANTO DOMINGO,DSTRTO105-HATO NUEVO,1.0,Día 1,6.0,0.0,TITULAR,9000128025,,1.0,JEYSON VALDEZ,Cargar
NO,HOME MARKET TRADICIONAL,TIENDAS,ORO,SANTIAGO,ZONA NORTE,9000133145,133145,SUPER MARKET LOS CERROS,C MANUEL GRULLON URBANIZACION CERRO DE GURABO,DEYBI VARGAS,SANTIAGO,SANTIAGO,GURABO,ESPECIALIZADO TRADICIONAL,374,JOSEPH MANUEL SANCHEZ NUÑEZ,JOSEPH MANUEL SANCHEZ NUÑEZ,ANTONIO JIMENEZ,ANTONIO JIMENEZ,19.46445660672538,-70.68031036153926,374 SANTIAGO,BAJA RETORNABILIDAD,SIN INCIDENCIA,TITAN,1151034518,Sin Visita,Elegible,19.46445660672538,-70.68031036153926,19.4644566067254-70.6803103615393,ELEGIBLE,NO,T,T,STAGO108,SANTIAGO,STAGO108-SANTIAGO,3.0,Día 3,49.0,0.0,TITULAR,9000133145,,3.0,YARLENYS,Cargar
NO,ON PREMISE,CAFETERIA / RESTAURANTE INFORMAL,ORO,SANTIAGO,ZONA NORTE,9000138021,138021,ALMACEN DE PROVISIONES NENO SRL,C SABANA IGLECIA,DEYBI VARGAS,SANTIAGO,SANTIAGO,CIENFUEGOS,TRADICIONAL,408,BRAYAN FRIAS ESPINAL,BRAYAN FRIAS ESPINAL,YOHAO TAVERAS ROSARIO,YOHAO TAVERAS ROSARIO,19.485064,-70.742297,408 SANTIAGO,BAJA RETORNABILIDAD,SIN INCIDENCIA,TITAN,1151035394,Sin Visita,Elegible,19.485064,-70.742297,19.485064-70.742297,ELEGIBLE,NO,T,T,STIAGO107,SANTIAGO,STIAGO107-SANTIAGO,1.0,Día 1,1.0,1.0,TITULAR,9000138021,,1.0,MARTIN MARTINEZ,Cargar
NO,HOME MARKET TRADICIONAL,TIENDAS,Bronce,SANTIAGO,ZONA NORTE,9000139832,139832,COLMADO CUEVAS,C PROYECTO MELLA 2 CIENFUEGO,DEYBI VARGAS,SANTIAGO,SANTIAGO,CIENFUEGOS,TRADICIONAL,352,SANCHEZ SOSA EDWIN,SANCHEZ SOSA EDWIN,YOHAO TAVERAS ROSARIO,YOHAO TAVERAS ROSARIO,19.4858361,-70.7404478,352 SANTIAGO,BAJA RETORNABILIDAD,SIN INCIDENCIA,ICE,1151035708,Sin Visita,Elegible,19.4858361,-70.7404478,19.4858361-70.7404478,ELEGIBLE,NO,T,T,STIAGO107,SANTIAGO,STIAGO107-SANTIAGO,1.0,Día 1,3.0,0.0,TITULAR,9000139832,,1.0,MARTIN MARTINEZ,Cargar
NO,HOME MARKET TRADICIONAL,TIENDAS,Plata,CHARLES DE GAULLE,ZONA SD ORIENTAL,9000142281,142281,COMERCIAL LAS 3S,DR NELSON ASTACIO HERRERA NO 28 VILLA MELLA,JUNIOR RIVERA,SANTO DOMINGO,SANTO DOMINGO,VILLA MELLA,TRADICIONAL,406,ONATI TRONCOSO,ONATI TRONCOSO,FABIEL PEÑA,FABIEL PEÑA,18.53858757,-69.91632843,406 CHARLES DE GAULLE,BAJA RETORNABILIDAD,SIN INCIDENCIA,ICE,1153024791,Sin Visita,Elegible,18.53858757,-69.91632843,18.53858757-69.91632843,ELEGIBLE,NO,T,T,CHLES103,CHARLES DE GAULLE,CHLES103-CHARLES DE GAULLE,1.0,Día 1,9.0,0.0,TITULAR,9000142281,,1.0,JEAN LUIS,Cargar
SI,HOME MARKET TRADICIONAL,MINIMERCADOS,ORO,CHARLES DE GAULLE,ZONA SD ORIENTAL,9000144060,144060,MINI MARKET ARCANGEL JR4,DIANA NO 534 COLINAS DEL ARROYO,JUNIOR RIVERA,SANTO DOMINGO,SANTO DOMINGO,LAS COLINAS,TRADICIONAL,325,STARLIN ENCARNACION,STARLIN ENCARNACION,FABIEL PEÑA,FABIEL PEÑA,18.5459127426147,-69.9439697265625,325 CHARLES DE GAULLE,BAJA RETORNABILIDAD,SIN INCIDENCIA,TITAN,1153025822,Ultima Aprobada,Elegible,18.546,-69.94397333333333,18.546-69.9439733333333,ELEGIBLE,NO,T,T PANEL,CHLES103,CHARLES DE GAULLE,CHLES103-CHARLES DE GAULLE,2.0,Día 2,24.0,0.0,TITULAR,9000144060,,2.0,JEAN LUIS,Cargar
NO,HOME MARKET TRADICIONAL,TIENDAS,Plata,SANTIAGO,ZONA NORTE,9000145157,145157,COLMADO JULIAN,C M LARGA,DEYBI VARGAS,SANTIAGO,SANTIAGO,LAS MERCEDES,TRADICIONAL,346,GEN HOU TSANG,GEN HOU TSANG,ALEXANDER MARTE,ALEXANDER MARTE,19.477891921997,-70.6946945190429,346 SANTIAGO,ALTA RETORNABILIDAD,SIN INCIDENCIA,ICE,1151037517,Ultima Aprobada,Elegible,19.4778841,-70.6946441,19.4778841-70.6946441,ELEGIBLE,NO,T,T,STAGO108,SANTIAGO,STAGO108-SANTIAGO,2.0,Día 2,20.0,0.0,TITULAR,9000145157,,2.0,YARLENYS,Cargar
NO,ON PREMISE,CAFETERIA / RESTAURANTE INFORMAL,Bronce,NAGUA,ZONA ESTE,9000151248,151248,PARADOR LOS GRINGOS,CARRETERA NAGUA A SANCHEZ FRENTE A PLAYA LOS GRINGOS,SAUL GIL,MARÍA TRINIDAD SÁNCHEZ,MARÍA TRINIDAD SÁNCHEZ,MATANCITA,TRADICIONAL,314,JOSE LUIS FEBLES BELTRAN,JOSE LUIS FEBLES BELTRAN,LEONEL ALMONTE ORTEGA,LEONEL ALMONTE ORTEGA,19.350984,-69.821786,314 NAGUA,ALTA RETORNABILIDAD,SIN INCIDENCIA,ICE,1152011225,Sin Visita,Elegible,19.350984,-69.821786,19.350984-69.821786,ELEGIBLE,NO,T,T,NGUA106,NAGUA,NGUA106-NAGUA,1.0,Día 1,6.0,0.0,TITULAR,9000151248,,1.0,JORGE LUIS,Cargar
SI,ON PREMISE,CAFETERIA / RESTAURANTE INFORMAL,Plata,SANTIAGO,ZONA NORTE,9000151681,151681,LA TERRAZA FEROVE SRL,C LUPERON,DEYBI VARGAS,SANTIAGO,SANTIAGO,GURABO,C&B,367,LUIS MANUEL PARRA RAMIREZ,LUIS MANUEL PARRA RAMIREZ,ANTONIO JIMENEZ,ANTONIO JIMENEZ,19.4688355539642,-70.6857956814883,367 SANTIAGO,BAJA RETORNABILIDAD,SIN INCIDENCIA,ICE,1151038552,Ultima Aprobada,Elegible,19.46884333333333,-70.68582333333333,19.4688433333333-70.6858233333333,ELEGIBLE,NO,T,T PANEL,STAGO108,SANTIAGO,STAGO108-SANTIAGO,1.0,Día 1,17.0,0.0,TITULAR,9000151681,,1.0,YARLENYS,Cargar
NO,ON PREMISE,CAFETERIA / RESTAURANTE INFORMAL,ORO,SAN CRISTOBAL,ZONA OCCIDENTAL  Y SC,9000162923,162923,DOMINOS PIZZA SAN CRISTOBAL,AV CONSTITUCION,JUAN PAULINO,SAN CRISTÓBAL,SAN CRISTÓBAL,CENTRO DE LA CIUDAD,TRADICIONAL,445,JOSE ALVAREZ,JOSE ALVAREZ,KELVIN ABAD PLACENCIO HN,KELVIN ABAD PLACENCIO HN,18.41516,-70.10999,445 SAN CRISTOBAL,BAJA RETORNABILIDAD,SIN INCIDENCIA,ICE,1169007040,Sin Visita,Elegible,18.41516,-70.10999,18.41516-70.10999,ELEGIBLE,NO,T,T,HTNVO101,SAN CRISTOBAL,HTNVO101-HATO NUEVO,3.0,Día 3,44.0,0.0,TITULAR,9000162923,,3.0,ARILEYSIS,Cargar
NO,ON PREMISE,CAFETERIA / RESTAURANTE INFORMAL,Plata,SAN CRISTOBAL,ZONA OCCIDENTAL  Y SC,9000171871,171871,AURORA TODO EN LEÑA,CARRETERA FRANCISCO DEL ROSARIO SANCHEZ,JUAN PAULINO,SAN CRISTÓBAL,SAN CRISTÓBAL,DOÑA ANA,TRADICIONAL,447,JUAN DE LOS SANTOS,JUAN DE LOS SANTOS,KELVIN ABAD PLACENCIO HN,KELVIN ABAD PLACENCIO HN,18.35796,-70.16657,447 SAN CRISTOBAL,BAJA RETORNABILIDAD,SIN INCIDENCIA,ICE,1169010567,Sin Visita,Elegible,18.35796,-70.16657,18.35796-70.16657,ELEGIBLE,NO,T,T,HTNVO101,SAN CRISTOBAL,HTNVO101-HATO NUEVO,2.0,Día 2,30.0,0.0,TITULAR,9000171871,,2.0,ARILEYSIS,Cargar
SI,HOME MARKET TRADICIONAL,TIENDAS,ORO,HATO NUEVO,ZONA OCCIDENTAL  Y SC,9000006358,6358,COLMADO Y FERRETERIA LA PLACITA,"C/ JOSE TAPIA BREA NO. 183 ENS, QUISQUEYA",JUAN PAULINO,DISTRITO NACIONAL,DISTRITO NACIONAL,QUISQUEYA,TRADICIONAL,319,WANNER DE JESUS CASTILLO VICENTE,WANNER DE JESUS CASTILLO VICENTE,RAMON CUELLO HN,RAMON CUELLO HN,18.46755219,-69.94786835,319 HATO NUEVO,BAJA RETORNABILIDAD,SIN INCIDENCIA,ICE,1169007784,Ultima Aprobada,Elegible,18.46761436,-69.94786586,18.46761436-69.94786586,ELEGIBLE,NO,T,T PANEL,DSTRIO104,HATO NUEVO,DSTRIO104-HATO NUEVO,1.0,Día 1,1.0,1.0,TITULAR,9000006358,,1.0,JENIFER GÓMEZ,Cargar
NO,ON PREMISE,CAFETERIA / RESTAURANTE INFORMAL,ORO,SAN CRISTOBAL,ZONA OCCIDENTAL  Y SC,9000169350,169350,PIZZA HUT SAN CRISTOBAL,AV CONSTITUCION CENTRO CIUDAD SC,JUAN PAULINO,SAN CRISTÓBAL,SAN CRISTÓBAL,CENTRO DE LA CIUDAD,TRADICIONAL,450,PEDRO LUIS MARTINEZ,PEDRO LUIS MARTINEZ,KELVIN ABAD PLACENCIO HN,KELVIN ABAD PLACENCIO HN,18.41812,-70.1123,450 SAN CRISTOBAL,BAJA RETORNABILIDAD,SIN INCIDENCIA,ICE,1169010277,Sin Visita,Elegible,18.41812,-70.1123,18.41812-70.1123,ELEGIBLE,NO,S,S1,HTNVO101,SAN CRISTOBAL,HTNVO101-HATO NUEVO,1.0,Día 1,,,SUPLENTE,9000169350,,1.0,ARILEYSIS,Cargar
NO,ON PREMISE,CAFETERIA / RESTAURANTE INFORMAL,Plata,SANTIAGO,ZONA NORTE,9000169864,169864,PARDOS CHICKEN,AV SALVADOR ESTRELLA LOCAL FH 418 4 PISO AGORA CENTER SANTIAGO,DEYBI VARGAS,SANTIAGO,SANTIAGO,LA TRINITARIA,C&B,366,CHRISTHIAN MERCADO,CHRISTHIAN MERCADO,ANTONIO JIMENEZ,ANTONIO JIMENEZ,19.4583,-70.6862,366 SANTIAGO,ALTA RETORNABILIDAD,SIN INCIDENCIA,ICE,1151041557,Sin Visita,Elegible,19.4583,-70.6862,19.4583-70.6862,ELEGIBLE,NO,T,T,STIAGO107,SANTIAGO,STIAGO107-SANTIAGO,3.0,Día 3,41.0,0.0,TITULAR,9000169864,,3.0,MARTIN MARTINEZ,Cargar
NO,ON PREMISE,CAFETERIA / RESTAURANTE INFORMAL,ORO,NAGUA,ZONA ESTE,9000171138,171138,DOMINOS NAGUA,AVE MARIA TRINIDAD SANCHEZ PARQUEO LA SIRENA NAGUA,SAUL GIL,MARÍA TRINIDAD SÁNCHEZ,MARÍA TRINIDAD SÁNCHEZ,CENTRO DEL PUEBLO,TRADICIONAL,302,FELIX MANUEL VALERIO,FELIX MANUEL VALERIO,RICHARD PAREDES,RICHARD PAREDES,19.373594,-69.854456,302 NAGUA,BAJA RETORNABILIDAD,SIN INCIDENCIA,ICE,1152012876,Sin Visita,Elegible,19.373594,-69.854456,19.373594-69.854456,ELEGIBLE,NO,T,T,NGUA106,NAGUA,NGUA106-NAGUA,1.0,Día 1,17.0,0.0,TITULAR,9000171138,,1.0,JORGE LUIS,Cargar
SI,HOME MARKET TRADICIONAL,TIENDAS,ORO,HATO NUEVO,ZONA OCCIDENTAL  Y SC,9000000191,191,AUTOSERVICIO ELUPINA,AV. ROMULO BETANCOURT # 1756 MIRADOR SUR,JUAN PAULINO,DISTRITO NACIONAL,DISTRITO NACIONAL,CENTRO DE LA CIUDAD,TRADICIONAL,306,ANIBAL PUELLO,ANIBAL PUELLO,RAMON CUELLO HN,RAMON CUELLO HN,18.4493,-69.9568,306 HATO NUEVO,ALTA RETORNABILIDAD,SIN INCIDENCIA,ICE,1169007453,Ultima Aprobada,Elegible,18.44924629,-69.95675039,18.44924629-69.95675039,ELEGIBLE,NO,T,T PANEL,DSTRIO104,HATO NUEVO,DSTRIO104-HATO NUEVO,2.0,Día 2,14.0,0.0,TITULAR,9000000191,,2.0,JENIFER GÓMEZ,Cargar
NO,HOME MARKET TRADICIONAL,MINIMERCADOS,ORO,HATO NUEVO,ZONA OCCIDENTAL  Y SC,9000000256,256,SUPER COLMADO BAEZ,CAÑA DULCE NO.22 SECTOR EL MILLON,JUAN PAULINO,DISTRITO NACIONAL,DISTRITO NACIONAL,EL MILLÓN,TRADICIONAL,317,FREYMI JOSE CASTRO PEREZ,FREYMI JOSE CASTRO PEREZ,RAMON CUELLO HN,RAMON CUELLO HN,18.4639490842819,-69.9549355506897,317 HATO NUEVO,BAJA RETORNABILIDAD,SIN INCIDENCIA,ICE,1169008165,Sin Visita,Elegible,18.4639490842819,-69.9549355506897,18.4639490842819-69.9549355506897,ELEGIBLE,NO,T,T,DSTRIO104,HATO NUEVO,DSTRIO104-HATO NUEVO,1.0,Día 1,7.0,0.0,TITULAR,9000000256,,1.0,JENIFER GÓMEZ,Cargar
NO,HOME MARKET TRADICIONAL,TIENDAS,ORO,HATO NUEVO,ZONA OCCIDENTAL  Y SC,9000000718,718,COLMADO KEY,"AV. TIRADENTES NO. 99 ENS, LA FE",JUAN PAULINO,DISTRITO NACIONAL,DISTRITO NACIONAL,CENTRO DE LA CIUDAD,TRADICIONAL,421,SMAYLI RAMON RODRIGUEZ QUEZADA,SMAYLI RAMON RODRIGUEZ QUEZADA,RAMON CUELLO HN,RAMON CUELLO HN,18.491508324941,-69.9297539393107,421 HATO NUEVO,ALTA RETORNABILIDAD,SIN INCIDENCIA,ICE,1169008120,Ultima Aprobada,Elegible,18.4915,-69.92979166666667,18.4915-69.9297916666667,ELEGIBLE,NO,T,T,DSTRTO105,HATO NUEVO,DSTRTO105-HATO NUEVO,2.0,Día 2,33.0,0.0,TITULAR,9000000718,,2.0,JEYSON VALDEZ,Cargar
NO,HOME MARKET TRADICIONAL,TIENDAS,ORO,HATO NUEVO,ZONA OCCIDENTAL  Y SC,9000001432,1432,BODEGA TIRADENTES,AV TIRADENTES  NACO,JUAN PAULINO,DISTRITO NACIONAL,DISTRITO NACIONAL,ENSANCHE NACO,TRADICIONAL,332,WELLINTON YSRAEL CASANOVA MONTERO,WELLINTON YSRAEL CASANOVA MONTERO,RAMON CUELLO HN,RAMON CUELLO HN,18.47439194,-69.9262619,332 HATO NUEVO,BAJA RETORNABILIDAD,SIN INCIDENCIA,ICE,1169009467,Ultima Aprobada,Elegible,18.47429528,-69.92631574,18.47429528-69.92631574,ELEGIBLE,NO,T,T,DSTRIO104,HATO NUEVO,DSTRIO104-HATO NUEVO,3.0,Día 3,33.0,0.0,TITULAR,9000001432,,3.0,JENIFER GÓMEZ,Cargar
SI,HOME MARKET TRADICIONAL,MINIMERCADOS,ORO,HATO NUEVO,ZONA OCCIDENTAL  Y SC,9000004181,4181,CLARET SUPER MARKET,"C/ EUCLIDES MORILLO #141, ENS. CLARET",JUAN PAULINO,DISTRITO NACIONAL,DISTRITO NACIONAL,CENTRO DE LA CIUDAD,TRADICIONAL,382,FRANCISCO JAVIER GOMEZ SANTIAGO,FRANCISCO JAVIER GOMEZ SANTIAGO,MICHAEL SOSA HN,MICHAEL SOSA HN,18.4870031256425,-69.9450888382761,382 HATO NUEVO,BAJA RETORNABILIDAD,SIN INCIDENCIA,ICE,1169006269,Ultima Aprobada,Elegible,18.4856138,-69.9443494,18.4856138-69.9443494,ELEGIBLE,NO,T,T PANEL,DSTRIO104,HATO NUEVO,DSTRIO104-HATO NUEVO,3.0,Día 3,28.0,0.0,TITULAR,9000004181,,3.0,JENIFER GÓMEZ,Cargar
SI,HOME MARKET TRADICIONAL,MINIMERCADOS,ORO,SANTO DOMINGO,ZONA OCCIDENTAL  Y SC,9000004320,4320,SUPER COLMADO SARASOTA I,AV SARASOTA,JUAN PAULINO,DISTRITO NACIONAL,DISTRITO NACIONAL,BELLA VISTA,TRADICIONAL,418,ESFRAILYN GALVEZ BAUTISTA,ESFRAILYN GALVEZ BAUTISTA,JUAN BATISTA,JUAN BATISTA,18.44979,-69.95045,418 SANTO DOMINGO,BAJA RETORNABILIDAD,SIN INCIDENCIA,TITAN,1150004333,Ultima Aprobada,Elegible,18.4498245,-69.9504767,18.4498245-69.9504767,ELEGIBLE,NO,T,T PANEL,DSTRIO104,SANTO DOMINGO,DSTRIO104-HATO NUEVO,2.0,Día 2,13.0,0.0,TITULAR,9000004320,,2.0,JENIFER GÓMEZ,Cargar
NO,HOME MARKET TRADICIONAL,TIENDAS,Plata,SANTO DOMINGO,ZONA OCCIDENTAL  Y SC,9000000833,833,COL ESTARLYN,EDUARDO BRITO # 25 (27 DE FEBRERO),JUAN PAULINO,DISTRITO NACIONAL,DISTRITO NACIONAL,CENTRO DE LA CIUDAD,TRADICIONAL,394,LUIS BREA JIMENEZ,LUIS BREA JIMENEZ,DANIEL BATISTA,DANIEL BATISTA,18.5025,-69.885,394 SANTO DOMINGO,ALTA RETORNABILIDAD,SIN INCIDENCIA,TITAN,1150002951,Ultima Aprobada,Elegible,18.50237302,-69.88507051,18.50237302-69.88507051,ELEGIBLE,NO,S,S1,DSTRTO105,SANTO DOMINGO,DSTRTO105-HATO NUEVO,3.0,Día 3,,,SUPLENTE,9000000833,,3.0,JEYSON VALDEZ,Cargar
SI,HOME MARKET TRADICIONAL,TIENDAS,ORO,SANTO DOMINGO,ZONA OCCIDENTAL  Y SC,9000004694,4694,COL. RAMONITA,JOSEFA BREA # 72 MEJ. SOCIAL,JUAN PAULINO,DISTRITO NACIONAL,DISTRITO NACIONAL,CENTRO DE LA CIUDAD,TRADICIONAL,314,JOSE ENMANUEL ROSARIO MERCEDES,JOSE ENMANUEL ROSARIO MERCEDES,DANIEL BATISTA,DANIEL BATISTA,18.4877,-69.89,314 SANTO DOMINGO,ALTA RETORNABILIDAD,SIN INCIDENCIA,TITAN,1150003404,Ultima Aprobada,Elegible,18.48760889,-69.8898344,18.48760889-69.8898344,ELEGIBLE,NO,T,T PANEL,DSTRTO105,SANTO DOMINGO,DSTRTO105-HATO NUEVO,2.0,Día 2,23.0,0.0,TITULAR,9000004694,,2.0,JEYSON VALDEZ,Cargar
SI,HOME MARKET TRADICIONAL,MINIMERCADOS,Plata,HATO NUEVO,ZONA OCCIDENTAL  Y SC,9000008351,8351,MINI MARKET R. GONZALEZ,LUIS AMIAMA TIO,JUAN PAULINO,DISTRITO NACIONAL,DISTRITO NACIONAL,VIEJO ARROYO HONDO,TRADICIONAL,382,FRANCISCO JAVIER GOMEZ SANTIAGO,FRANCISCO JAVIER GOMEZ SANTIAGO,MICHAEL SOSA HN,MICHAEL SOSA HN,18.50074577,-69.94287109,382 HATO NUEVO,BAJA RETORNABILIDAD,SIN INCIDENCIA,ICE,1169006280,Ultima Aprobada,Elegible,18.50060348,-69.9431109,18.50060348-69.9431109,ELEGIBLE,NO,S,S PANEL,DSTRIO104,HATO NUEVO,DSTRIO104-HATO NUEVO,2.0,Día 2,,,SUPLENTE,9000008351,,2.0,JENIFER GÓMEZ,Cargar
NO,HOME MARKET TRADICIONAL,TIENDAS,Bronce,CHARLES DE GAULLE,ZONA SD ORIENTAL,9000011687,11687,COLMADO LOS PAPUCHOS,"C/ JOSE DE LA CRUZ #21 GENOBEBA, VILLA MELLA.",JUNIOR RIVERA,SANTO DOMINGO,SANTO DOMINGO,VILLA MELLA,TRADICIONAL,363,ELIEZER DEL VILLAR,ELIEZER DEL VILLAR,FABIEL PEÑA,FABIEL PEÑA,18.5582086775038,-69.8957146538629,363 CHARLES DE GAULLE,BAJA RETORNABILIDAD,SIN INCIDENCIA,ICE,1153003236,Ultima Aprobada,Elegible,18.55824,-69.89569499999999,18.55824-69.895695,ELEGIBLE,NO,S,S1,CHLES103,CHARLES DE GAULLE,CHLES103-CHARLES DE GAULLE,2.0,Día 2,,,SUPLENTE,9000011687,,2.0,JEAN LUIS,Cargar
NO,HOME MARKET TRADICIONAL,TIENDAS,Plata,CHARLES DE GAULLE,ZONA SD ORIENTAL,9000011691,11691,COLMADO EL BARATON,C/ 2DA #36 GENOBEBA VILLA MELLA.,JUNIOR RIVERA,SANTO DOMINGO,SANTO DOMINGO,VILLA MELLA,TRADICIONAL,363,ELIEZER DEL VILLAR,ELIEZER DEL VILLAR,FABIEL PEÑA,FABIEL PEÑA,18.5583114624023,-69.8951178656684,363 CHARLES DE GAULLE,BAJA RETORNABILIDAD,SIN INCIDENCIA,ICE,1153003242,Ultima Aprobada,Elegible,18.55829833333333,-69.89514833333332,18.5582983333333-69.8951483333333,ELEGIBLE,NO,T,T,CHLES103,CHARLES DE GAULLE,CHLES103-CHARLES DE GAULLE,2.0,Día 2,33.0,0.0,TITULAR,9000011691,,2.0,JEAN LUIS,Cargar
NO,HOME MARKET TRADICIONAL,TIENDAS,Plata,CHARLES DE GAULLE,ZONA SD ORIENTAL,9000014521,14521,COLMADO LOS 2 HNOS.,MANZANA 49 NO.13 PRIMAVERAL,JUNIOR RIVERA,SANTO DOMINGO,SANTO DOMINGO,SANTO DOMINGO ESTE CENTRO,TRADICIONAL,322,EUGENIO PEREZ,EUGENIO PEREZ,FABIEL PEÑA,FABIEL PEÑA,18.5441281795502,-69.9101409912109,322 CHARLES DE GAULLE,BAJA RETORNABILIDAD,SIN INCIDENCIA,ICE,1153008592,Ultima Aprobada,Elegible,18.54411540011587,-69.91016325714654,18.5441154001159-69.9101632571465,ELEGIBLE,NO,T,T,CHLES103,CHARLES DE GAULLE,CHLES103-CHARLES DE GAULLE,1.0,Día 1,10.0,0.0,TITULAR,9000014521,,1.0,JEAN LUIS,Cargar
NO,HOME MARKET TRADICIONAL,TIENDAS,Plata,CHARLES DE GAULLE,ZONA SD ORIENTAL,9000014683,14683,COL. ORTIZ,"C/28 NO.41,CARLOS ALVAREZ",JUNIOR RIVERA,SANTO DOMINGO,SANTO DOMINGO,SANTO DOMINGO ESTE CENTRO,TRADICIONAL,324,HELDER SUERO,HELDER SUERO,FABIEL PEÑA,FABIEL PEÑA,18.556458791097,-69.9092737833659,324 CHARLES DE GAULLE,BAJA RETORNABILIDAD,SIN INCIDENCIA,ICE,1153008861,Ultima Aprobada,Elegible,18.55634413333333,-69.9092109,18.5563441333333-69.9092109,ELEGIBLE,NO,T,T,CHLES103,CHARLES DE GAULLE,CHLES103-CHARLES DE GAULLE,1.0,Día 1,15.0,0.0,TITULAR,9000014683,,1.0,JEAN LUIS,Cargar
NO,HOME MARKET TRADICIONAL,TIENDAS,Plata,CHARLES DE GAULLE,ZONA SD ORIENTAL,9000016091,16091,COLMADO SANTOS I,C/3RA N.561 GUARICANO,JUNIOR RIVERA,SANTO DOMINGO,SANTO DOMINGO,SANTO DOMINGO ESTE CENTRO,TRADICIONAL,325,STARLIN ENCARNACION,STARLIN ENCARNACION,FABIEL PEÑA,FABIEL PEÑA,18.5346193313599,-69.9400033950806,325 CHARLES DE GAULLE,BAJA RETORNABILIDAD,SIN INCIDENCIA,ICE,1153011108,Ultima Aprobada,Elegible,18.5346279,-69.9399631,18.5346279-69.9399631,ELEGIBLE,NO,T,T,CHLES103,CHARLES DE GAULLE,CHLES103-CHARLES DE GAULLE,2.0,Día 2,22.0,0.0,TITULAR,9000016091,,2.0,JEAN LUIS,Cargar
NO,HOME MARKET TRADICIONAL,TIENDAS,Bronce,SAN CRISTOBAL,ZONA OCCIDENTAL  Y SC,9000034730,34730,COL. COMERCIAL MARIÑEZ,C/ 6 DE NOVIEMBRE Ñ 42,JUAN PAULINO,SAN CRISTÓBAL,SAN CRISTÓBAL,CENTRO DE LA CIUDAD,TRADICIONAL,444,FAUSTO BRITO,FAUSTO BRITO,KELVIN ABAD PLACENCIO HN,KELVIN ABAD PLACENCIO HN,18.40182495,-70.10696411,444 SAN CRISTOBAL,ALTA RETORNABILIDAD,SIN INCIDENCIA,ICE,1169005896,Ultima Aprobada,Elegible,18.40192216,-70.10694916,18.40192216-70.10694916,ELEGIBLE,NO,S,S1,HTNVO101,SAN CRISTOBAL,HTNVO101-HATO NUEVO,2.0,Día 2,,,SUPLENTE,9000034730,,2.0,ARILEYSIS,Cargar
SI,HOME MARKET TRADICIONAL,TIENDAS,ORO,SANTIAGO,ZONA NORTE,9000017369,17369,COLMADO ENMANUEL,C/PADRE LAS CASAS #91,DEYBI VARGAS,SANTIAGO,SANTIAGO,CENTRO DEL PUEBLO,ESPECIALIZADO TRADICIONAL,374,JOSEPH MANUEL SANCHEZ NUÑEZ,JOSEPH MANUEL SANCHEZ NUÑEZ,ANTONIO JIMENEZ,ANTONIO JIMENEZ,19.4709680080414,-70.6917581558228,374 SANTIAGO,BAJA RETORNABILIDAD,SIN INCIDENCIA,TITAN,1151001410,Ultima Aprobada,Elegible,19.47091833333333,-70.69172833333333,19.4709183333333-70.6917283333333,ELEGIBLE,NO,T,T PANEL,STAGO108,SANTIAGO,STAGO108-SANTIAGO,1.0,Día 1,18.0,0.0,TITULAR,9000017369,,1.0,YARLENYS,Cargar
NO,HOME MARKET TRADICIONAL,TIENDAS,Bronce,HATO NUEVO,ZONA OCCIDENTAL  Y SC,9000034900,34900,COLMADO JOELVIN,"C/ PRINCIPAL Ñ 64, QUEMA CRETA",JUAN PAULINO,SAN CRISTÓBAL,SAN CRISTÓBAL,CENTRO DE LA CIUDAD,TRADICIONAL,447,JUAN DE LOS SANTOS,JUAN DE LOS SANTOS,KELVIN ABAD PLACENCIO HN,KELVIN ABAD PLACENCIO HN,18.3693227767944,-70.1676216125488,447 HATO NUEVO,ALTA RETORNABILIDAD,SIN INCIDENCIA,ICE,1169004134,Ultima Aprobada,Elegible,18.3693698,-70.1676236,18.3693698-70.1676236,ELEGIBLE,NO,S,S1,HTNVO101,HATO NUEVO,HTNVO101-HATO NUEVO,2.0,Día 2,,,SUPLENTE,9000034900,,2.0,ARILEYSIS,Cargar
NO,HOME MARKET TRADICIONAL,TIENDAS,Plata,SANTIAGO,ZONA NORTE,9000023317,23317,COLMADO VALDEZ,"C/5, ESQ.11 ENS. LIBERTAD",DEYBI VARGAS,SANTIAGO,SANTIAGO,CENTRO DEL PUEBLO,TRADICIONAL,378,VICTORIANO PAULINO,VICTORIANO PAULINO,YOHAO TAVERAS ROSARIO,YOHAO TAVERAS ROSARIO,19.4880027770996,-70.7243347167969,378 SANTIAGO,ALTA RETORNABILIDAD,SIN INCIDENCIA,ICE,1151014664,Ultima Aprobada,Elegible,19.48791846154031,-70.72433527733743,19.4879184615403-70.7243352773374,ELEGIBLE,NO,T,T,STIAGO107,SANTIAGO,STIAGO107-SANTIAGO,1.0,Día 1,10.0,0.0,TITULAR,9000023317,,1.0,MARTIN MARTINEZ,Cargar
NO,HOME MARKET TRADICIONAL,TIENDAS,Plata,SAN FRANCISCO,ZONA NORTE,9000030315,30315,COLMADO CHICHI,"C/PROYECTO HOSPITAL #15, CASTILLO",DEYBI VARGAS,DUARTE,DUARTE,SAN FRANCISCO DE MACORÍS (CENTRO),TRADICIONAL,337,ROBINSON CAMILO DE JESÚS,ROBINSON CAMILO DE JESÚS,DANIEL REYES GARCIA,DANIEL REYES GARCIA,19.2055085500081,-70.0252126057943,337 SAN FRANCISCO,BAJA RETORNABILIDAD,SIN INCIDENCIA,ICE,1154001022,Ultima Aprobada,Elegible,19.20567,-70.02517666666667,19.20567-70.0251766666667,ELEGIBLE,NO,T,T,NGUA106,SAN FRANCISCO,NGUA106-NAGUA,3.0,Día 3,38.0,0.0,TITULAR,9000030315,,3.0,JORGE LUIS,Cargar
NO,ON PREMISE,CAFETERIA / RESTAURANTE INFORMAL,ORO,SANTIAGO,ZONA NORTE,9000017791,17791,PIZZERIA LA ANTILLANA,"AUTOPISTA DUARTE KM.3 1/2,EMBRUJO III",DEYBI VARGAS,SANTIAGO,SANTIAGO,CENTRO DEL PUEBLO,C&B,373,LUIS DOMINGUEZ,LUIS DOMINGUEZ,ANTONIO JIMENEZ,ANTONIO JIMENEZ,19.4394966125488,-70.6671676635742,373 SANTIAGO,BAJA RETORNABILIDAD,SIN INCIDENCIA,ICE,1151002153,Sin Visita,Elegible,19.4394966125488,-70.6671676635742,19.4394966125488-70.6671676635742,ELEGIBLE,NO,T,T,STAGO108,SANTIAGO,STAGO108-SANTIAGO,3.0,Día 3,44.0,0.0,TITULAR,9000017791,,3.0,YARLENYS,Cargar
NO,HOME MARKET TRADICIONAL,TIENDAS,Plata,HATO NUEVO,ZONA OCCIDENTAL  Y SC,9000034876,34876,COL. DEYVI,"CARRETERA SANCHEZ, SAINAGUA",JUAN PAULINO,SAN CRISTÓBAL,SAN CRISTÓBAL,CENTRO DE LA CIUDAD,TRADICIONAL,450,PEDRO LUIS MARTINEZ,PEDRO LUIS MARTINEZ,KELVIN ABAD PLACENCIO HN,KELVIN ABAD PLACENCIO HN,18.38942909,-70.12521362,450 HATO NUEVO,ALTA RETORNABILIDAD,SIN INCIDENCIA,ICE,1169004121,Ultima Aprobada,Elegible,18.38944688,-70.12524842,18.38944688-70.12524842,ELEGIBLE,NO,T,T,HTNVO101,HATO NUEVO,HTNVO101-HATO NUEVO,2.0,Día 2,32.0,0.0,TITULAR,9000034876,,2.0,ARILEYSIS,Cargar
NO,HOME MARKET TRADICIONAL,TIENDAS,Plata,SAN CRISTOBAL,ZONA OCCIDENTAL  Y SC,9000034884,34884,COL. NEGRITA,LOS PRADOS YAMILE 1,JUAN PAULINO,SAN CRISTÓBAL,SAN CRISTÓBAL,CENTRO DE LA CIUDAD,TRADICIONAL,469,YUNIOR ARMANDO SANCHEZ ABREU,YUNIOR ARMANDO SANCHEZ ABREU,KELVIN ABAD SC,KELVIN ABAD SC,18.3974288304647,-70.1226666768392,469 SAN CRISTOBAL,ALTA RETORNABILIDAD,SIN INCIDENCIA,ICE,1162007292,Ultima Aprobada,Elegible,18.39744942,-70.12264733,18.39744942-70.12264733,ELEGIBLE,NO,T,T,HTNVO101,SAN CRISTOBAL,HTNVO101-HATO NUEVO,2.0,Día 2,33.0,0.0,TITULAR,9000034884,,2.0,ARILEYSIS,Cargar
NO,ON PREMISE,CAFETERIA / RESTAURANTE INFORMAL,Plata,SANTIAGO,ZONA NORTE,9000018266,18266,"BRIN MAWR CORPORATION, S.A.","ZONA FRANCA VIEJA,ENS.ESPAILLAT",DEYBI VARGAS,SANTIAGO,SANTIAGO,CENTRO DEL PUEBLO,C&B,365,JULIO DE JESUS ARACENA AYBAR,JULIO DE JESUS ARACENA AYBAR,ANTONIO JIMENEZ,ANTONIO JIMENEZ,19.4757080078125,-70.7292327880859,365 SANTIAGO,BAJA RETORNABILIDAD,SIN INCIDENCIA,ICE,1151026077,Sin Visita,Elegible,19.4757080078125,-70.7292327880859,19.4757080078125-70.7292327880859,ELEGIBLE,NO,T,T,STIAGO107,SANTIAGO,STIAGO107-SANTIAGO,2.0,Día 2,26.0,0.0,TITULAR,9000018266,,2.0,MARTIN MARTINEZ,Cargar
NO,HOME MARKET TRADICIONAL,MINIMERCADOS,Plata,SAN CRISTOBAL,ZONA OCCIDENTAL  Y SC,9000036549,36549,SUPER BODEGA CASA DE DIOS,C/JUAN THOMAS DIAZ NO.15 ESQUINA PRESIDENTE BILLIN,JUAN PAULINO,SAN CRISTÓBAL,SAN CRISTÓBAL,CENTRO DE LA CIUDAD,TRADICIONAL,446,RANDY DELGADO,RANDY DELGADO,KELVIN ABAD PLACENCIO HN,KELVIN ABAD PLACENCIO HN,18.4177375793457,-70.1149978637695,446 SAN CRISTOBAL,ALTA RETORNABILIDAD,SIN INCIDENCIA,ICE,1169004698,Ultima Aprobada,Elegible,18.41776278,-70.11502406,18.41776278-70.11502406,ELEGIBLE,NO,T,T,HTNVO101,SAN CRISTOBAL,HTNVO101-HATO NUEVO,3.0,Día 3,48.0,0.0,TITULAR,9000036549,,3.0,ARILEYSIS,Cargar
NO,HOME MARKET TRADICIONAL,TIENDAS,Bronce,NAGUA,ZONA ESTE,9000041790,41790,COLMADO TATICA,"C\PEATONAL #9 EDIFICIO 5 CASA NO. 1,VILLA PROGRESO",SAUL GIL,MARÍA TRINIDAD SÁNCHEZ,MARÍA TRINIDAD SÁNCHEZ,MATANCITA,TRADICIONAL,314,JOSE LUIS FEBLES BELTRAN,JOSE LUIS FEBLES BELTRAN,LEONEL ALMONTE ORTEGA,LEONEL ALMONTE ORTEGA,19.3490081363254,-69.8203514946832,314 NAGUA,BAJA RETORNABILIDAD,SIN INCIDENCIA,ICE,1152003103,Ultima Aprobada,Elegible,19.3490612,-69.8203386,19.3490612-69.8203386,ELEGIBLE,NO,T,T,NGUA106,NAGUA,NGUA106-NAGUA,1.0,Día 1,4.0,0.0,TITULAR,9000041790,,1.0,JORGE LUIS,Cargar
SI,HOME MARKET TRADICIONAL,MINIMERCADOS,ORO,NAGUA,ZONA ESTE,9000042134,42134,COMERCIAL JORDANIA,CALLE COSTA RICA 20 DETRAS DE LA COCACOLA,SAUL GIL,MARÍA TRINIDAD SÁNCHEZ,MARÍA TRINIDAD SÁNCHEZ,CENTRO DEL PUEBLO,TRADICIONAL,307,AZARIAS BRATINI VENTURA,AZARIAS BRATINI VENTURA,RICHARD PAREDES,RICHARD PAREDES,19.360071182251,-69.8503070407444,307 NAGUA,BAJA RETORNABILIDAD,SIN INCIDENCIA,TITAN,1152003928,Ultima Aprobada,Elegible,19.36004653333333,-69.85031973333334,19.3600465333333-69.8503197333333,ELEGIBLE,NO,T,T PANEL,NGUA106,NAGUA,NGUA106-NAGUA,1.0,Día 1,12.0,0.0,TITULAR,9000042134,,1.0,JORGE LUIS,Cargar
SI,HOME MARKET TRADICIONAL,MINIMERCADOS,Plata,HATO NUEVO,ZONA OCCIDENTAL  Y SC,9000055493,55493,SUPER COLMADO MAYITO,JUAN ALEJANDRO IBARRA,JUAN PAULINO,DISTRITO NACIONAL,DISTRITO NACIONAL,LOS RÍOS,TRADICIONAL,341,LUIS OSVALDO BIDO MONTERO,LUIS OSVALDO BIDO MONTERO,RAMON CUELLO HN,RAMON CUELLO HN,18.4859161376953,-69.9187316894531,341 HATO NUEVO,BAJA RETORNABILIDAD,SIN INCIDENCIA,ICE,1169008404,Ultima Aprobada,Elegible,18.48585422,-69.91881653,18.48585422-69.91881653,ELEGIBLE,NO,T,T PANEL,DSTRTO105,HATO NUEVO,DSTRTO105-HATO NUEVO,2.0,Día 2,29.0,0.0,TITULAR,9000055493,,2.0,JEYSON VALDEZ,Cargar
SI,HOME MARKET TRADICIONAL,TIENDAS,Plata,NAGUA,ZONA ESTE,9000111483,111483,COLMADO RAYNELY,CALLE LOS ESTUDIANTE ARENOSO,SAUL GIL,DUARTE,DUARTE,ARENOSO,TRADICIONAL,314,JOSE LUIS FEBLES BELTRAN,JOSE LUIS FEBLES BELTRAN,LEONEL ALMONTE ORTEGA,LEONEL ALMONTE ORTEGA,19.1872177124023,-69.8630676269531,314 NAGUA,ALTA RETORNABILIDAD,SIN INCIDENCIA,ICE,1152008706,Ultima Aprobada,Elegible,19.18728465,-69.86326771666667,19.18728465-69.8632677166667,ELEGIBLE,NO,S,S PANEL,NGUA106,NAGUA,NGUA106-NAGUA,1.0,Día 1,,,SUPLENTE,9000111483,,1.0,JORGE LUIS,Cargar
SI,HOME MARKET TRADICIONAL,TIENDAS,ORO,SANTIAGO,ZONA NORTE,9000122231,122231,COLMADO D IRSELIS,C PRINCIPAL PALMAR ARRIBA VILLA GONZALES,DEYBI VARGAS,SANTIAGO,SANTIAGO,PALMAR ARRIBA,TRADICIONAL,311,BRAYAN ALVAREZ DOMINGUEZ,BRAYAN ALVAREZ DOMINGUEZ,YOHAO TAVERAS ROSARIO,YOHAO TAVERAS ROSARIO,19.5465354919433,-70.7755279541015,311 SANTIAGO,ALTA RETORNABILIDAD,SIN INCIDENCIA,TITAN,1151031782,Ultima Aprobada,Elegible,19.546555,-70.77556333333334,19.546555-70.7755633333333,ELEGIBLE,NO,S,S PANEL,STIAGO107,SANTIAGO,STIAGO107-SANTIAGO,2.0,Día 2,,,SUPLENTE,9000122231,,2.0,MARTIN MARTINEZ,Cargar
SI,HOME MARKET TRADICIONAL,TIENDAS,Plata,NAGUA,ZONA ESTE,9000136413,136413,COLMADO CACERES,CALLE LUIS MOLINA VILLA RIVAS,SAUL GIL,MARÍA TRINIDAD SÁNCHEZ,MARÍA TRINIDAD SÁNCHEZ,CENTRO DEL PUEBLO,TRADICIONAL,304,JOAQUIN CUELLO FROMETA,JOAQUIN CUELLO FROMETA,RICHARD PAREDES,RICHARD PAREDES,19.18128,-69.91019,304 NAGUA,ALTA RETORNABILIDAD,SIN INCIDENCIA,ICE,1152010219,Ultima Aprobada,Elegible,19.18131893333333,-69.91020336666666,19.1813189333333-69.9102033666667,ELEGIBLE,NO,S,S PANEL,NGUA106,NAGUA,NGUA106-NAGUA,2.0,Día 2,,,SUPLENTE,9000136413,,2.0,JORGE LUIS,Cargar
NO,HOME MARKET TRADICIONAL,MINIMERCADOS,ORO,SAN CRISTOBAL,ZONA OCCIDENTAL  Y SC,9000034605,34605,SUPER MERCADO ENRIQUE,"C/BRISA DEL RIO, LOS MOLINAS, S.C.",JUAN PAULINO,SAN CRISTÓBAL,SAN CRISTÓBAL,LOS MOLINA,TRADICIONAL,450,PEDRO LUIS MARTINEZ,PEDRO LUIS MARTINEZ,KELVIN ABAD PLACENCIO HN,KELVIN ABAD PLACENCIO HN,18.4258477347238,-70.1148943219866,450 SAN CRISTOBAL,BAJA RETORNABILIDAD,SIN INCIDENCIA,ICE,1169005823,Sin Visita,Elegible,18.4258477347238,-70.1148943219866,18.4258477347238-70.1148943219866,ELEGIBLE,NO,T,T,HTNVO101,SAN CRISTOBAL,HTNVO101-HATO NUEVO,3.0,Día 3,52.0,0.0,TITULAR,9000034605,,3.0,ARILEYSIS,Cargar
SI,HOME MARKET TRADICIONAL,TIENDAS,Plata,CHARLES DE GAULLE,ZONA SD ORIENTAL,9000072334,72334,COLMADO VILLAR I,HERMANA MIRABAL,JUNIOR RIVERA,SANTO DOMINGO,SANTO DOMINGO,SANTO DOMINGO NORTE (CENTRO),TRADICIONAL,362,STARLIN FLORENTINO,STARLIN FLORENTINO,FABIEL PEÑA,FABIEL PEÑA,18.5299577713013,-69.9081354141235,362 CHARLES DE GAULLE,BAJA RETORNABILIDAD,SIN INCIDENCIA,TITAN,1153012621,Ultima Aprobada,Elegible,18.52996875472728,-69.90821006893626,18.5299687547273-69.9082100689363,ELEGIBLE,NO,T,T PANEL,CHLES103,CHARLES DE GAULLE,CHLES103-CHARLES DE GAULLE,1.0,Día 1,6.0,0.0,TITULAR,9000072334,,1.0,JEAN LUIS,Cargar
NO,HOME MARKET TRADICIONAL,TIENDAS,Plata,HATO NUEVO,ZONA OCCIDENTAL  Y SC,9000074889,74889,COL EDDY,PASEO REYES CATOLICO,JUAN PAULINO,DISTRITO NACIONAL,DISTRITO NACIONAL,CRISTO REY,TRADICIONAL,340,STARLIN HERRERA,STARLIN HERRERA,RAMON CUELLO HN,RAMON CUELLO HN,18.5055811405182,-69.926643371582,340 HATO NUEVO,BAJA RETORNABILIDAD,SIN INCIDENCIA,ICE,1169006836,Ultima Aprobada,Elegible,18.505615,-69.92663666666667,18.505615-69.9266366666667,ELEGIBLE,NO,T,T,DSTRTO105,HATO NUEVO,DSTRTO105-HATO NUEVO,3.0,Día 3,40.0,0.0,TITULAR,9000074889,,3.0,JEYSON VALDEZ,Cargar
NO,HOME MARKET TRADICIONAL,MINIMERCADOS,Bronce,SANTIAGO,ZONA NORTE,9000075260,75260,MINI MARKET POLANCO,CALLE PROYECTO,DEYBI VARGAS,SANTIAGO,SANTIAGO,LOS SALADOS,TRADICIONAL,311,BRAYAN ALVAREZ DOMINGUEZ,BRAYAN ALVAREZ DOMINGUEZ,YOHAO TAVERAS ROSARIO,YOHAO TAVERAS ROSARIO,19.4923062324524,-70.7114086151123,311 SANTIAGO,ALTA RETORNABILIDAD,SIN INCIDENCIA,ICE,1151020937,Ultima Aprobada,Elegible,19.49228112,-70.71137473,19.49228112-70.71137473,ELEGIBLE,NO,T,T,STIAGO107,SANTIAGO,STIAGO107-SANTIAGO,2.0,Día 2,20.0,0.0,TITULAR,9000075260,,2.0,MARTIN MARTINEZ,Cargar
SI,HOME MARKET TRADICIONAL,TIENDAS,ORO,CHARLES DE GAULLE,ZONA SD ORIENTAL,9000081249,81249,SUPER COLMADO EL PILAR,AVE JACOBO MAJLUTA,JUNIOR RIVERA,SANTO DOMINGO,SANTO DOMINGO,SANTO DOMINGO NORTE (CENTRO),TRADICIONAL,322,EUGENIO PEREZ,EUGENIO PEREZ,FABIEL PEÑA,FABIEL PEÑA,18.5490191323417,-69.922352382115,322 CHARLES DE GAULLE,BAJA RETORNABILIDAD,SIN INCIDENCIA,TITAN,1153014464,Ultima Aprobada,Elegible,18.5486508,-69.9224643,18.5486508-69.9224643,ELEGIBLE,NO,T,T PANEL,CHLES103,CHARLES DE GAULLE,CHLES103-CHARLES DE GAULLE,2.0,Día 2,19.0,0.0,TITULAR,9000081249,,2.0,JEAN LUIS,Cargar
NO,HOME MARKET TRADICIONAL,TIENDAS,Plata,NAGUA,ZONA ESTE,9000040926,40926,COLMADO TADEO RAMIREZ (TADEO R,C/PRINCIPAL #66 EL POZO-NAGUA,SAUL GIL,MARÍA TRINIDAD SÁNCHEZ,MARÍA TRINIDAD SÁNCHEZ,CENTRO DEL PUEBLO,TRADICIONAL,304,JOAQUIN CUELLO FROMETA,JOAQUIN CUELLO FROMETA,RICHARD PAREDES,RICHARD PAREDES,19.2648337227958,-69.8821912493025,304 NAGUA,ALTA RETORNABILIDAD,SIN INCIDENCIA,ICE,1152000366,Sin Visita,Elegible,19.2648337227958,-69.8821912493025,19.2648337227958-69.8821912493025,ELEGIBLE,NO,T,T,NGUA106,NAGUA,NGUA106-NAGUA,2.0,Día 2,33.0,0.0,TITULAR,9000040926,,2.0,JORGE LUIS,Cargar
NO,HOME MARKET TRADICIONAL,TIENDAS,ORO,NAGUA,ZONA ESTE,9000093385,93385,BODEGA LOS COMPADRES,CALLE PROGRESO,SAUL GIL,MARÍA TRINIDAD SÁNCHEZ,MARÍA TRINIDAD SÁNCHEZ,CENTRO DEL PUEBLO,TRADICIONAL,302,FELIX MANUEL VALERIO,FELIX MANUEL VALERIO,RICHARD PAREDES,RICHARD PAREDES,19.37484,-69.85126,302 NAGUA,ALTA RETORNABILIDAD,SIN INCIDENCIA,TITAN,1152007777,Sin Visita,Elegible,19.37484,-69.85126,19.37484-69.85126,ELEGIBLE,NO,S,S1,NGUA106,NAGUA,NGUA106-NAGUA,1.0,Día 1,,,SUPLENTE,9000093385,,1.0,JORGE LUIS,Cargar
NO,HOME MARKET TRADICIONAL,TIENDAS,Bronce,NAGUA,ZONA ESTE,9000042628,42628,SUPER COLMADO EL PATRON,"BARRIO CHIN, SANCHEZ",SAUL GIL,SAMANÁ,SAMANÁ,CENTRO DEL PUEBLO,TRADICIONAL,308,JOSÉ JOAQUÍN VASQUEZ JIMENEZ,JOSÉ JOAQUÍN VASQUEZ JIMENEZ,LEONEL ALMONTE ORTEGA,LEONEL ALMONTE ORTEGA,19.2306327819824,-69.6151351928711,308 NAGUA,BAJA RETORNABILIDAD,SIN INCIDENCIA,ICE,1152004733,Sin Visita,Elegible,19.2306327819824,-69.6151351928711,19.2306327819824-69.6151351928711,ELEGIBLE,NO,T,T,NGUA106,NAGUA,NGUA106-NAGUA,3.0,Día 3,47.0,0.0,TITULAR,9000042628,,3.0,JORGE LUIS,Cargar
NO,ON PREMISE,CAFETERIA / RESTAURANTE INFORMAL,ORO,CHARLES DE GAULLE,ZONA SD ORIENTAL,9000167173,167173,PERICO RIPIAO SERVICIOS,AV CHARLES DE GAULLE NO 1 SABANA PERDIDA SANTO DOMINGO NORTE,JUNIOR RIVERA,SANTO DOMINGO,SANTO DOMINGO,SABANA PERDIDA,C&B,402,YORKIS OLIVARES,YORKIS OLIVARES,CHRISTOPHER GONZALEZ,CHRISTOPHER GONZALEZ,18.5470906,-69.8832262,402 CHARLES DE GAULLE,BAJA RETORNABILIDAD,SIN INCIDENCIA,ICE,1153028023,Sin Visita,Elegible,18.5470906,-69.8832262,18.5470906-69.8832262,ELEGIBLE,NO,S,S1,CHLES103,CHARLES DE GAULLE,CHLES103-CHARLES DE GAULLE,1.0,Día 1,,,SUPLENTE,9000167173,,1.0,JEAN LUIS,Cargar
SI,HOME MARKET TRADICIONAL,TIENDAS,Plata,CHARLES DE GAULLE,ZONA SD ORIENTAL,9000096995,96995,COLMADO DARIBEL,RAMON MATIAS MELLAS,JUNIOR RIVERA,SANTO DOMINGO,SANTO DOMINGO,VILLA MELLA,TRADICIONAL,363,ELIEZER DEL VILLAR,ELIEZER DEL VILLAR,FABIEL PEÑA,FABIEL PEÑA,18.5595249176025,-69.8915771484375,363 CHARLES DE GAULLE,BAJA RETORNABILIDAD,SIN INCIDENCIA,ICE,1153017099,Ultima Aprobada,Elegible,18.55950408828927,-69.89151161752234,18.5595040882893-69.8915116175223,ELEGIBLE,NO,T,T PANEL,CHLES103,CHARLES DE GAULLE,CHLES103-CHARLES DE GAULLE,2.0,Día 2,35.0,0.0,TITULAR,9000096995,,2.0,JEAN LUIS,Cargar
NO,ON PREMISE,CAFETERIA / RESTAURANTE INFORMAL,ORO,HATO NUEVO,ZONA OCCIDENTAL  Y SC,9000006092,6092,EXPRESSO GUANGWEI LIU,"PADRO LIVIO CEDEÑO ESQ. MANUEL FLORES ENS, LA FE",JUAN PAULINO,DISTRITO NACIONAL,DISTRITO NACIONAL,CENTRO DE LA CIUDAD,TRADICIONAL,421,SMAYLI RAMON RODRIGUEZ QUEZADA,SMAYLI RAMON RODRIGUEZ QUEZADA,RAMON CUELLO HN,RAMON CUELLO HN,18.4934024810791,-69.9286499023438,421 HATO NUEVO,BAJA RETORNABILIDAD,SIN INCIDENCIA,ICE,1169007758,Ultima Aprobada,Elegible,18.49340404,-69.92887567,18.49340404-69.92887567,ELEGIBLE,NO,S,S1,DSTRTO105,HATO NUEVO,DSTRTO105-HATO NUEVO,2.0,Día 2,,,SUPLENTE,9000006092,,2.0,JEYSON VALDEZ,Cargar
NO,HOME MARKET TRADICIONAL,TIENDAS,Bronce,SAN CRISTOBAL,ZONA OCCIDENTAL  Y SC,9000085226,85226,COL LOS 4 VIENTOS,1 EL FONDO KM 4 CAMBITA,JUAN PAULINO,SAN CRISTÓBAL,SAN CRISTÓBAL,CAMBITA STERLING,TRADICIONAL,470,CARLOS JOSE REYES VIZCAINO,CARLOS JOSE REYES VIZCAINO,KELVIN ABAD SC,KELVIN ABAD SC,18.4131536483765,-70.1420021057129,470 SAN CRISTOBAL,ALTA RETORNABILIDAD,SIN INCIDENCIA,ICE,1162007270,Sin Visita,Elegible,18.4131536483765,-70.1420021057129,18.4131536483765-70.1420021057129,ELEGIBLE,NO,T,T,HTNVO101,SAN CRISTOBAL,HTNVO101-HATO NUEVO,1.0,Día 1,13.0,0.0,TITULAR,9000085226,,1.0,ARILEYSIS,Cargar
NO,HOME MARKET TRADICIONAL,TIENDAS,Plata,CHARLES DE GAULLE,ZONA SD ORIENTAL,9000100080,100080,COLMADO NUEVO AMBIENTE,PRINCIPAL,JUNIOR RIVERA,SANTO DOMINGO,SANTO DOMINGO,SOL DE LUZ,TRADICIONAL,356,JONATHAN MERCEDEZ,JONATHAN MERCEDEZ,FABIEL PEÑA,FABIEL PEÑA,18.53935051,-69.90229797,356 CHARLES DE GAULLE,BAJA RETORNABILIDAD,SIN INCIDENCIA,ICE,1153017524,Sin Visita,Elegible,18.53935051,-69.90229797,18.53935051-69.90229797,ELEGIBLE,NO,T,T,CHLES103,CHARLES DE GAULLE,CHLES103-CHARLES DE GAULLE,1.0,Día 1,57.0,0.0,TITULAR,9000100080,,1.0,JEAN LUIS,Cargar
NO,ON PREMISE,CAFETERIA / RESTAURANTE INFORMAL,Plata,SAN CRISTOBAL,ZONA OCCIDENTAL  Y SC,9000100584,100584,PLAZA COMERCIAL SANTOS Y ORTIZ,PALO INCADO CENTRO DE LA CIUDAD,JUAN PAULINO,SAN CRISTÓBAL,SAN CRISTÓBAL,CENTRO DE LA CIUDAD,TRADICIONAL,446,RANDY DELGADO,RANDY DELGADO,KELVIN ABAD PLACENCIO HN,KELVIN ABAD PLACENCIO HN,18.41683388,-70.11179352,446 SAN CRISTOBAL,ALTA RETORNABILIDAD,SIN INCIDENCIA,ICE,1169005075,Sin Visita,Elegible,18.41683388,-70.11179352,18.41683388-70.11179352,ELEGIBLE,NO,T,T,HTNVO101,SAN CRISTOBAL,HTNVO101-HATO NUEVO,3.0,Día 3,47.0,0.0,TITULAR,9000100584,,3.0,ARILEYSIS,Cargar
NO,HOME MARKET TRADICIONAL,TIENDAS,Plata,SANTO DOMINGO,ZONA OCCIDENTAL  Y SC,9000101013,101013,COL LOS HERMANITOS 2,RESP JOSEFA BREA,JUAN PAULINO,DISTRITO NACIONAL,DISTRITO NACIONAL,ENSANCHE CAPOTILLO,TRADICIONAL,395,RAMON RODRIGUEZ CORNIEL,RAMON RODRIGUEZ CORNIEL,DANIEL BATISTA,DANIEL BATISTA,18.5061082839966,-69.9034729003906,395 SANTO DOMINGO,BAJA RETORNABILIDAD,SIN INCIDENCIA,ICE,1150030666,Sin Visita,Elegible,18.5061082839966,-69.9034729003906,18.5061082839966-69.9034729003906,ELEGIBLE,NO,T,T,DSTRTO105,SANTO DOMINGO,DSTRTO105-HATO NUEVO,1.0,Día 1,11.0,0.0,TITULAR,9000101013,,1.0,JEYSON VALDEZ,Cargar
NO,HOME MARKET TRADICIONAL,TIENDAS,Plata,CHARLES DE GAULLE,ZONA SD ORIENTAL,9000118795,118795,COLMADO EL CLAVO,PROGRESO,JUNIOR RIVERA,SANTO DOMINGO,SANTO DOMINGO,VILLA MELLA,TRADICIONAL,362,STARLIN FLORENTINO,STARLIN FLORENTINO,FABIEL PEÑA,FABIEL PEÑA,18.54311943,-69.8911438,362 CHARLES DE GAULLE,BAJA RETORNABILIDAD,SIN INCIDENCIA,ICE,1153020434,Sin Visita,Elegible,18.54311943,-69.8911438,18.54311943-69.8911438,ELEGIBLE,NO,T,T,CHLES103,CHARLES DE GAULLE,CHLES103-CHARLES DE GAULLE,3.0,Día 3,39.0,0.0,TITULAR,9000118795,,3.0,JEAN LUIS,Cargar
NO,HOME MARKET TRADICIONAL,TIENDAS,Plata,SANTIAGO,ZONA NORTE,9000126352,126352,COLMADO JOSELITO,C PRINCIPAL,DEYBI VARGAS,SANTIAGO,SANTIAGO,RAFEY,TRADICIONAL,320,YUNIOR ANTONIO GUZMAN LAMI,YUNIOR ANTONIO GUZMAN LAMI,YOHAO TAVERAS ROSARIO,YOHAO TAVERAS ROSARIO,19.4655971527099,-70.7270255224609,320 SANTIAGO,ALTA RETORNABILIDAD,SIN INCIDENCIA,TITAN,1151033099,Sin Visita,Elegible,19.4655971527099,-70.7270255224609,19.4655971527099-70.7270255224609,ELEGIBLE,NO,T,T,STIAGO107,SANTIAGO,STIAGO107-SANTIAGO,2.0,Día 2,28.0,0.0,TITULAR,9000126352,,2.0,MARTIN MARTINEZ,Cargar
NO,ON PREMISE,CAFETERIA / RESTAURANTE INFORMAL,ORO,SANTIAGO,ZONA NORTE,9000129586,129586,OCIO GASTROPUB SRL,AV METROPOLITANA,DEYBI VARGAS,SANTIAGO,SANTIAGO,LOS JARDINES METROPOLITANOS,C&B,367,LUIS MANUEL PARRA RAMIREZ,LUIS MANUEL PARRA RAMIREZ,ANTONIO JIMENEZ,ANTONIO JIMENEZ,19.4644336700439,-70.6930770874023,367 SANTIAGO,BAJA RETORNABILIDAD,SIN INCIDENCIA,ICE,1151033815,Ultima Aprobada,Elegible,19.46444666666667,-70.69319999999999,19.4644466666667-70.6932,ELEGIBLE,NO,T,T,STAGO108,SANTIAGO,STAGO108-SANTIAGO,2.0,Día 2,27.0,0.0,TITULAR,9000129586,,2.0,YARLENYS,Cargar
NO,ON PREMISE,CAFETERIA / RESTAURANTE INFORMAL,Plata,SAN CRISTOBAL,ZONA OCCIDENTAL  Y SC,9000036721,36721,PARAISO DOÑA SANTA,"C/ INGENIO NUEVO ENTRANDO LA CONGA, S.C.",JUAN PAULINO,SAN CRISTÓBAL,SAN CRISTÓBAL,CENTRO DE LA CIUDAD,TRADICIONAL,450,PEDRO LUIS MARTINEZ,PEDRO LUIS MARTINEZ,KELVIN ABAD PLACENCIO HN,KELVIN ABAD PLACENCIO HN,18.40462875,-70.12046814,450 SAN CRISTOBAL,BAJA RETORNABILIDAD,SIN INCIDENCIA,ICE,1169004734,Sin Visita,Elegible,18.40462875,-70.12046814,18.40462875-70.12046814,ELEGIBLE,NO,S,S1,HTNVO101,SAN CRISTOBAL,HTNVO101-HATO NUEVO,1.0,Día 1,,,SUPLENTE,9000036721,,1.0,ARILEYSIS,Cargar
NO,ON PREMISE,CAFETERIA / RESTAURANTE INFORMAL,Plata,SAN CRISTOBAL,ZONA OCCIDENTAL  Y SC,9000149524,149524,PAPPATERRA MONTOLIO,AUT 6 DE NOVIEMBRE KM 24 FRENTE MEGA BLOCK,JUAN PAULINO,SAN CRISTÓBAL,SAN CRISTÓBAL,MADRE VIEJA DEL NORTE,TRADICIONAL,449,CECILIO RODRIGUEZ CORPORAN,CECILIO RODRIGUEZ CORPORAN,KELVIN ABAD PLACENCIO HN,KELVIN ABAD PLACENCIO HN,18.4313278,-70.1068573,449 SAN CRISTOBAL,ALTA RETORNABILIDAD,SIN INCIDENCIA,ICE,1169005444,Sin Visita,Elegible,18.4313278,-70.1068573,18.4313278-70.1068573,ELEGIBLE,NO,S,S1,HTNVO101,SAN CRISTOBAL,HTNVO101-HATO NUEVO,1.0,Día 1,,,SUPLENTE,9000149524,,1.0,ARILEYSIS,Cargar
NO,HOME MARKET TRADICIONAL,TIENDAS,ORO,SANTIAGO,ZONA NORTE,9000133465,133465,COLMADO BEATO,C 17 DE ABRIL,DEYBI VARGAS,SANTIAGO,SANTIAGO,PUEBLO NUEVO,ESPECIALIZADO TRADICIONAL,374,JOSEPH MANUEL SANCHEZ NUÑEZ,JOSEPH MANUEL SANCHEZ NUÑEZ,ANTONIO JIMENEZ,ANTONIO JIMENEZ,19.4619464874268,-70.7075119018555,374 SANTIAGO,ALTA RETORNABILIDAD,SIN INCIDENCIA,TITAN,1151034597,Sin Visita,Elegible,19.4619464874268,-70.7075119018555,19.4619464874268-70.7075119018555,ELEGIBLE,NO,T,T,STAGO108,SANTIAGO,STAGO108-SANTIAGO,2.0,Día 2,25.0,0.0,TITULAR,9000133465,,2.0,YARLENYS,Cargar
NO,HOME MARKET TRADICIONAL,TIENDAS,Bronce,SAN CRISTOBAL,ZONA OCCIDENTAL  Y SC,9000035235,35235,COL. ROSIMAR,calle alejo campusano . madre vieja sur,JUAN PAULINO,SAN CRISTÓBAL,SAN CRISTÓBAL,CENTRO DE LA CIUDAD,TRADICIONAL,445,JOSE ALVAREZ,JOSE ALVAREZ,KELVIN ABAD PLACENCIO HN,KELVIN ABAD PLACENCIO HN,18.409810702006,-70.1027119954427,445 SAN CRISTOBAL,ALTA RETORNABILIDAD,SIN INCIDENCIA,ICE,1169004271,Sin Visita,Elegible,18.409810702006,-70.1027119954427,18.409810702006-70.1027119954427,ELEGIBLE,NO,S,S1,HTNVO101,SAN CRISTOBAL,HTNVO101-HATO NUEVO,3.0,Día 3,,,SUPLENTE,9000035235,,3.0,ARILEYSIS,Cargar
SI,ON PREMISE,CAFETERIA / RESTAURANTE INFORMAL,ORO,SANTIAGO,ZONA NORTE,9000137335,137335,LOS ALAMOS,C BUENA VISTA LOS ALAMOS HATO MAYOR,DEYBI VARGAS,SANTIAGO,SANTIAGO,LOS ÁLAMOS,C&B,373,LUIS DOMINGUEZ,LUIS DOMINGUEZ,ANTONIO JIMENEZ,ANTONIO JIMENEZ,19.43508,-70.661527,373 SANTIAGO,ALTA RETORNABILIDAD,SIN INCIDENCIA,ICE,1151035283,Ultima Aprobada,Elegible,19.4350102,-70.6615252,19.4350102-70.6615252,ELEGIBLE,NO,T,T PANEL,STAGO108,SANTIAGO,STAGO108-SANTIAGO,3.0,Día 3,43.0,0.0,TITULAR,9000137335,,3.0,YARLENYS,Cargar
NO,HOME MARKET TRADICIONAL,TIENDAS,Bronce,SANTIAGO,ZONA NORTE,9000140473,140473,COLMADO ARIEL,CALLE 4 NUMERO 87 ENSANCHE ESPAILLAT,DEYBI VARGAS,SANTIAGO,SANTIAGO,ESPAILLAT,TRADICIONAL,352,SANCHEZ SOSA EDWIN,SANCHEZ SOSA EDWIN,YOHAO TAVERAS ROSARIO,YOHAO TAVERAS ROSARIO,19.4818328,-70.7320314,352 SANTIAGO,BAJA RETORNABILIDAD,SIN INCIDENCIA,ICE,1151035834,Sin Visita,Elegible,19.4818328,-70.7320314,19.4818328-70.7320314,ELEGIBLE,NO,T,T,STIAGO107,SANTIAGO,STIAGO107-SANTIAGO,2.0,Día 2,25.0,0.0,TITULAR,9000140473,,2.0,MARTIN MARTINEZ,Cargar
NO,HOME MARKET TRADICIONAL,TIENDAS,ORO,SANTIAGO,ZONA NORTE,9000141079,141079,MINI MARKET PARRA,C REPUBLICA DE ARGENTINA,DEYBI VARGAS,SANTIAGO,SANTIAGO,RINCÓN LARGO,ESPECIALIZADO TRADICIONAL,375,MANUEL RODRIGUEZ,MANUEL RODRIGUEZ,ANTONIO JIMENEZ,ANTONIO JIMENEZ,19.450729,-70.681455,375 SANTIAGO,BAJA RETORNABILIDAD,SIN INCIDENCIA,TITAN,1151035912,Sin Visita,Elegible,19.450729,-70.681455,19.450729-70.681455,ELEGIBLE,NO,T,T,STAGO108,SANTIAGO,STAGO108-SANTIAGO,3.0,Día 3,47.0,0.0,TITULAR,9000141079,,3.0,YARLENYS,Cargar
NO,HOME MARKET TRADICIONAL,MINIMERCADOS,Plata,CHARLES DE GAULLE,ZONA SD ORIENTAL,9000142939,142939,CORRALITO,JACOBO MAJLUTA NO 58 VILLA HERMOSA,JUNIOR RIVERA,SANTO DOMINGO,SANTO DOMINGO,VILLA MELLA,TRADICIONAL,406,ONATI TRONCOSO,ONATI TRONCOSO,FABIEL PEÑA,FABIEL PEÑA,18.54003143,-69.89343262,406 CHARLES DE GAULLE,BAJA RETORNABILIDAD,SIN INCIDENCIA,ICE,1153024861,Sin Visita,Elegible,18.54003143,-69.89343262,18.54003143-69.89343262,ELEGIBLE,NO,T,T,CHLES103,CHARLES DE GAULLE,CHLES103-CHARLES DE GAULLE,3.0,Día 3,38.0,0.0,TITULAR,9000142939,,3.0,JEAN LUIS,Cargar
NO,HOME MARKET TRADICIONAL,TIENDAS,Plata,SANTIAGO,ZONA NORTE,9000145637,145637,MINI MARKET SUSANA,AV JUAN PABLO DUARTE STGO CENTRO CIUDAD,DEYBI VARGAS,SANTIAGO,SANTIAGO,CENTRO DEL PUEBLO,TRADICIONAL,325,BRIAN JOSE NUÑEZ,BRIAN JOSE NUÑEZ,JUAN LUIS LA HOZ,JUAN LUIS LA HOZ,19.453901,-70.696578,325 SANTIAGO,ALTA RETORNABILIDAD,SIN INCIDENCIA,ICE,1151037612,Sin Visita,Elegible,19.453901,-70.696578,19.453901-70.696578,ELEGIBLE,NO,T,T,STAGO108,SANTIAGO,STAGO108-SANTIAGO,2.0,Día 2,29.0,0.0,TITULAR,9000145637,,2.0,YARLENYS,Cargar
NO,HOME MARKET TRADICIONAL,TIENDAS,ORO,SANTIAGO,ZONA NORTE,9000018249,18249,COLMADO PILARTE,"AV.2DA,CAMBOYA",DEYBI VARGAS,SANTIAGO,SANTIAGO,CENTRO DEL PUEBLO,TRADICIONAL,309,JUNIOR ALMANZAR,JUNIOR ALMANZAR,YOHAO TAVERAS ROSARIO,YOHAO TAVERAS ROSARIO,19.4862892150879,-70.7057952880859,309 SANTIAGO,ALTA RETORNABILIDAD,SIN INCIDENCIA,TITAN,1151002941,Ultima Aprobada,Elegible,19.48642972,-70.70578507,19.48642972-70.70578507,ELEGIBLE,NO,S,S1,STIAGO107,SANTIAGO,STIAGO107-SANTIAGO,1.0,Día 1,,,SUPLENTE,9000018249,,1.0,MARTIN MARTINEZ,Cargar
NO,HOME MARKET TRADICIONAL,TIENDAS,ORO,SANTIAGO,ZONA NORTE,9000018286,18286,COLMADO TERESA,"C/3,ESQ.C/15,ENS.LIBERTAD",DEYBI VARGAS,SANTIAGO,SANTIAGO,CENTRO DEL PUEBLO,TRADICIONAL,309,JUNIOR ALMANZAR,JUNIOR ALMANZAR,YOHAO TAVERAS ROSARIO,YOHAO TAVERAS ROSARIO,19.4869265556335,-70.7199211120605,309 SANTIAGO,ALTA RETORNABILIDAD,SIN INCIDENCIA,ICE,1151002999,Ultima Aprobada,Elegible,19.48692833333333,-70.71982166666666,19.4869283333333-70.7198216666667,ELEGIBLE,NO,S,S1,STIAGO107,SANTIAGO,STIAGO107-SANTIAGO,1.0,Día 1,,,SUPLENTE,9000018286,,1.0,MARTIN MARTINEZ,Cargar
NO,HOME MARKET TRADICIONAL,TIENDAS,ORO,SANTIAGO,ZONA NORTE,9000150868,150868,SUPER MARKET HERMANOS QUEZADA,CALLE PRINCIPAL ESQUINA CP,DEYBI VARGAS,SANTIAGO,SANTIAGO,CERRO ALTO,TRADICIONAL,380,JUNIOR REYES,JUNIOR REYES,ALEXANDER MARTE,ALEXANDER MARTE,19.4725322723388,-70.6812515258789,380 SANTIAGO,ALTA RETORNABILIDAD,SIN INCIDENCIA,TITAN,1151038370,Sin Visita,Elegible,19.4725322723388,-70.6812515258789,19.4725322723388-70.6812515258789,ELEGIBLE,NO,T,T,STAGO108,SANTIAGO,STAGO108-SANTIAGO,1.0,Día 1,16.0,0.0,TITULAR,9000150868,,1.0,YARLENYS,Cargar
NO,HOME MARKET TRADICIONAL,MINIMERCADOS,Plata,SANTIAGO,ZONA NORTE,9000151408,151408,ROMANO MINI MARKET,C PADRE QUEZADA ENS BOLIVAR STGO,DEYBI VARGAS,SANTIAGO,SANTIAGO,ENSANCHE BOLIVAR,TRADICIONAL,346,GEN HOU TSANG,GEN HOU TSANG,ALEXANDER MARTE,ALEXANDER MARTE,19.47060646388352,-70.70977161193765,346 SANTIAGO,ALTA RETORNABILIDAD,SIN INCIDENCIA,TITAN,1151038489,Ultima Aprobada,Elegible,19.4705633,-70.7098161,19.4705633-70.7098161,ELEGIBLE,NO,T,T,STAGO108,SANTIAGO,STAGO108-SANTIAGO,2.0,Día 2,24.0,0.0,TITULAR,9000151408,,2.0,YARLENYS,Cargar
NO,HOME MARKET TRADICIONAL,TIENDAS,ORO,SANTIAGO,ZONA NORTE,9000153803,153803,SUPER MINI MARKET ELVYN,C LOS MORAN LA CIENEGA STGO,DEYBI VARGAS,SANTIAGO,SANTIAGO,LA CIÉNAGA,TRADICIONAL,311,BRAYAN ALVAREZ DOMINGUEZ,BRAYAN ALVAREZ DOMINGUEZ,YOHAO TAVERAS ROSARIO,YOHAO TAVERAS ROSARIO,19.49678099321438,-70.7203328330468,311 SANTIAGO,ALTA RETORNABILIDAD,SIN INCIDENCIA,TITAN,1151039101,Ultima Aprobada,Elegible,19.49677087,-70.72028831,19.49677087-70.72028831,ELEGIBLE,NO,T,T,STIAGO107,SANTIAGO,STIAGO107-SANTIAGO,2.0,Día 2,23.0,0.0,TITULAR,9000153803,,2.0,MARTIN MARTINEZ,Cargar
NO,ON PREMISE,CAFETERIA / RESTAURANTE INFORMAL,ORO,SANTIAGO,ZONA NORTE,9000022973,22973,CACE SALUD S A,"C/DEL SOL,AREA MONUMENTAL",DEYBI VARGAS,SANTIAGO,SANTIAGO,CENTRO DEL PUEBLO,C&B,364,ISIDRO DIAZ,ISIDRO DIAZ,ANTONIO JIMENEZ,ANTONIO JIMENEZ,19.44965744,-70.69389343,364 SANTIAGO,BAJA RETORNABILIDAD,SIN INCIDENCIA,ICE,1151014183,Sin Visita,Elegible,19.44965744,-70.69389343,19.44965744-70.69389343,ELEGIBLE,NO,S,S1,STIAGO107,SANTIAGO,STIAGO107-SANTIAGO,2.0,Día 2,,,SUPLENTE,9000022973,,2.0,MARTIN MARTINEZ,Cargar
NO,ON PREMISE,CAFETERIA / RESTAURANTE INFORMAL,ORO,SANTIAGO,ZONA NORTE,9000163431,163431,PIZZA GUETTO CERRO ALTO,CALLE NO 5 CERRO ALTO,DEYBI VARGAS,SANTIAGO,SANTIAGO,CERRO ALTO,C&B,367,LUIS MANUEL PARRA RAMIREZ,LUIS MANUEL PARRA RAMIREZ,ANTONIO JIMENEZ,ANTONIO JIMENEZ,19.479631,-70.700027,367 SANTIAGO,BAJA RETORNABILIDAD,SIN INCIDENCIA,ICE,1151040850,Ultima Aprobada,Elegible,19.47955833333333,-70.69998000000001,19.4795583333333-70.69998,ELEGIBLE,NO,S,S1,STAGO108,SANTIAGO,STAGO108-SANTIAGO,1.0,Día 1,,,SUPLENTE,9000163431,,1.0,YARLENYS,Cargar
NO,HOME MARKET TRADICIONAL,TIENDAS,ORO,SANTIAGO,ZONA NORTE,9000020271,20271,COLMADO INOA,"C/2 ESQ. 14,ENS. LIBERTAD",DEYBI VARGAS,SANTIAGO,SANTIAGO,CENTRO DEL PUEBLO,TRADICIONAL,309,JUNIOR ALMANZAR,JUNIOR ALMANZAR,YOHAO TAVERAS ROSARIO,YOHAO TAVERAS ROSARIO,19.4862196786063,-70.7218791416713,309 SANTIAGO,ALTA RETORNABILIDAD,SIN INCIDENCIA,TITAN,1151007403,Ultima Aprobada,Elegible,19.486065,-70.721885,19.486065-70.721885,ELEGIBLE,NO,S,S1,STIAGO107,SANTIAGO,STIAGO107-SANTIAGO,1.0,Día 1,,,SUPLENTE,9000020271,,1.0,MARTIN MARTINEZ,Cargar
SI,HOME MARKET TRADICIONAL,TIENDAS,Plata,SANTIAGO,ZONA NORTE,9000159251,159251,D ENILY SUPER FRIA,CALLE GENEROSO DIAZ 63,DEYBI VARGAS,SANTIAGO,SANTIAGO,CECARA,TRADICIONAL,320,YUNIOR ANTONIO GUZMAN LAMI,YUNIOR ANTONIO GUZMAN LAMI,YOHAO TAVERAS ROSARIO,YOHAO TAVERAS ROSARIO,19.47296068181515,-70.70008363307727,320 SANTIAGO,ALTA RETORNABILIDAD,SIN INCIDENCIA,ICE,1151040311,Ultima Aprobada,Elegible,19.473005,-70.70000333333334,19.473005-70.7000033333333,ELEGIBLE,NO,T,T PANEL,STIAGO107,SANTIAGO,STIAGO107-SANTIAGO,3.0,Día 3,44.0,0.0,TITULAR,9000159251,,3.0,MARTIN MARTINEZ,Cargar
NO,HOME MARKET TRADICIONAL,MINIMERCADOS,Plata,HATO NUEVO,ZONA OCCIDENTAL  Y SC,9000159604,159604,SUPERMERCADO WAI PING,AV NICOLAS DE OVANDO ENSANCHE LUPERON STO DGO DN,JUAN PAULINO,DISTRITO NACIONAL,DISTRITO NACIONAL,ENSANCHE CAPOTILLO,TRADICIONAL,323,MIGUEL ABREU PINALES,MIGUEL ABREU PINALES,DANIEL BATISTA,DANIEL BATISTA,18.5039,-69.90008,323 HATO NUEVO,BAJA RETORNABILIDAD,SIN INCIDENCIA,ICE,1150041608,Sin Visita,Elegible,18.5039,-69.90008,18.5039-69.90008,ELEGIBLE,NO,T,T,DSTRTO105,HATO NUEVO,DSTRTO105-HATO NUEVO,1.0,Día 1,12.0,0.0,TITULAR,9000159604,,1.0,JEYSON VALDEZ,Cargar
NO,HOME MARKET TRADICIONAL,TIENDAS,Bronce,NAGUA,ZONA ESTE,9000160677,160677,COLMADO EL PROGRESO 2,CALLE PRINCIPAL BARRIO LAS FRLORES LA PICHINGA EL POZO CERCA COL ELIONEL,SAUL GIL,MARÍA TRINIDAD SÁNCHEZ,MARÍA TRINIDAD SÁNCHEZ,CENTRO DEL PUEBLO,TRADICIONAL,304,JOAQUIN CUELLO FROMETA,JOAQUIN CUELLO FROMETA,RICHARD PAREDES,RICHARD PAREDES,19.267436,-69.864403,304 NAGUA,ALTA RETORNABILIDAD,SIN INCIDENCIA,ICE,1152011935,Sin Visita,Elegible,19.267436,-69.864403,19.267436-69.864403,ELEGIBLE,NO,T,T,NGUA106,NAGUA,NGUA106-NAGUA,2.0,Día 2,35.0,0.0,TITULAR,9000160677,,2.0,JORGE LUIS,Cargar
NO,HOME MARKET TRADICIONAL,MINIMERCADOS,ORO,HATO NUEVO,ZONA OCCIDENTAL  Y SC,9000136268,136268,SUPERMERCADO EL INGENIO,PRINCIPAL INGENIO NUEVO,JUAN PAULINO,SAN CRISTÓBAL,SAN CRISTÓBAL,INGENIO NUEVO,TRADICIONAL,450,PEDRO LUIS MARTINEZ,PEDRO LUIS MARTINEZ,KELVIN ABAD PLACENCIO HN,KELVIN ABAD PLACENCIO HN,18.37039,-70.13355,450 HATO NUEVO,ALTA RETORNABILIDAD,SIN INCIDENCIA,ICE,1169005286,Ultima Aprobada,Elegible,18.36973757,-70.13517514,18.36973757-70.13517514,ELEGIBLE,NO,S,S1,HTNVO101,HATO NUEVO,HTNVO101-HATO NUEVO,1.0,Día 1,,,SUPLENTE,9000136268,,1.0,ARILEYSIS,Cargar
NO,ON PREMISE,CAFETERIA / RESTAURANTE INFORMAL,Bronce,SAN CRISTOBAL,ZONA OCCIDENTAL  Y SC,9000141289,141289,LOS 7 CHANGOS,EUGENIO MONTAZ MADRE VIEJA NORTE,JUAN PAULINO,SAN CRISTÓBAL,SAN CRISTÓBAL,MADRE VIEJA DEL NORTE,TRADICIONAL,445,JOSE ALVAREZ,JOSE ALVAREZ,KELVIN ABAD PLACENCIO HN,KELVIN ABAD PLACENCIO HN,18.41513443,-70.10374451,445 SAN CRISTOBAL,ALTA RETORNABILIDAD,SIN INCIDENCIA,ICE,1169005369,Sin Visita,Elegible,18.41513443,-70.10374451,18.41513443-70.10374451,ELEGIBLE,NO,S,S1,HTNVO101,SAN CRISTOBAL,HTNVO101-HATO NUEVO,3.0,Día 3,,,SUPLENTE,9000141289,,3.0,ARILEYSIS,Cargar
NO,HOME MARKET TRADICIONAL,TIENDAS,Plata,SANTIAGO,ZONA NORTE,9000166645,166645,MINI MARKET FEFO,CARRETERA LA CIENAGA SECTOR PERLA PRECIOSA NO 8,DEYBI VARGAS,SANTIAGO,SANTIAGO,LA CIÉNAGA,TRADICIONAL,311,BRAYAN ALVAREZ DOMINGUEZ,BRAYAN ALVAREZ DOMINGUEZ,YOHAO TAVERAS ROSARIO,YOHAO TAVERAS ROSARIO,19.496354,-70.717566,311 SANTIAGO,BAJA RETORNABILIDAD,SIN INCIDENCIA,ICE,1151041194,Sin Visita,Elegible,19.496354,-70.717566,19.496354-70.717566,ELEGIBLE,NO,T,T,STIAGO107,SANTIAGO,STIAGO107-SANTIAGO,2.0,Día 2,22.0,0.0,TITULAR,9000166645,,2.0,MARTIN MARTINEZ,Cargar
NO,ON PREMISE,CAFETERIA / RESTAURANTE INFORMAL,Plata,SAN CRISTOBAL,ZONA OCCIDENTAL  Y SC,9000166887,166887,POLLO SEXY,EUGENIO MONTAS PLAZA SAN CRISTOBAL,JUAN PAULINO,SAN CRISTÓBAL,SAN CRISTÓBAL,MADRE VIEJA DEL SUR,TRADICIONAL,445,JOSE ALVAREZ,JOSE ALVAREZ,KELVIN ABAD PLACENCIO HN,KELVIN ABAD PLACENCIO HN,18.41667,-70.10387,445 SAN CRISTOBAL,ALTA RETORNABILIDAD,SIN INCIDENCIA,ICE,1169007425,Sin Visita,Elegible,18.41667,-70.10387,18.41667-70.10387,ELEGIBLE,NO,T,T,HTNVO101,SAN CRISTOBAL,HTNVO101-HATO NUEVO,3.0,Día 3,40.0,0.0,TITULAR,9000166887,,3.0,ARILEYSIS,Cargar
NO,HOME MARKET TRADICIONAL,TIENDAS,Plata,SANTIAGO,ZONA NORTE,9000168609,168609,MINI MARKET YAN,CALLE PROLONGACION HOYA DE CAIMITO,DEYBI VARGAS,SANTIAGO,SANTIAGO,HOYA DEL CAIMITO,TRADICIONAL,307,JUAN ESTRELLA,JUAN ESTRELLA,ALEXANDER MARTE,ALEXANDER MARTE,19.46267,-70.6691,307 SANTIAGO,BAJA RETORNABILIDAD,SIN INCIDENCIA,ICE,1151041415,Sin Visita,Elegible,19.46267,-70.6691,19.46267-70.6691,ELEGIBLE,NO,T,T,STAGO108,SANTIAGO,STAGO108-SANTIAGO,3.0,Día 3,50.0,0.0,TITULAR,9000168609,,3.0,YARLENYS,Cargar
NO,HOME MARKET TRADICIONAL,TIENDAS,Plata,NAGUA,ZONA ESTE,9000168957,168957,D WELBIN Y CHEILA COLMADO,CALLE 2DA LOS APARTAMENTOS VILLA PROGRESO MATANCISTAS,SAUL GIL,MARÍA TRINIDAD SÁNCHEZ,MARÍA TRINIDAD SÁNCHEZ,MATANCITA,TRADICIONAL,314,JOSE LUIS FEBLES BELTRAN,JOSE LUIS FEBLES BELTRAN,LEONEL ALMONTE ORTEGA,LEONEL ALMONTE ORTEGA,19.349103,-69.821056,314 NAGUA,BAJA RETORNABILIDAD,SIN INCIDENCIA,ICE,1152012786,Sin Visita,Elegible,19.349103,-69.821056,19.349103-69.821056,ELEGIBLE,NO,T,T,NGUA106,NAGUA,NGUA106-NAGUA,1.0,Día 1,3.0,0.0,TITULAR,9000168957,,1.0,JORGE LUIS,Cargar
NO,ON PREMISE,CAFETERIA / RESTAURANTE INFORMAL,ORO,SANTIAGO,ZONA NORTE,9000166480,166480,CHICHARRON AND CIGARS LUC SRL,CARRETERA PRINCIPAL  JACAGUA SANTIAGO,DEYBI VARGAS,SANTIAGO,SANTIAGO,JACAGUA,C&B,367,LUIS MANUEL PARRA RAMIREZ,LUIS MANUEL PARRA RAMIREZ,ANTONIO JIMENEZ,ANTONIO JIMENEZ,19.51134473274359,-70.69086947667354,367 SANTIAGO,ALTA RETORNABILIDAD,SIN INCIDENCIA,ICE,1151041176,Sin Visita,Elegible,19.51134473274359,-70.69086947667354,19.5113447327436-70.6908694766735,ELEGIBLE,NO,S,S1,STAGO108,SANTIAGO,STAGO108-SANTIAGO,1.0,Día 1,,,SUPLENTE,9000166480,,1.0,YARLENYS,Cargar
SI,HOME MARKET TRADICIONAL,MINIMERCADOS,ORO,HATO NUEVO,ZONA OCCIDENTAL  Y SC,9000000307,307,SUPER BODEGA P R,307 JOSE BREA PEÑA  127 ENS QUISQUEYA,JUAN PAULINO,DISTRITO NACIONAL,DISTRITO NACIONAL,QUISQUEYA,TRADICIONAL,319,WANNER DE JESUS CASTILLO VICENTE,WANNER DE JESUS CASTILLO VICENTE,RAMON CUELLO HN,RAMON CUELLO HN,18.46724319,-69.94709015,319 HATO NUEVO,BAJA RETORNABILIDAD,SIN INCIDENCIA,ICE,1169008179,Ultima Aprobada,Elegible,18.4672391,-69.9470233,18.4672391-69.9470233,ELEGIBLE,NO,T,T PANEL,DSTRIO104,HATO NUEVO,DSTRIO104-HATO NUEVO,1.0,Día 1,3.0,0.0,TITULAR,9000000307,,1.0,JENIFER GÓMEZ,Cargar
NO,HOME MARKET TRADICIONAL,TIENDAS,ORO,HATO NUEVO,ZONA OCCIDENTAL  Y SC,9000000719,719,COLMADO HATERO,"C/ RESP. 18 ENS, LA FE",JUAN PAULINO,DISTRITO NACIONAL,DISTRITO NACIONAL,ENSANCHE LA FÉ,TRADICIONAL,421,SMAYLI RAMON RODRIGUEZ QUEZADA,SMAYLI RAMON RODRIGUEZ QUEZADA,RAMON CUELLO HN,RAMON CUELLO HN,18.4905452728271,-69.9309727061879,421 HATO NUEVO,BAJA RETORNABILIDAD,SIN INCIDENCIA,ICE,1169009435,Ultima Aprobada,Elegible,18.4904397,-69.93100954,18.4904397-69.93100954,ELEGIBLE,NO,T,T,DSTRTO105,HATO NUEVO,DSTRTO105-HATO NUEVO,2.0,Día 2,32.0,0.0,TITULAR,9000000719,,2.0,JEYSON VALDEZ,Cargar
NO,HOME MARKET TRADICIONAL,MINIMERCADOS,ORO,HATO NUEVO,ZONA OCCIDENTAL  Y SC,9000001478,1478,SUPER BODEGA PIANTINI,C/FRANCISCO PRATS RAMIREZ,JUAN PAULINO,DISTRITO NACIONAL,DISTRITO NACIONAL,PIANTINI,TRADICIONAL,332,WELLINTON YSRAEL CASANOVA MONTERO,WELLINTON YSRAEL CASANOVA MONTERO,RAMON CUELLO HN,RAMON CUELLO HN,18.46575165,-69.934021,332 HATO NUEVO,ALTA RETORNABILIDAD,SIN INCIDENCIA,ICE,1169007911,Ultima Aprobada,Elegible,18.46580241,-69.93414555,18.46580241-69.93414555,ELEGIBLE,NO,T,T,DSTRIO104,HATO NUEVO,DSTRIO104-HATO NUEVO,3.0,Día 3,34.0,0.0,TITULAR,9000001478,,3.0,JENIFER GÓMEZ,Cargar
SI,HOME MARKET TRADICIONAL,MINIMERCADOS,ORO,HATO NUEVO,ZONA OCCIDENTAL  Y SC,9000002912,2912,DELIMARKET YERIMAR,AV. ENRIQUILLO NO.3 ESQ. PRIVADA LOS ALCARIZOS,JUAN PAULINO,DISTRITO NACIONAL,DISTRITO NACIONAL,CENTRO DE LA CIUDAD,TRADICIONAL,306,ANIBAL PUELLO,ANIBAL PUELLO,RAMON CUELLO HN,RAMON CUELLO HN,18.4458923339844,-69.9608535766602,306 HATO NUEVO,ALTA RETORNABILIDAD,SIN INCIDENCIA,ICE,1169007993,Ultima Aprobada,Elegible,18.4467626,-69.9619197,18.4467626-69.9619197,ELEGIBLE,NO,T,T PANEL,DSTRIO104,HATO NUEVO,DSTRIO104-HATO NUEVO,2.0,Día 2,16.0,0.0,TITULAR,9000002912,,2.0,JENIFER GÓMEZ,Cargar
NO,HOME MARKET TRADICIONAL,TIENDAS,ORO,HATO NUEVO,ZONA OCCIDENTAL  Y SC,9000004248,4248,COLMADO HNOS MELO,C/ FELIX MOTA # 55 LOS PRADOS,JUAN PAULINO,DISTRITO NACIONAL,DISTRITO NACIONAL,LOS PRADOS,TRADICIONAL,317,FREYMI JOSE CASTRO PEREZ,FREYMI JOSE CASTRO PEREZ,RAMON CUELLO HN,RAMON CUELLO HN,18.4795398712158,-69.9592819213867,317 HATO NUEVO,BAJA RETORNABILIDAD,SIN INCIDENCIA,ICE,1169009536,Sin Visita,Elegible,18.4795398712158,-69.9592819213867,18.4795398712158-69.9592819213867,ELEGIBLE,NO,T,T,DSTRIO104,HATO NUEVO,DSTRIO104-HATO NUEVO,2.0,Día 2,23.0,0.0,TITULAR,9000004248,,2.0,JENIFER GÓMEZ,Cargar
SI,HOME MARKET TRADICIONAL,MINIMERCADOS,ORO,SANTO DOMINGO,ZONA OCCIDENTAL  Y SC,9000004779,4779,MINI MARKET NAUT,AV. SARASOTA EDIF.  NADI  BELLA VISTA,JUAN PAULINO,DISTRITO NACIONAL,DISTRITO NACIONAL,BELLA VISTA,TRADICIONAL,418,ESFRAILYN GALVEZ BAUTISTA,ESFRAILYN GALVEZ BAUTISTA,JUAN BATISTA,JUAN BATISTA,18.4571533203125,-69.935417175293,418 SANTO DOMINGO,BAJA RETORNABILIDAD,SIN INCIDENCIA,TITAN,1150004590,Ultima Aprobada,Elegible,18.4573141,-69.9355015,18.4573141-69.9355015,ELEGIBLE,NO,T,T PANEL,DSTRIO104,SANTO DOMINGO,DSTRIO104-HATO NUEVO,3.0,Día 3,35.0,0.0,TITULAR,9000004779,,3.0,JENIFER GÓMEZ,Cargar
NO,HOME MARKET TRADICIONAL,TIENDAS,Plata,SANTIAGO,ZONA NORTE,9000163136,163136,COLMADO VENTURA,CALLE 6 NO 36 CIENFUEGOS LOS SOLARES,DEYBI VARGAS,SANTIAGO,SANTIAGO,CIENFUEGOS,TRADICIONAL,408,BRAYAN FRIAS ESPINAL,BRAYAN FRIAS ESPINAL,YOHAO TAVERAS ROSARIO,YOHAO TAVERAS ROSARIO,19.491519,-70.757743,408 SANTIAGO,BAJA RETORNABILIDAD,SIN INCIDENCIA,ICE,1151040822,Ultima Aprobada,Elegible,19.49163,-70.757525,19.49163-70.757525,ELEGIBLE,NO,S,S1,STIAGO107,SANTIAGO,STIAGO107-SANTIAGO,1.0,Día 1,,,SUPLENTE,9000163136,,1.0,MARTIN MARTINEZ,Cargar
SI,HOME MARKET TRADICIONAL,MINIMERCADOS,ORO,SANTO DOMINGO,ZONA OCCIDENTAL  Y SC,9000005242,5242,SUPER COLMADO GOMEZ MEJIA,JUANA SALTITOPA MEJORAMIENTO SOCIAL,JUAN PAULINO,DISTRITO NACIONAL,DISTRITO NACIONAL,MEJORAMIENTO SOCIAL,TRADICIONAL,314,JOSE ENMANUEL ROSARIO MERCEDES,JOSE ENMANUEL ROSARIO MERCEDES,DANIEL BATISTA,DANIEL BATISTA,18.486082926,-69.891304756,314 SANTO DOMINGO,BAJA RETORNABILIDAD,SIN INCIDENCIA,TITAN,1150012725,Ultima Aprobada,Elegible,18.48604623,-69.89113832,18.48604623-69.89113832,ELEGIBLE,NO,T,T PANEL,DSTRTO105,SANTO DOMINGO,DSTRTO105-HATO NUEVO,2.0,Día 2,24.0,0.0,TITULAR,9000005242,,2.0,JEYSON VALDEZ,Cargar
SI,HOME MARKET TRADICIONAL,MINIMERCADOS,ORO,HATO NUEVO,ZONA OCCIDENTAL  Y SC,9000008299,8299,S/COL. EL MONSTRUO VERDE,"C/PRINCIPAL #12, LOS JARDINES.",JUAN PAULINO,DISTRITO NACIONAL,DISTRITO NACIONAL,CENTRO DE LA CIUDAD,TRADICIONAL,382,FRANCISCO JAVIER GOMEZ SANTIAGO,FRANCISCO JAVIER GOMEZ SANTIAGO,MICHAEL SOSA HN,MICHAEL SOSA HN,18.4845542907715,-69.9531326293945,382 HATO NUEVO,BAJA RETORNABILIDAD,SIN INCIDENCIA,ICE,1169006928,Ultima Aprobada,Elegible,18.4845619,-69.953176,18.4845619-69.953176,ELEGIBLE,NO,T,T PANEL,DSTRIO104,HATO NUEVO,DSTRIO104-HATO NUEVO,3.0,Día 3,25.0,0.0,TITULAR,9000008299,,3.0,JENIFER GÓMEZ,Cargar
NO,ON PREMISE,CAFETERIA / RESTAURANTE INFORMAL,ORO,SANTIAGO,ZONA NORTE,9000067679,67679,RESTAURANTE EL PLATO FAMILIAR DULCENIA C POR A,AV CIRCUNVALACION,DEYBI VARGAS,SANTIAGO,SANTIAGO,NIBAJE,C&B,364,ISIDRO DIAZ,ISIDRO DIAZ,ANTONIO JIMENEZ,ANTONIO JIMENEZ,19.4324684143066,-70.6945037841797,364 SANTIAGO,BAJA RETORNABILIDAD,SIN INCIDENCIA,ICE,1151019468,Ultima Aprobada,Elegible,19.43242,-70.69443,19.43242-70.69443,ELEGIBLE,NO,S,S1,STIAGO107,SANTIAGO,STIAGO107-SANTIAGO,2.0,Día 2,,,SUPLENTE,9000067679,,2.0,MARTIN MARTINEZ,Cargar
NO,HOME MARKET TRADICIONAL,TIENDAS,Plata,CHARLES DE GAULLE,ZONA SD ORIENTAL,9000012991,12991,COLMADO EL MASTER,C/26 # 27,JUNIOR RIVERA,SANTO DOMINGO,SANTO DOMINGO,SANTO DOMINGO ESTE CENTRO,TRADICIONAL,364,JORVIN GOMEZ,JORVIN GOMEZ,FABIEL PEÑA,FABIEL PEÑA,18.5495281219482,-69.8623733520508,364 CHARLES DE GAULLE,BAJA RETORNABILIDAD,SIN INCIDENCIA,ICE,1153006023,Ultima Aprobada,Elegible,18.54957017,-69.86233123,18.54957017-69.86233123,ELEGIBLE,NO,T,T,CHLES103,CHARLES DE GAULLE,CHLES103-CHARLES DE GAULLE,3.0,Día 3,44.0,0.0,TITULAR,9000012991,,3.0,JEAN LUIS,Cargar
NO,HOME MARKET TRADICIONAL,MINIMERCADOS,Plata,CHARLES DE GAULLE,ZONA SD ORIENTAL,9000013903,13903,SUPER BODEGA EL CABALLO,CARRT. LA VICTORIA ESQ. EL BONITO,JUNIOR RIVERA,SANTO DOMINGO,SANTO DOMINGO,SANTO DOMINGO NORTE (CENTRO),TRADICIONAL,363,ELIEZER DEL VILLAR,ELIEZER DEL VILLAR,FABIEL PEÑA,FABIEL PEÑA,18.5568226708306,-69.8941438462999,363 CHARLES DE GAULLE,BAJA RETORNABILIDAD,SIN INCIDENCIA,ICE,1153007453,Ultima Aprobada,Elegible,18.55682423,-69.8940643,18.55682423-69.8940643,ELEGIBLE,NO,T,T,CHLES103,CHARLES DE GAULLE,CHLES103-CHARLES DE GAULLE,2.0,Día 2,32.0,0.0,TITULAR,9000013903,,2.0,JEAN LUIS,Cargar
NO,HOME MARKET TRADICIONAL,TIENDAS,Plata,CHARLES DE GAULLE,ZONA SD ORIENTAL,9000014522,14522,COLMADO ENTREN TO II,C/ PRINCIPAL MANZANA 36 NO.15,JUNIOR RIVERA,SANTO DOMINGO,SANTO DOMINGO,SANTO DOMINGO ESTE CENTRO,TRADICIONAL,322,EUGENIO PEREZ,EUGENIO PEREZ,FABIEL PEÑA,FABIEL PEÑA,18.5437338352203,-69.9076509475708,322 CHARLES DE GAULLE,BAJA RETORNABILIDAD,SIN INCIDENCIA,ICE,1153008593,Ultima Aprobada,Elegible,18.54378412,-69.90763953,18.54378412-69.90763953,ELEGIBLE,NO,T,T,CHLES103,CHARLES DE GAULLE,CHLES103-CHARLES DE GAULLE,1.0,Día 1,11.0,0.0,TITULAR,9000014522,,1.0,JEAN LUIS,Cargar
NO,HOME MARKET TRADICIONAL,TIENDAS,Plata,CHARLES DE GAULLE,ZONA SD ORIENTAL,9000014691,14691,COLMADO VIZCAINO,"C/RESP. 28 ESQ. DUARTE NO.14,ARQUEANOS",JUNIOR RIVERA,SANTO DOMINGO,SANTO DOMINGO,SANTO DOMINGO ESTE CENTRO,TRADICIONAL,324,HELDER SUERO,HELDER SUERO,FABIEL PEÑA,FABIEL PEÑA,18.5584659576416,-69.9092407226563,324 CHARLES DE GAULLE,BAJA RETORNABILIDAD,SIN INCIDENCIA,ICE,1153008871,Ultima Aprobada,Elegible,18.5617219,-69.9157641,18.5617219-69.9157641,ELEGIBLE,NO,T,T,CHLES103,CHARLES DE GAULLE,CHLES103-CHARLES DE GAULLE,1.0,Día 1,17.0,0.0,TITULAR,9000014691,,1.0,JEAN LUIS,Cargar
NO,HOME MARKET TRADICIONAL,TIENDAS,Plata,CHARLES DE GAULLE,ZONA SD ORIENTAL,9000015046,15046,COLMADO LOANNY,"C/ PRINCIPAL #115, LOS GUARICANOS",JUNIOR RIVERA,SANTO DOMINGO,SANTO DOMINGO,SANTO DOMINGO NORTE (CENTRO),TRADICIONAL,325,STARLIN ENCARNACION,STARLIN ENCARNACION,FABIEL PEÑA,FABIEL PEÑA,18.5396919250488,-69.937707901001,325 CHARLES DE GAULLE,BAJA RETORNABILIDAD,SIN INCIDENCIA,TITAN,1153009535,Sin Visita,Elegible,18.5396919250488,-69.937707901001,18.5396919250488-69.937707901001,ELEGIBLE,NO,T,T,CHLES103,CHARLES DE GAULLE,CHLES103-CHARLES DE GAULLE,2.0,Día 2,21.0,0.0,TITULAR,9000015046,,2.0,JEAN LUIS,Cargar
NO,HOME MARKET TRADICIONAL,TIENDAS,Plata,SAN CRISTOBAL,ZONA OCCIDENTAL  Y SC,9000164420,164420,COMERCIAL LA GRAN PARADA,PADRE AYALA,JUAN PAULINO,SAN CRISTÓBAL,SAN CRISTÓBAL,CENTRO DE LA CIUDAD,TRADICIONAL,446,RANDY DELGADO,RANDY DELGADO,KELVIN ABAD PLACENCIO HN,KELVIN ABAD PLACENCIO HN,18.41607,-70.10959,446 SAN CRISTOBAL,ALTA RETORNABILIDAD,SIN INCIDENCIA,ICE,1169005755,Sin Visita,Elegible,18.41607,-70.10959,18.41607-70.10959,ELEGIBLE,NO,S,S1,HTNVO101,SAN CRISTOBAL,HTNVO101-HATO NUEVO,1.0,Día 1,,,SUPLENTE,9000164420,,1.0,ARILEYSIS,Cargar
NO,ON PREMISE,CAFETERIA / RESTAURANTE INFORMAL,Plata,CHARLES DE GAULLE,ZONA SD ORIENTAL,9000016304,16304,SUPER COL MI PROPIO ESFUERZO,AV. HERMANAS MIRABAL PLAZA MAX. GOMEZ N.103,JUNIOR RIVERA,SANTO DOMINGO,SANTO DOMINGO,SANTO DOMINGO ESTE CENTRO,C&B,402,YORKIS OLIVARES,YORKIS OLIVARES,CHRISTOPHER GONZALEZ,CHRISTOPHER GONZALEZ,18.53451347,-69.90357208,402 CHARLES DE GAULLE,BAJA RETORNABILIDAD,SIN INCIDENCIA,ICE,1153011338,Sin Visita,Elegible,18.53451347,-69.90357208,18.53451347-69.90357208,ELEGIBLE,NO,T,T,CHLES103,CHARLES DE GAULLE,CHLES103-CHARLES DE GAULLE,1.0,Día 1,4.0,0.0,TITULAR,9000016304,,1.0,JEAN LUIS,Cargar
NO,ON PREMISE,CAFETERIA / RESTAURANTE INFORMAL,Plata,SANTIAGO,ZONA NORTE,9000018275,18275,F.F.V CONECTOR,ZONA FRANCA ALTO DE RAFEY,DEYBI VARGAS,SANTIAGO,SANTIAGO,CENTRO DEL PUEBLO,C&B,365,JULIO DE JESUS ARACENA AYBAR,JULIO DE JESUS ARACENA AYBAR,ANTONIO JIMENEZ,ANTONIO JIMENEZ,19.4751710891724,-70.7310791015625,365 SANTIAGO,BAJA RETORNABILIDAD,SIN INCIDENCIA,ICE,1151026080,Sin Visita,Elegible,19.4751710891724,-70.7310791015625,19.4751710891724-70.7310791015625,ELEGIBLE,NO,T,T,STIAGO107,SANTIAGO,STIAGO107-SANTIAGO,2.0,Día 2,27.0,0.0,TITULAR,9000018275,,2.0,MARTIN MARTINEZ,Cargar
NO,HOME MARKET TRADICIONAL,TIENDAS,Plata,SAN FRANCISCO,ZONA NORTE,9000031139,31139,COLMADO NEREYDA,C/JUANA DIAZ #41 CASTILLO,DEYBI VARGAS,DUARTE,DUARTE,SAN FRANCISCO DE MACORÍS (CENTRO),TRADICIONAL,337,ROBINSON CAMILO DE JESÚS,ROBINSON CAMILO DE JESÚS,DANIEL REYES GARCIA,DANIEL REYES GARCIA,19.2208134333293,-70.0335413614909,337 SAN FRANCISCO,BAJA RETORNABILIDAD,SIN INCIDENCIA,ICE,1154002280,Sin Visita,Elegible,19.2208134333293,-70.0335413614909,19.2208134333293-70.0335413614909,ELEGIBLE,NO,T,T,NGUA106,SAN FRANCISCO,NGUA106-NAGUA,3.0,Día 3,42.0,0.0,TITULAR,9000031139,,3.0,JORGE LUIS,Cargar
NO,HOME MARKET TRADICIONAL,TIENDAS,Plata,HATO NUEVO,ZONA OCCIDENTAL  Y SC,9000035627,35627,COL. DULCE,BUENOS AIRES,JUAN PAULINO,SAN CRISTÓBAL,SAN CRISTÓBAL,LOS MOLINA,TRADICIONAL,450,PEDRO LUIS MARTINEZ,PEDRO LUIS MARTINEZ,KELVIN ABAD PLACENCIO HN,KELVIN ABAD PLACENCIO HN,18.42672348,-70.11436462,450 HATO NUEVO,BAJA RETORNABILIDAD,SIN INCIDENCIA,ICE,1169004429,Sin Visita,Elegible,18.42672348,-70.11436462,18.42672348-70.11436462,ELEGIBLE,NO,T,T,HTNVO101,HATO NUEVO,HTNVO101-HATO NUEVO,3.0,Día 3,53.0,0.0,TITULAR,9000035627,,3.0,ARILEYSIS,Cargar
NO,HOME MARKET TRADICIONAL,TIENDAS,Plata,SAN CRISTOBAL,ZONA OCCIDENTAL  Y SC,9000035652,35652,COL ARAUJO 8VO,"CALLE FERNANDO LA PAIX.11 , MADRE VIEJA SUR",JUAN PAULINO,SAN CRISTÓBAL,SAN CRISTÓBAL,CENTRO DE LA CIUDAD,TRADICIONAL,445,JOSE ALVAREZ,JOSE ALVAREZ,KELVIN ABAD PLACENCIO HN,KELVIN ABAD PLACENCIO HN,18.4138863881429,-70.1031875610352,445 SAN CRISTOBAL,ALTA RETORNABILIDAD,SIN INCIDENCIA,ICE,1169004439,Sin Visita,Elegible,18.4138863881429,-70.1031875610352,18.4138863881429-70.1031875610352,ELEGIBLE,NO,T,T,HTNVO101,SAN CRISTOBAL,HTNVO101-HATO NUEVO,3.0,Día 3,39.0,0.0,TITULAR,9000035652,,3.0,ARILEYSIS,Cargar
NO,HOME MARKET TRADICIONAL,MINIMERCADOS,Plata,HATO NUEVO,ZONA OCCIDENTAL  Y SC,9000074892,74892,SM EL PRIMO IV,SAN JUAN,JUAN PAULINO,DISTRITO NACIONAL,DISTRITO NACIONAL,CRISTO REY,TRADICIONAL,340,STARLIN HERRERA,STARLIN HERRERA,RAMON CUELLO HN,RAMON CUELLO HN,18.5008115768433,-69.9281921386719,340 HATO NUEVO,BAJA RETORNABILIDAD,SIN INCIDENCIA,ICE,1169009678,Ultima Aprobada,Elegible,18.49404836,-69.92683156,18.49404836-69.92683156,ELEGIBLE,NO,T,T,DSTRTO105,HATO NUEVO,DSTRTO105-HATO NUEVO,3.0,Día 3,41.0,0.0,TITULAR,9000074892,,3.0,JEYSON VALDEZ,Cargar
SI,HOME MARKET TRADICIONAL,TIENDAS,Plata,HATO NUEVO,ZONA OCCIDENTAL  Y SC,9000091923,91923,BODEGA L Y M,LUIS ALBERTI LAVA PIES,JUAN PAULINO,SAN CRISTÓBAL,SAN CRISTÓBAL,LAVAPIE,TRADICIONAL,446,RANDY DELGADO,RANDY DELGADO,KELVIN ABAD PLACENCIO HN,KELVIN ABAD PLACENCIO HN,18.4060022830963,-70.108512878418,446 HATO NUEVO,ALTA RETORNABILIDAD,SIN INCIDENCIA,ICE,1169005038,Ultima Aprobada,Elegible,18.40604959,-70.10846416,18.40604959-70.10846416,ELEGIBLE,NO,T,T PANEL,HTNVO101,HATO NUEVO,HTNVO101-HATO NUEVO,3.0,Día 3,37.0,0.0,TITULAR,9000091923,,3.0,ARILEYSIS,Cargar
NO,HOME MARKET TRADICIONAL,TIENDAS,Plata,SAN CRISTOBAL,ZONA OCCIDENTAL  Y SC,9000034644,34644,COL. MIRADOR SUR,C/ GRAL. LEGER Ñ 151,JUAN PAULINO,SAN CRISTÓBAL,SAN CRISTÓBAL,CENTRO DE LA CIUDAD,TRADICIONAL,450,PEDRO LUIS MARTINEZ,PEDRO LUIS MARTINEZ,KELVIN ABAD PLACENCIO HN,KELVIN ABAD PLACENCIO HN,18.420957837786,-70.1124027797154,450 SAN CRISTOBAL,ALTA RETORNABILIDAD,SIN INCIDENCIA,ICE,1169005843,Ultima Aprobada,Elegible,18.42103956732899,-70.11236814782023,18.421039567329-70.1123681478202,ELEGIBLE,NO,S,S1,HTNVO101,SAN CRISTOBAL,HTNVO101-HATO NUEVO,1.0,Día 1,,,SUPLENTE,9000034644,,1.0,ARILEYSIS,Cargar
NO,HOME MARKET TRADICIONAL,TIENDAS,Bronce,HATO NUEVO,ZONA OCCIDENTAL  Y SC,9000034930,34930,COL. CHAVELA,BUEN PASTOR 20,JUAN PAULINO,SAN CRISTÓBAL,SAN CRISTÓBAL,CENTRO DE LA CIUDAD,TRADICIONAL,447,JUAN DE LOS SANTOS,JUAN DE LOS SANTOS,KELVIN ABAD PLACENCIO HN,KELVIN ABAD PLACENCIO HN,18.38199234,-70.15309143,447 HATO NUEVO,ALTA RETORNABILIDAD,SIN INCIDENCIA,ICE,1169004152,Sin Visita Efectiva,Elegible,18.38199234,-70.15309143,18.38199234-70.15309143,ELEGIBLE,NO,S,S1,HTNVO101,HATO NUEVO,HTNVO101-HATO NUEVO,2.0,Día 2,,,SUPLENTE,9000034930,,2.0,ARILEYSIS,Cargar
SI,HOME MARKET TRADICIONAL,TIENDAS,Plata,HATO NUEVO,ZONA OCCIDENTAL  Y SC,9000035689,35689,COL. LA CHINA,"CALLE PRIMERA 45 , EL POMIEL",JUAN PAULINO,SAN CRISTÓBAL,SAN CRISTÓBAL,CENTRO DE LA CIUDAD,TRADICIONAL,449,CECILIO RODRIGUEZ CORPORAN,CECILIO RODRIGUEZ CORPORAN,KELVIN ABAD PLACENCIO HN,KELVIN ABAD PLACENCIO HN,18.4627316792806,-70.1366322835286,449 HATO NUEVO,ALTA RETORNABILIDAD,SIN INCIDENCIA,ICE,1169004455,Ultima Aprobada,Elegible,18.46281865,-70.13677685,18.46281865-70.13677685,ELEGIBLE,NO,S,S PANEL,HTNVO101,HATO NUEVO,HTNVO101-HATO NUEVO,1.0,Día 1,,,SUPLENTE,9000035689,,1.0,ARILEYSIS,Cargar
NO,ON PREMISE,CAFETERIA / RESTAURANTE INFORMAL,ORO,SANTIAGO,ZONA NORTE,9000169655,169655,PICA POLLO TIA SARA SRL,AV PASEO DE LOS CHOFERES PADRE LAS CASAS LA GALLERA,DEYBI VARGAS,SANTIAGO,SANTIAGO,LA GALLERA,C&B,367,LUIS MANUEL PARRA RAMIREZ,LUIS MANUEL PARRA RAMIREZ,ANTONIO JIMENEZ,ANTONIO JIMENEZ,19.473573,-70.690955,367 SANTIAGO,ALTA RETORNABILIDAD,SIN INCIDENCIA,ICE,1151041530,Sin Visita,Elegible,19.473573,-70.690955,19.473573-70.690955,ELEGIBLE,NO,S,S1,STAGO108,SANTIAGO,STAGO108-SANTIAGO,1.0,Día 1,,,SUPLENTE,9000169655,,1.0,YARLENYS,Cargar
NO,HOME MARKET TRADICIONAL,MINIMERCADOS,ORO,SAN CRISTOBAL,ZONA OCCIDENTAL  Y SC,9000099913,99913,MINI MARKET SORAYA II,SANCHEZ VILLA FUNDACION,JUAN PAULINO,SAN CRISTÓBAL,SAN CRISTÓBAL,VILLA FUNDACIÓN,TRADICIONAL,450,PEDRO LUIS MARTINEZ,PEDRO LUIS MARTINEZ,KELVIN ABAD PLACENCIO HN,KELVIN ABAD PLACENCIO HN,18.400851726532,-70.1473922729492,450 SAN CRISTOBAL,BAJA RETORNABILIDAD,SIN INCIDENCIA,ICE,1169005072,Sin Visita,Elegible,18.400851726532,-70.1473922729492,18.400851726532-70.1473922729492,ELEGIBLE,NO,T,T,HTNVO101,SAN CRISTOBAL,HTNVO101-HATO NUEVO,1.0,Día 1,14.0,0.0,TITULAR,9000099913,,1.0,ARILEYSIS,Cargar
NO,HOME MARKET TRADICIONAL,TIENDAS,Plata,CHARLES DE GAULLE,ZONA SD ORIENTAL,9000100857,100857,COLMADO MANZUETA,ESQUINA 7,JUNIOR RIVERA,SANTO DOMINGO,SANTO DOMINGO,SANTA CRUZ,TRADICIONAL,356,JONATHAN MERCEDEZ,JONATHAN MERCEDEZ,FABIEL PEÑA,FABIEL PEÑA,18.53643417,-69.90118408,356 CHARLES DE GAULLE,BAJA RETORNABILIDAD,SIN INCIDENCIA,ICE,1153017635,Sin Visita,Elegible,18.53643417,-69.90118408,18.53643417-69.90118408,ELEGIBLE,NO,T,T,CHLES103,CHARLES DE GAULLE,CHLES103-CHARLES DE GAULLE,1.0,Día 1,3.0,0.0,TITULAR,9000100857,,1.0,JEAN LUIS,Cargar
SI,HOME MARKET TRADICIONAL,TIENDAS,Plata,CHARLES DE GAULLE,ZONA SD ORIENTAL,9000109456,109456,COLMADO EVELIN,RAMON MATIAS MELLAS,JUNIOR RIVERA,SANTO DOMINGO,SANTO DOMINGO,VILLA MELLA,TRADICIONAL,406,ONATI TRONCOSO,ONATI TRONCOSO,FABIEL PEÑA,FABIEL PEÑA,18.5485439300537,-69.901123046875,406 CHARLES DE GAULLE,BAJA RETORNABILIDAD,SIN INCIDENCIA,ICE,1153019372,Ultima Aprobada,Elegible,18.54836166666666,-69.90113833333334,18.5483616666667-69.9011383333333,ELEGIBLE,NO,T,T PANEL,CHLES103,CHARLES DE GAULLE,CHLES103-CHARLES DE GAULLE,2.0,Día 2,36.0,0.0,TITULAR,9000109456,,2.0,JEAN LUIS,Cargar
NO,HOME MARKET TRADICIONAL,TIENDAS,Bronce,SAN CRISTOBAL,ZONA OCCIDENTAL  Y SC,9000034934,34934,COL. SUPER FACIL,CARRETERA PALENQUE KM 4,JUAN PAULINO,SAN CRISTÓBAL,SAN CRISTÓBAL,CENTRO DE LA CIUDAD,TRADICIONAL,444,FAUSTO BRITO,FAUSTO BRITO,KELVIN ABAD PLACENCIO HN,KELVIN ABAD PLACENCIO HN,18.3833940029144,-70.1147518157959,444 SAN CRISTOBAL,ALTA RETORNABILIDAD,SIN INCIDENCIA,ICE,1169007016,Sin Visita,Elegible,18.3833940029144,-70.1147518157959,18.3833940029144-70.1147518157959,ELEGIBLE,NO,S,S1,HTNVO101,SAN CRISTOBAL,HTNVO101-HATO NUEVO,2.0,Día 2,,,SUPLENTE,9000034934,,2.0,ARILEYSIS,Cargar
NO,HOME MARKET TRADICIONAL,TIENDAS,Plata,SANTO DOMINGO,ZONA OCCIDENTAL  Y SC,9000126435,126435,ECONOMICO BAEZ,AV DUARTE CALLEJON LA CARRERA,JUAN PAULINO,DISTRITO NACIONAL,DISTRITO NACIONAL,LA ZURZA,TRADICIONAL,395,RAMON RODRIGUEZ CORNIEL,RAMON RODRIGUEZ CORNIEL,DANIEL BATISTA,DANIEL BATISTA,18.5064621,-69.90929413,395 SANTO DOMINGO,BAJA RETORNABILIDAD,SIN INCIDENCIA,ICE,1150034425,Ultima Aprobada,Elegible,18.5065,-69.90923500000001,18.5065-69.909235,ELEGIBLE,NO,T,T,DSTRTO105,SANTO DOMINGO,DSTRTO105-HATO NUEVO,1.0,Día 1,9.0,0.0,TITULAR,9000126435,,1.0,JEYSON VALDEZ,Cargar
NO,HOME MARKET TRADICIONAL,TIENDAS,Plata,SANTIAGO,ZONA NORTE,9000129916,129916,COLMADO LA ECONOMIA 5,C 3 ESQ SIMON BOLIBAR,DEYBI VARGAS,SANTIAGO,SANTIAGO,CENTRO DEL PUEBLO,TRADICIONAL,320,YUNIOR ANTONIO GUZMAN LAMI,YUNIOR ANTONIO GUZMAN LAMI,YOHAO TAVERAS ROSARIO,YOHAO TAVERAS ROSARIO,19.4690742492675,-70.7053985595703,320 SANTIAGO,ALTA RETORNABILIDAD,SIN INCIDENCIA,ICE,1151033891,Sin Visita,Elegible,19.4690742492675,-70.7053985595703,19.4690742492675-70.7053985595703,ELEGIBLE,NO,T,T,STIAGO107,SANTIAGO,STIAGO107-SANTIAGO,3.0,Día 3,47.0,0.0,TITULAR,9000129916,,3.0,MARTIN MARTINEZ,Cargar
NO,HOME MARKET TRADICIONAL,TIENDAS,Plata,CHARLES DE GAULLE,ZONA SD ORIENTAL,9000130893,130893,COLMADO EE,PRINCIPAL MONTE REY,JUNIOR RIVERA,SANTO DOMINGO,SANTO DOMINGO,SABANA PERDIDA,TRADICIONAL,362,STARLIN FLORENTINO,STARLIN FLORENTINO,FABIEL PEÑA,FABIEL PEÑA,18.5421021779378,-69.8798497517904,362 CHARLES DE GAULLE,BAJA RETORNABILIDAD,SIN INCIDENCIA,ICE,1153023400,Sin Visita,Elegible,18.5421021779378,-69.8798497517904,18.5421021779378-69.8798497517904,ELEGIBLE,NO,T,T,CHLES103,CHARLES DE GAULLE,CHLES103-CHARLES DE GAULLE,3.0,Día 3,41.0,0.0,TITULAR,9000130893,,3.0,JEAN LUIS,Cargar
NO,HOME MARKET TRADICIONAL,TIENDAS,Bronce,NAGUA,ZONA ESTE,9000132324,132324,COLMADO X Y D,CALLE PRINCIPAL LLEGANDO A SANCHEZ FRENTE A ALCEQUIEZ COMERCIAL,SAUL GIL,SAMANÁ,SAMANÁ,CENTRO DEL PUEBLO,TRADICIONAL,308,JOSÉ JOAQUÍN VASQUEZ JIMENEZ,JOSÉ JOAQUÍN VASQUEZ JIMENEZ,LEONEL ALMONTE ORTEGA,LEONEL ALMONTE ORTEGA,19.2336673736572,-69.6184463500976,308 NAGUA,ALTA RETORNABILIDAD,SIN INCIDENCIA,ICE,1152009959,Sin Visita,Elegible,19.2336673736572,-69.6184463500976,19.2336673736572-69.6184463500976,ELEGIBLE,NO,T,T,NGUA106,NAGUA,NGUA106-NAGUA,3.0,Día 3,48.0,0.0,TITULAR,9000132324,,3.0,JORGE LUIS,Cargar
NO,HOME MARKET TRADICIONAL,TIENDAS,ORO,SANTIAGO,ZONA NORTE,9000133312,133312,EL CUARTO FRIO,C MANUELA DIEZ ESQ  4 CAMBOYA,DEYBI VARGAS,SANTIAGO,SANTIAGO,CAMBOYA,TRADICIONAL,309,JUNIOR ALMANZAR,JUNIOR ALMANZAR,YOHAO TAVERAS ROSARIO,YOHAO TAVERAS ROSARIO,19.482744046541,-70.7062132177441,309 SANTIAGO,ALTA RETORNABILIDAD,SIN INCIDENCIA,TITAN,1151034556,Ultima Aprobada,Elegible,19.48274089,-70.70621981,19.48274089-70.70621981,ELEGIBLE,NO,T,T,STIAGO107,SANTIAGO,STIAGO107-SANTIAGO,3.0,Día 3,51.0,0.0,TITULAR,9000133312,,3.0,MARTIN MARTINEZ,Cargar
NO,HOME MARKET TRADICIONAL,TIENDAS,ORO,SANTIAGO,ZONA NORTE,9000133711,133711,COLMADO LYANI,DR SALVADOR CUCURULO,DEYBI VARGAS,SANTIAGO,SANTIAGO,CENTRO DE LA CIUDAD,ESPECIALIZADO TRADICIONAL,374,JOSEPH MANUEL SANCHEZ NUÑEZ,JOSEPH MANUEL SANCHEZ NUÑEZ,ANTONIO JIMENEZ,ANTONIO JIMENEZ,19.4534361362457,-70.700795173645,374 SANTIAGO,ALTA RETORNABILIDAD,SIN INCIDENCIA,TITAN,1151034693,Ultima Aprobada,Elegible,19.453495,-70.70081333333333,19.453495-70.7008133333333,ELEGIBLE,NO,T,T,STAGO108,SANTIAGO,STAGO108-SANTIAGO,2.0,Día 2,30.0,0.0,TITULAR,9000133711,,2.0,YARLENYS,Cargar
NO,HOME MARKET TRADICIONAL,TIENDAS,Plata,SANTIAGO,ZONA NORTE,9000146332,146332,COLMADO MI CASITA I,AV JUAN PABLO DUARTE,DEYBI VARGAS,SANTIAGO,SANTIAGO,LA GUAMA,TRADICIONAL,325,BRIAN JOSE NUÑEZ,BRIAN JOSE NUÑEZ,JUAN LUIS LA HOZ,JUAN LUIS LA HOZ,19.4552173614501,-70.6955947875976,325 SANTIAGO,ALTA RETORNABILIDAD,SIN INCIDENCIA,ICE,1151037724,Sin Visita,Elegible,19.4552173614501,-70.6955947875976,19.4552173614501-70.6955947875976,ELEGIBLE,NO,T,T,STAGO108,SANTIAGO,STAGO108-SANTIAGO,2.0,Día 2,28.0,0.0,TITULAR,9000146332,,2.0,YARLENYS,Cargar
NO,ON PREMISE,CAFETERIA / RESTAURANTE INFORMAL,ORO,SANTIAGO,ZONA NORTE,9000102545,102545,PARADA CHIMI JOSE SRL,AV NUÑEZ DE CACERES,DEYBI VARGAS,SANTIAGO,SANTIAGO,BELLA VISTA,C&B,364,ISIDRO DIAZ,ISIDRO DIAZ,ANTONIO JIMENEZ,ANTONIO JIMENEZ,19.4442615509033,-70.7067489624023,364 SANTIAGO,BAJA RETORNABILIDAD,SIN INCIDENCIA,ICE,1151024917,Sin Visita,Elegible,19.4442615509033,-70.7067489624023,19.4442615509033-70.7067489624023,ELEGIBLE,NO,S,S1,STIAGO107,SANTIAGO,STIAGO107-SANTIAGO,2.0,Día 2,,,SUPLENTE,9000102545,,2.0,MARTIN MARTINEZ,Cargar
NO,HOME MARKET TRADICIONAL,TIENDAS,Plata,SANTIAGO,ZONA NORTE,9000151945,151945,COLMADO VASQUEZ,CARRETERA DUARTE,DEYBI VARGAS,SANTIAGO,SANTIAGO,DON PEDRO ABAJO,TRADICIONAL,346,GEN HOU TSANG,GEN HOU TSANG,ALEXANDER MARTE,ALEXANDER MARTE,19.4570045471191,-70.6462707519531,346 SANTIAGO,BAJA RETORNABILIDAD,SIN INCIDENCIA,TITAN,1151038617,Sin Visita,Elegible,19.4570045471191,-70.6462707519531,19.4570045471191-70.6462707519531,ELEGIBLE,NO,T,T,STAGO108,SANTIAGO,STAGO108-SANTIAGO,3.0,Día 3,54.0,0.0,TITULAR,9000151945,,3.0,YARLENYS,Cargar
NO,ON PREMISE,CAFETERIA / RESTAURANTE INFORMAL,ORO,SANTIAGO,ZONA NORTE,9000153460,153460,PIZZA GUETTO PADRE LAS CASAS,PADRE LA CASA,DEYBI VARGAS,SANTIAGO,SANTIAGO,CENTRO DE LA CIUDAD,C&B,367,LUIS MANUEL PARRA RAMIREZ,LUIS MANUEL PARRA RAMIREZ,ANTONIO JIMENEZ,ANTONIO JIMENEZ,19.4758556932857,-70.6899434778126,367 SANTIAGO,BAJA RETORNABILIDAD,SIN INCIDENCIA,ICE,1151038994,Sin Visita,Elegible,19.4758556932857,-70.6899434778126,19.4758556932857-70.6899434778126,ELEGIBLE,NO,T,T,STAGO108,SANTIAGO,STAGO108-SANTIAGO,2.0,Día 2,21.0,0.0,TITULAR,9000153460,,2.0,YARLENYS,Cargar
NO,HOME MARKET TRADICIONAL,MINIMERCADOS,ORO,HATO NUEVO,ZONA OCCIDENTAL  Y SC,9000154886,154886,CITY MARKET HERNANDEZ,CARRETERA LA ISABELA TOWN CENTER,JUAN PAULINO,DISTRITO NACIONAL,DISTRITO NACIONAL,CUESTA HERMOSA I,TRADICIONAL,391,EZEQUIEL JIMENEZ VALENZUELA,EZEQUIEL JIMENEZ VALENZUELA,JUNIOR OVALLES,JUNIOR OVALLES,18.50837,-69.9473,391 HATO NUEVO,ALTA RETORNABILIDAD,SIN INCIDENCIA,ICE,1169006375,Ultima Aprobada,Elegible,18.5082392,-69.9474694,18.5082392-69.9474694,ELEGIBLE,NO,T,T,SDOESTE110,HATO NUEVO,SDOESTE110-HATO NUEVO,3.0,Día 3,43.0,0.0,TITULAR,9000154886,,3.0,,Cargar
NO,ON PREMISE,CAFETERIA / RESTAURANTE INFORMAL,ORO,SANTIAGO,ZONA NORTE,9000115276,115276,PIZZA  PIZZA BY BKLYNBROS SRL,C SAN LUIS,DEYBI VARGAS,SANTIAGO,SANTIAGO,CENTRO DE LA CIUDAD,C&B,364,ISIDRO DIAZ,ISIDRO DIAZ,ANTONIO JIMENEZ,ANTONIO JIMENEZ,19.4541473388671,-70.702537536621,364 SANTIAGO,BAJA RETORNABILIDAD,SIN INCIDENCIA,ICE,1151027696,Ultima Aprobada,Elegible,19.454165,-70.70271833333332,19.454165-70.7027183333333,ELEGIBLE,NO,S,S1,STIAGO107,SANTIAGO,STIAGO107-SANTIAGO,2.0,Día 2,,,SUPLENTE,9000115276,,2.0,MARTIN MARTINEZ,Cargar
NO,HOME MARKET TRADICIONAL,TIENDAS,Bronce,NAGUA,ZONA ESTE,9000155640,155640,COLMADO LA FAMILIA,CALLE 4 VILLA PROGRESO MATANCITAS,SAUL GIL,MARÍA TRINIDAD SÁNCHEZ,MARÍA TRINIDAD SÁNCHEZ,MATANCITA,TRADICIONAL,314,JOSE LUIS FEBLES BELTRAN,JOSE LUIS FEBLES BELTRAN,LEONEL ALMONTE ORTEGA,LEONEL ALMONTE ORTEGA,19.349401,-69.820134,314 NAGUA,BAJA RETORNABILIDAD,SIN INCIDENCIA,ICE,1152011590,Sin Visita,Elegible,19.349401,-69.820134,19.349401-69.820134,ELEGIBLE,NO,T,T,NGUA106,NAGUA,NGUA106-NAGUA,1.0,Día 1,5.0,0.0,TITULAR,9000155640,,1.0,JORGE LUIS,Cargar
NO,HOME MARKET TRADICIONAL,TIENDAS,Plata,SANTO DOMINGO,ZONA OCCIDENTAL  Y SC,9000158436,158436,COLMADO ALCANTARA II,TENIENTE AMADO GARCIA,JUAN PAULINO,DISTRITO NACIONAL,DISTRITO NACIONAL,MEJORAMIENTO SOCIAL,TRADICIONAL,313,VICTOR GABRIEL MORA CIRIACO,VICTOR GABRIEL MORA CIRIACO,DANIEL BATISTA,DANIEL BATISTA,18.489418,-69.885307,313 SANTO DOMINGO,BAJA RETORNABILIDAD,SIN INCIDENCIA,ICE,1150039507,Sin Visita,Elegible,18.489418,-69.885307,18.489418-69.885307,ELEGIBLE,NO,T,T,DSTRTO105,SANTO DOMINGO,DSTRTO105-HATO NUEVO,3.0,Día 3,50.0,0.0,TITULAR,9000158436,,3.0,JEYSON VALDEZ,Cargar
NO,HOME MARKET TRADICIONAL,TIENDAS,Bronce,NAGUA,ZONA ESTE,9000163764,163764,COLMADO DIONI,CALLE DEL CEMENTERIO LOS LIMONES FRENTE COL POCHY,SAUL GIL,MARÍA TRINIDAD SÁNCHEZ,MARÍA TRINIDAD SÁNCHEZ,LOS LIMONES,TRADICIONAL,304,JOAQUIN CUELLO FROMETA,JOAQUIN CUELLO FROMETA,RICHARD PAREDES,RICHARD PAREDES,19.273293,-69.889751,304 NAGUA,BAJA RETORNABILIDAD,SIN INCIDENCIA,ICE,1152012298,Sin Visita,Elegible,19.273293,-69.889751,19.273293-69.889751,ELEGIBLE,NO,T,T,NGUA106,NAGUA,NGUA106-NAGUA,2.0,Día 2,31.0,0.0,TITULAR,9000163764,,2.0,JORGE LUIS,Cargar
NO,HOME MARKET TRADICIONAL,TIENDAS,Plata,NAGUA,ZONA ESTE,9000164735,164735,COLMADO DAVID,CALLE PRINCIPAL LOS LIMONES AL LADO DEL PLAY,SAUL GIL,MARÍA TRINIDAD SÁNCHEZ,MARÍA TRINIDAD SÁNCHEZ,LOS LIMONES,TRADICIONAL,304,JOAQUIN CUELLO FROMETA,JOAQUIN CUELLO FROMETA,RICHARD PAREDES,RICHARD PAREDES,19.274027,-69.893607,304 NAGUA,BAJA RETORNABILIDAD,SIN INCIDENCIA,ICE,1152012441,Sin Visita,Elegible,19.274027,-69.893607,19.274027-69.893607,ELEGIBLE,NO,T,T,NGUA106,NAGUA,NGUA106-NAGUA,2.0,Día 2,32.0,0.0,TITULAR,9000164735,,2.0,JORGE LUIS,Cargar
NO,HOME MARKET TRADICIONAL,TIENDAS,ORO,SANTIAGO,ZONA NORTE,9000164754,164754,COLMADO ANDREA,CALLE 6 NO 16 DESPUES DEL COL DE PATRICIO,DEYBI VARGAS,SANTIAGO,SANTIAGO,VILLA VERDE,TRADICIONAL,315,LEOMAR JIMENEZ,LEOMAR JIMENEZ,ALEXANDER MARTE,ALEXANDER MARTE,19.479281,-70.679033,315 SANTIAGO,BAJA RETORNABILIDAD,SIN INCIDENCIA,ICE,1151040983,Ultima Aprobada,Elegible,19.47894833333334,-70.67902666666667,19.4789483333333-70.6790266666667,ELEGIBLE,NO,T,T,STAGO108,SANTIAGO,STAGO108-SANTIAGO,1.0,Día 1,15.0,0.0,TITULAR,9000164754,,1.0,YARLENYS,Cargar
NO,HOME MARKET TRADICIONAL,TIENDAS,Bronce,SAN CRISTOBAL,ZONA OCCIDENTAL  Y SC,9000166222,166222,COLMADO PAN SOBAO,3ERA SANTA LUCIA,JUAN PAULINO,SAN CRISTÓBAL,SAN CRISTÓBAL,NAJAYO ARRIBA,TRADICIONAL,470,CARLOS JOSE REYES VIZCAINO,CARLOS JOSE REYES VIZCAINO,KELVIN ABAD SC,KELVIN ABAD SC,18.386034,-70.156009,470 SAN CRISTOBAL,BAJA RETORNABILIDAD,SIN INCIDENCIA,ICE,1162007865,Sin Visita,Elegible,18.386034,-70.156009,18.386034-70.156009,ELEGIBLE,NO,T,T,HTNVO101,SAN CRISTOBAL,HTNVO101-HATO NUEVO,1.0,Día 1,17.0,0.0,TITULAR,9000166222,,1.0,ARILEYSIS,Cargar
SI,HOME MARKET TRADICIONAL,TIENDAS,ORO,HATO NUEVO,ZONA OCCIDENTAL  Y SC,9000000952,952,COLMADO MELO,CCENTRO OLIMPICO ESQ BIBLIOTECA NACIONAL,JUAN PAULINO,DISTRITO NACIONAL,DISTRITO NACIONAL,EL MILLÓN,TRADICIONAL,319,WANNER DE JESUS CASTILLO VICENTE,WANNER DE JESUS CASTILLO VICENTE,RAMON CUELLO HN,RAMON CUELLO HN,18.4596271514893,-69.9536895751953,319 HATO NUEVO,BAJA RETORNABILIDAD,SIN INCIDENCIA,ICE,1169008082,Ultima Aprobada,Elegible,18.45958614,-69.95379798,18.45958614-69.95379798,ELEGIBLE,NO,T,T PANEL,DSTRIO104,HATO NUEVO,DSTRIO104-HATO NUEVO,1.0,Día 1,8.0,0.0,TITULAR,9000000952,,1.0,JENIFER GÓMEZ,Cargar
NO,HOME MARKET TRADICIONAL,MINIMERCADOS,ORO,HATO NUEVO,ZONA OCCIDENTAL  Y SC,9000004095,4095,MINI MARKET LIONEL,C/ LOPEZ DE VEGA # 283 LA AGUSTINITA,JUAN PAULINO,DISTRITO NACIONAL,DISTRITO NACIONAL,LA AGUSTINITA,TRADICIONAL,421,SMAYLI RAMON RODRIGUEZ QUEZADA,SMAYLI RAMON RODRIGUEZ QUEZADA,RAMON CUELLO HN,RAMON CUELLO HN,18.49408913,-69.93344116,421 HATO NUEVO,BAJA RETORNABILIDAD,SIN INCIDENCIA,ICE,1169007488,Ultima Aprobada,Elegible,18.49403166666667,-69.93345833333333,18.4940316666667-69.9334583333333,ELEGIBLE,NO,T,T,DSTRTO105,HATO NUEVO,DSTRTO105-HATO NUEVO,2.0,Día 2,35.0,0.0,TITULAR,9000004095,,2.0,JEYSON VALDEZ,Cargar
SI,HOME MARKET TRADICIONAL,TIENDAS,ORO,HATO NUEVO,ZONA OCCIDENTAL  Y SC,9000004118,4118,COLMADO EL MILENIO,C/PROF. OTILIO PELAEZ ESQ. SAN JUAN BAUTISTA,JUAN PAULINO,DISTRITO NACIONAL,DISTRITO NACIONAL,CENTRO DE LA CIUDAD,TRADICIONAL,306,ANIBAL PUELLO,ANIBAL PUELLO,RAMON CUELLO HN,RAMON CUELLO HN,18.447624206543,-69.9637832641602,306 HATO NUEVO,BAJA RETORNABILIDAD,SIN INCIDENCIA,ICE,1169007491,Ultima Aprobada,Elegible,18.44770131,-69.96372497,18.44770131-69.96372497,ELEGIBLE,NO,T,T PANEL,DSTRIO104,HATO NUEVO,DSTRIO104-HATO NUEVO,2.0,Día 2,17.0,0.0,TITULAR,9000004118,,2.0,JENIFER GÓMEZ,Cargar
SI,HOME MARKET TRADICIONAL,TIENDAS,ORO,SANTO DOMINGO,ZONA OCCIDENTAL  Y SC,9000004905,4905,COL. SAN MARTIN DE PORRES,ERNESTO DE LA MAZA,JUAN PAULINO,DISTRITO NACIONAL,DISTRITO NACIONAL,BELLA VISTA,TRADICIONAL,418,ESFRAILYN GALVEZ BAUTISTA,ESFRAILYN GALVEZ BAUTISTA,JUAN BATISTA,JUAN BATISTA,18.45270348,-69.95132446,418 SANTO DOMINGO,BAJA RETORNABILIDAD,SIN INCIDENCIA,TITAN,1150000497,Ultima Aprobada,Elegible,18.4527707,-69.9514111,18.4527707-69.9514111,ELEGIBLE,NO,T,T PANEL,DSTRIO104,SANTO DOMINGO,DSTRIO104-HATO NUEVO,1.0,Día 1,10.0,0.0,TITULAR,9000004905,,1.0,JENIFER GÓMEZ,Cargar
SI,HOME MARKET TRADICIONAL,TIENDAS,ORO,SANTO DOMINGO,ZONA OCCIDENTAL  Y SC,9000007726,7726,D` JHOANNY COLMADO,BARAHONA ESQ LUIS DEL CASTILLO,JUAN PAULINO,DISTRITO NACIONAL,DISTRITO NACIONAL,VILLA CONSUELO,TRADICIONAL,314,JOSE ENMANUEL ROSARIO MERCEDES,JOSE ENMANUEL ROSARIO MERCEDES,DANIEL BATISTA,DANIEL BATISTA,18.4803810119629,-69.8993606567383,314 SANTO DOMINGO,BAJA RETORNABILIDAD,SIN INCIDENCIA,TITAN,1150099603,Ultima Aprobada,Elegible,18.48041325,-69.89930374,18.48041325-69.89930374,ELEGIBLE,NO,T,T PANEL,DSTRTO105,SANTO DOMINGO,DSTRTO105-HATO NUEVO,2.0,Día 2,26.0,0.0,TITULAR,9000007726,,2.0,JEYSON VALDEZ,Cargar
NO,ON PREMISE,CAFETERIA / RESTAURANTE INFORMAL,Plata,SANTIAGO,ZONA NORTE,9000023789,23789,LA ESQUINA DE CHICUE,C/ 2 #1 CLUB DOMINGO PAULINO LOS JARDINES,DEYBI VARGAS,SANTIAGO,SANTIAGO,CENTRO DEL PUEBLO,C&B,366,CHRISTHIAN MERCADO,CHRISTHIAN MERCADO,ANTONIO JIMENEZ,ANTONIO JIMENEZ,19.4631128311157,-70.6907577514648,366 SANTIAGO,BAJA RETORNABILIDAD,SIN INCIDENCIA,ICE,1151015452,Ultima Aprobada,Elegible,19.46311880730246,-70.6903854053704,19.4631188073025-70.6903854053704,ELEGIBLE,NO,T,T,STIAGO107,SANTIAGO,STIAGO107-SANTIAGO,3.0,Día 3,40.0,0.0,TITULAR,9000023789,,3.0,MARTIN MARTINEZ,Cargar
NO,HOME MARKET TRADICIONAL,TIENDAS,Plata,CHARLES DE GAULLE,ZONA SD ORIENTAL,9000014627,14627,COMERCIAL EDWAR,"CARR. YAMASA KM17,PUNTA V.M.",JUNIOR RIVERA,SANTO DOMINGO,SANTO DOMINGO,SANTO DOMINGO ESTE CENTRO,TRADICIONAL,324,HELDER SUERO,HELDER SUERO,FABIEL PEÑA,FABIEL PEÑA,18.5833358764648,-69.9225006103516,324 CHARLES DE GAULLE,BAJA RETORNABILIDAD,SIN INCIDENCIA,ICE,1153008738,Sin Visita,Elegible,18.5833358764648,-69.9225006103516,18.5833358764648-69.9225006103516,ELEGIBLE,NO,T,T,CHLES103,CHARLES DE GAULLE,CHLES103-CHARLES DE GAULLE,2.0,Día 2,28.0,0.0,TITULAR,9000014627,,2.0,JEAN LUIS,Cargar
NO,HOME MARKET TRADICIONAL,TIENDAS,Plata,CHARLES DE GAULLE,ZONA SD ORIENTAL,9000015833,15833,COLMADO ALTAGRACIA II,C/BIENVENIDO DIOS N.57 RES. JUAN BOSH LAS CASABE,JUNIOR RIVERA,SANTO DOMINGO,SANTO DOMINGO,VILLA MELLA,TRADICIONAL,325,STARLIN ENCARNACION,STARLIN ENCARNACION,FABIEL PEÑA,FABIEL PEÑA,18.5558319091797,-69.9495706558228,325 CHARLES DE GAULLE,BAJA RETORNABILIDAD,SIN INCIDENCIA,ICE,1153010807,Sin Visita,Elegible,18.5558319091797,-69.9495706558228,18.5558319091797-69.9495706558228,ELEGIBLE,NO,T,T,CHLES103,CHARLES DE GAULLE,CHLES103-CHARLES DE GAULLE,2.0,Día 2,26.0,0.0,TITULAR,9000015833,,2.0,JEAN LUIS,Cargar
NO,HOME MARKET TRADICIONAL,TIENDAS,Plata,HATO NUEVO,ZONA OCCIDENTAL  Y SC,9000036982,36982,COL. 3 SSS,"C/1ERA NO.02 CAMBITA URIBE, S.C.",JUAN PAULINO,SAN CRISTÓBAL,SAN CRISTÓBAL,CENTRO DEL PUEBLO,TRADICIONAL,450,PEDRO LUIS MARTINEZ,PEDRO LUIS MARTINEZ,KELVIN ABAD PLACENCIO HN,KELVIN ABAD PLACENCIO HN,18.39895248,-70.15155792,450 HATO NUEVO,ALTA RETORNABILIDAD,SIN INCIDENCIA,ICE,1169004791,Sin Visita,Elegible,18.39895248,-70.15155792,18.39895248-70.15155792,ELEGIBLE,NO,T,T,HTNVO101,HATO NUEVO,HTNVO101-HATO NUEVO,1.0,Día 1,15.0,0.0,TITULAR,9000036982,,1.0,ARILEYSIS,Cargar
NO,HOME MARKET TRADICIONAL,TIENDAS,Plata,SAN FRANCISCO,ZONA NORTE,9000092450,92450,COLMADO NUÑEZ,27 DE FEBRERO ESQ DUARTE,DEYBI VARGAS,DUARTE,DUARTE,CENTRO DEL PUEBLO,TRADICIONAL,337,ROBINSON CAMILO DE JESÚS,ROBINSON CAMILO DE JESÚS,DANIEL REYES GARCIA,DANIEL REYES GARCIA,19.2112064,-70.0275116,337 SAN FRANCISCO,ALTA RETORNABILIDAD,SIN INCIDENCIA,ICE,1154010196,Ultima Aprobada,Elegible,19.2158223,-70.0296587,19.2158223-70.0296587,ELEGIBLE,NO,T,T,NGUA106,SAN FRANCISCO,NGUA106-NAGUA,3.0,Día 3,41.0,0.0,TITULAR,9000092450,,3.0,JORGE LUIS,Cargar
NO,HOME MARKET TRADICIONAL,TIENDAS,Plata,HATO NUEVO,ZONA OCCIDENTAL  Y SC,9000074714,74714,COL FANILDA,SAN JUAN DE LA MAGUANA,JUAN PAULINO,DISTRITO NACIONAL,DISTRITO NACIONAL,CRISTO REY,TRADICIONAL,340,STARLIN HERRERA,STARLIN HERRERA,RAMON CUELLO HN,RAMON CUELLO HN,18.500923701695,-69.9293409075056,340 HATO NUEVO,BAJA RETORNABILIDAD,SIN INCIDENCIA,ICE,1169006505,Sin Visita,Elegible,18.500923701695,-69.9293409075056,18.500923701695-69.9293409075056,ELEGIBLE,NO,T,T,DSTRTO105,HATO NUEVO,DSTRTO105-HATO NUEVO,3.0,Día 3,38.0,0.0,TITULAR,9000074714,,3.0,JEYSON VALDEZ,Cargar
NO,HOME MARKET TRADICIONAL,MINIMERCADOS,ORO,HATO NUEVO,ZONA OCCIDENTAL  Y SC,9000086521,86521,CITY MARKET,FEDERICO GERARDINO,JUAN PAULINO,DISTRITO NACIONAL,DISTRITO NACIONAL,PIANTINI,TRADICIONAL,332,WELLINTON YSRAEL CASANOVA MONTERO,WELLINTON YSRAEL CASANOVA MONTERO,RAMON CUELLO HN,RAMON CUELLO HN,18.47914886,-69.94039917,332 HATO NUEVO,BAJA RETORNABILIDAD,SIN INCIDENCIA,ICE,1169009692,Sin Visita,Elegible,18.47914886,-69.94039917,18.47914886-69.94039917,ELEGIBLE,NO,T,T,DSTRIO104,HATO NUEVO,DSTRIO104-HATO NUEVO,3.0,Día 3,29.0,0.0,TITULAR,9000086521,,3.0,JENIFER GÓMEZ,Cargar
NO,ON PREMISE,CAFETERIA / RESTAURANTE INFORMAL,Plata,CHARLES DE GAULLE,ZONA SD ORIENTAL,9000104220,104220,PICA POLLO FELIX,HERMANAS MIRABAL,JUNIOR RIVERA,SANTO DOMINGO,SANTO DOMINGO,VILLA MELLA,C&B,402,YORKIS OLIVARES,YORKIS OLIVARES,CHRISTOPHER GONZALEZ,CHRISTOPHER GONZALEZ,18.5347309112549,-69.9068756103516,402 CHARLES DE GAULLE,BAJA RETORNABILIDAD,SIN INCIDENCIA,ICE,1153018846,Ultima Aprobada,Elegible,18.53471,-69.906935,18.53471-69.906935,ELEGIBLE,NO,T,T,CHLES103,CHARLES DE GAULLE,CHLES103-CHARLES DE GAULLE,1.0,Día 1,5.0,0.0,TITULAR,9000104220,,1.0,JEAN LUIS,Cargar
SI,HOME MARKET TRADICIONAL,TIENDAS,ORO,HATO NUEVO,ZONA OCCIDENTAL  Y SC,9000128941,128941,COLMADO Y CARNICERIA MORENO,CORONEL FERNANDEZ DOMINGUEZ EL CLARET,JUAN PAULINO,DISTRITO NACIONAL,DISTRITO NACIONAL,CENTRO DE LA CIUDAD,TRADICIONAL,382,FRANCISCO JAVIER GOMEZ SANTIAGO,FRANCISCO JAVIER GOMEZ SANTIAGO,MICHAEL SOSA HN,MICHAEL SOSA HN,18.48538017,-69.94526672,382 HATO NUEVO,BAJA RETORNABILIDAD,SIN INCIDENCIA,ICE,1169006359,Ultima Aprobada,Elegible,18.4854283,-69.9452487,18.4854283-69.9452487,ELEGIBLE,NO,T,T PANEL,DSTRIO104,HATO NUEVO,DSTRIO104-HATO NUEVO,3.0,Día 3,27.0,0.0,TITULAR,9000128941,,3.0,JENIFER GÓMEZ,Cargar
NO,HOME MARKET TRADICIONAL,TIENDAS,Bronce,SAN CRISTOBAL,ZONA OCCIDENTAL  Y SC,9000154589,154589,MINI MARKET EL COMPA,TULIO MANUEL CESTERO,JUAN PAULINO,SAN CRISTÓBAL,SAN CRISTÓBAL,HATILLO,TRADICIONAL,445,JOSE ALVAREZ,JOSE ALVAREZ,KELVIN ABAD PLACENCIO HN,KELVIN ABAD PLACENCIO HN,18.42960358,-70.08687592,445 SAN CRISTOBAL,BAJA RETORNABILIDAD,SIN INCIDENCIA,ICE,1169007077,Sin Visita,Elegible,18.42960358,-70.08687592,18.42960358-70.08687592,ELEGIBLE,NO,S,S1,HTNVO101,SAN CRISTOBAL,HTNVO101-HATO NUEVO,3.0,Día 3,,,SUPLENTE,9000154589,,3.0,ARILEYSIS,Cargar
NO,HOME MARKET TRADICIONAL,TIENDAS,Plata,SANTO DOMINGO,ZONA OCCIDENTAL  Y SC,9000131108,131108,SUPER COLMADO UNA VAINA BIEN,JOSE MARTI ESQ 42,JUAN PAULINO,DISTRITO NACIONAL,DISTRITO NACIONAL,ENSANCHE CAPOTILLO,TRADICIONAL,395,RAMON RODRIGUEZ CORNIEL,RAMON RODRIGUEZ CORNIEL,DANIEL BATISTA,DANIEL BATISTA,18.50577354,-69.90726471,395 SANTO DOMINGO,BAJA RETORNABILIDAD,SIN INCIDENCIA,ICE,1150035174,Sin Visita,Elegible,18.50577354,-69.90726471,18.50577354-69.90726471,ELEGIBLE,NO,T,T,DSTRTO105,SANTO DOMINGO,DSTRTO105-HATO NUEVO,1.0,Día 1,10.0,0.0,TITULAR,9000131108,,1.0,JEYSON VALDEZ,Cargar
NO,HOME MARKET TRADICIONAL,TIENDAS,Plata,CHARLES DE GAULLE,ZONA SD ORIENTAL,9000132138,132138,MINI MARKET CEL K,LOS MANGOS,JUNIOR RIVERA,SANTO DOMINGO,SANTO DOMINGO,VILLA MELLA,TRADICIONAL,362,STARLIN FLORENTINO,STARLIN FLORENTINO,FABIEL PEÑA,FABIEL PEÑA,18.54814529,-69.90593719,362 CHARLES DE GAULLE,ALTA RETORNABILIDAD,SIN INCIDENCIA,TITAN,1153023599,Ultima Aprobada,Elegible,18.54818618,-69.90594544,18.54818618-69.90594544,ELEGIBLE,NO,T,T,CHLES103,CHARLES DE GAULLE,CHLES103-CHARLES DE GAULLE,1.0,Día 1,13.0,0.0,TITULAR,9000132138,,1.0,JEAN LUIS,Cargar
NO,HOME MARKET TRADICIONAL,TIENDAS,ORO,HATO NUEVO,ZONA OCCIDENTAL  Y SC,9000156708,156708,SUPER COLMADO F Y G,CARRETERA SANCHEZ VIEJA BAJANDO EL CERRO,JUAN PAULINO,SAN CRISTÓBAL,SAN CRISTÓBAL,SAINAGUÁ,TRADICIONAL,450,PEDRO LUIS MARTINEZ,PEDRO LUIS MARTINEZ,KELVIN ABAD PLACENCIO HN,KELVIN ABAD PLACENCIO HN,18.3935,-70.1228,450 HATO NUEVO,BAJA RETORNABILIDAD,SIN INCIDENCIA,ICE,1169005549,Ultima Aprobada,Elegible,18.39353478,-70.1227826,18.39353478-70.1227826,ELEGIBLE,NO,S,S1,HTNVO101,HATO NUEVO,HTNVO101-HATO NUEVO,1.0,Día 1,,,SUPLENTE,9000156708,,1.0,ARILEYSIS,Cargar
NO,HOME MARKET TRADICIONAL,TIENDAS,ORO,SAN CRISTOBAL,ZONA OCCIDENTAL  Y SC,9000123008,123008,COLMADO JOSEFINA,PRINCIPAL,JUAN PAULINO,SAN CRISTÓBAL,SAN CRISTÓBAL,CENTRO DE LA CIUDAD,TRADICIONAL,449,CECILIO RODRIGUEZ CORPORAN,CECILIO RODRIGUEZ CORPORAN,KELVIN ABAD PLACENCIO HN,KELVIN ABAD PLACENCIO HN,18.4059651692708,-70.1403223673503,449 SAN CRISTOBAL,ALTA RETORNABILIDAD,SIN INCIDENCIA,ICE,1169007268,Ultima Aprobada,Elegible,18.45198229,-70.19284457,18.45198229-70.19284457,ELEGIBLE,NO,S,S1,HTNVO101,SAN CRISTOBAL,HTNVO101-HATO NUEVO,1.0,Día 1,,,SUPLENTE,9000123008,,1.0,ARILEYSIS,Cargar
SI,HOME MARKET TRADICIONAL,TIENDAS,Plata,CHARLES DE GAULLE,ZONA SD ORIENTAL,9000136603,136603,COLMADO ALTAGRACIA,EVARISTO FIGUEROA CARRETERA VIEJA VILLA MELLA,JUNIOR RIVERA,SANTO DOMINGO,SANTO DOMINGO,VILLA MELLA,TRADICIONAL,406,ONATI TRONCOSO,ONATI TRONCOSO,FABIEL PEÑA,FABIEL PEÑA,18.54032135,-69.87957764,406 CHARLES DE GAULLE,BAJA RETORNABILIDAD,SIN INCIDENCIA,ICE,1153024100,Ultima Aprobada,Elegible,18.5403089,-69.879558,18.5403089-69.879558,ELEGIBLE,NO,T,T PANEL,CHLES103,CHARLES DE GAULLE,CHLES103-CHARLES DE GAULLE,3.0,Día 3,42.0,0.0,TITULAR,9000136603,,3.0,JEAN LUIS,Cargar
NO,ON PREMISE,CAFETERIA / RESTAURANTE INFORMAL,Plata,SAN CRISTOBAL,ZONA OCCIDENTAL  Y SC,9000162907,162907,EMBUTIDOS BANI,BRISAS DEL RIO,JUAN PAULINO,SAN CRISTÓBAL,SAN CRISTÓBAL,LOS MOLINA,TRADICIONAL,450,PEDRO LUIS MARTINEZ,PEDRO LUIS MARTINEZ,KELVIN ABAD PLACENCIO HN,KELVIN ABAD PLACENCIO HN,18.42558,-70.11439,450 SAN CRISTOBAL,BAJA RETORNABILIDAD,SIN INCIDENCIA,ICE,1169005707,Sin Visita,Elegible,18.42558,-70.11439,18.42558-70.11439,ELEGIBLE,NO,S,S1,HTNVO101,SAN CRISTOBAL,HTNVO101-HATO NUEVO,1.0,Día 1,,,SUPLENTE,9000162907,,1.0,ARILEYSIS,Cargar
NO,HOME MARKET TRADICIONAL,TIENDAS,Bronce,NAGUA,ZONA ESTE,9000144220,144220,COLMADO EDWIN,CALLE EL PLAY FRENTE AL POLICINICO EN SANCHEZ,SAUL GIL,SAMANÁ,SAMANÁ,CENTRO DEL PUEBLO,TRADICIONAL,308,JOSÉ JOAQUÍN VASQUEZ JIMENEZ,JOSÉ JOAQUÍN VASQUEZ JIMENEZ,LEONEL ALMONTE ORTEGA,LEONEL ALMONTE ORTEGA,19.22777,-69.61942,308 NAGUA,ALTA RETORNABILIDAD,SIN INCIDENCIA,ICE,1152010700,Ultima Aprobada,Elegible,19.22761612621429,-69.6194115674578,19.2276161262143-69.6194115674578,ELEGIBLE,NO,T,T,NGUA106,NAGUA,NGUA106-NAGUA,3.0,Día 3,44.0,0.0,TITULAR,9000144220,,3.0,JORGE LUIS,Cargar
NO,HOME MARKET TRADICIONAL,TIENDAS,ORO,SAN CRISTOBAL,ZONA OCCIDENTAL  Y SC,9000167551,167551,SUPER COLMADO LA ALCALDIA,ENTRADA LOMA VERDE KM 14,JUAN PAULINO,SAN CRISTÓBAL,SAN CRISTÓBAL,CAMBITA URIBE,TRADICIONAL,449,CECILIO RODRIGUEZ CORPORAN,CECILIO RODRIGUEZ CORPORAN,KELVIN ABAD PLACENCIO HN,KELVIN ABAD PLACENCIO HN,18.40718,-70.1489,449 SAN CRISTOBAL,BAJA RETORNABILIDAD,SIN INCIDENCIA,ICE,1169009938,Sin Visita,Elegible,18.40718,-70.1489,18.40718-70.1489,ELEGIBLE,NO,S,S1,HTNVO101,SAN CRISTOBAL,HTNVO101-HATO NUEVO,1.0,Día 1,,,SUPLENTE,9000167551,,1.0,ARILEYSIS,Cargar
NO,HOME MARKET TRADICIONAL,TIENDAS,Plata,SANTIAGO,ZONA NORTE,9000154879,154879,MINI MARKET CARNICERIA EMANG,CARRETERA JACAGUA ESQUINA GUACO LOS CIRUELITO,DEYBI VARGAS,SANTIAGO,SANTIAGO,LOS CIRUELITOS,TRADICIONAL,320,YUNIOR ANTONIO GUZMAN LAMI,YUNIOR ANTONIO GUZMAN LAMI,YOHAO TAVERAS ROSARIO,YOHAO TAVERAS ROSARIO,19.48030008318125,-70.70951080421156,320 SANTIAGO,BAJA RETORNABILIDAD,SIN INCIDENCIA,ICE,1151039356,Sin Visita,Elegible,19.48030008318125,-70.70951080421156,19.4803000831812-70.7095108042116,ELEGIBLE,NO,T,T,STIAGO107,SANTIAGO,STIAGO107-SANTIAGO,3.0,Día 3,50.0,0.0,TITULAR,9000154879,,3.0,MARTIN MARTINEZ,Cargar
NO,HOME MARKET TRADICIONAL,TIENDAS,Plata,CHARLES DE GAULLE,ZONA SD ORIENTAL,9000083886,83886,COLMADO BARAHONA,C 1RA N10 VILLA NUEVA VILLA MELLA,JUNIOR RIVERA,SANTO DOMINGO,SANTO DOMINGO,VILLA MELLA,TRADICIONAL,406,ONATI TRONCOSO,ONATI TRONCOSO,FABIEL PEÑA,FABIEL PEÑA,18.5470533370972,-69.8955421447754,406 CHARLES DE GAULLE,BAJA RETORNABILIDAD,SIN INCIDENCIA,ICE,1153014641,Ultima Aprobada,Elegible,18.5470921,-69.8955511,18.5470921-69.8955511,ELEGIBLE,NO,S,S1,CHLES103,CHARLES DE GAULLE,CHLES103-CHARLES DE GAULLE,1.0,Día 1,,,SUPLENTE,9000083886,,1.0,JEAN LUIS,Cargar
NO,HOME MARKET TRADICIONAL,TIENDAS,Plata,NAGUA,ZONA ESTE,9000162184,162184,COLMADO GUZMAN,CALLE SAN JOSE EN MATANCITAS SERCA DEL PLAY,SAUL GIL,MARÍA TRINIDAD SÁNCHEZ,MARÍA TRINIDAD SÁNCHEZ,MATANCITA,TRADICIONAL,312,JUAN JOSE RODRIGUEZ HERNANDEZ,JUAN JOSE RODRIGUEZ HERNANDEZ,RICHARD PAREDES,RICHARD PAREDES,19.353903,-69.833334,312 NAGUA,BAJA RETORNABILIDAD,SIN INCIDENCIA,ICE,1152012103,Sin Visita,Elegible,19.353903,-69.833334,19.353903-69.833334,ELEGIBLE,NO,S,S1,NGUA106,NAGUA,NGUA106-NAGUA,1.0,Día 1,,,SUPLENTE,9000162184,,1.0,JORGE LUIS,Cargar
NO,HOME MARKET TRADICIONAL,MINIMERCADOS,Plata,SAN CRISTOBAL,ZONA OCCIDENTAL  Y SC,9000167627,167627,MINI MARKET PRISCILLA,MARIA TRINIDAD SANCHEZ,JUAN PAULINO,SAN CRISTÓBAL,SAN CRISTÓBAL,CENTRO DE LA CIUDAD,TRADICIONAL,446,RANDY DELGADO,RANDY DELGADO,KELVIN ABAD PLACENCIO HN,KELVIN ABAD PLACENCIO HN,18.41528,-70.11331,446 SAN CRISTOBAL,ALTA RETORNABILIDAD,SIN INCIDENCIA,ICE,1169009949,Sin Visita,Elegible,18.41528,-70.11331,18.41528-70.11331,ELEGIBLE,NO,S,S1,HTNVO101,SAN CRISTOBAL,HTNVO101-HATO NUEVO,1.0,Día 1,,,SUPLENTE,9000167627,,1.0,ARILEYSIS,Cargar
NO,ON PREMISE,CAFETERIA / RESTAURANTE INFORMAL,ORO,SANTIAGO,ZONA NORTE,9000159738,159738,RESTAURANTE DELICIA WU,CALLE BARTOLOME COLON 82,DEYBI VARGAS,SANTIAGO,SANTIAGO,CENTRO DE LA CIUDAD,C&B,367,LUIS MANUEL PARRA RAMIREZ,LUIS MANUEL PARRA RAMIREZ,ANTONIO JIMENEZ,ANTONIO JIMENEZ,19.4629383087158,-70.6970443725585,367 SANTIAGO,BAJA RETORNABILIDAD,SIN INCIDENCIA,ICE,1151040427,Ultima Aprobada,Elegible,19.46294333333333,-70.69706333333333,19.4629433333333-70.6970633333333,ELEGIBLE,NO,T,T,STAGO108,SANTIAGO,STAGO108-SANTIAGO,2.0,Día 2,26.0,0.0,TITULAR,9000159738,,2.0,YARLENYS,Cargar
NO,HOME MARKET TRADICIONAL,MINIMERCADOS,ORO,HATO NUEVO,ZONA OCCIDENTAL  Y SC,9000161460,161460,ORTIZ BAEZ FOOD MARKET,OLOF PALME,JUAN PAULINO,DISTRITO NACIONAL,DISTRITO NACIONAL,SAN JERÓNIMO,TRADICIONAL,317,FREYMI JOSE CASTRO PEREZ,FREYMI JOSE CASTRO PEREZ,RAMON CUELLO HN,RAMON CUELLO HN,18.47028,-69.9645,317 HATO NUEVO,BAJA RETORNABILIDAD,SIN INCIDENCIA,ICE,1169009054,Sin Visita,Elegible,18.47028,-69.9645,18.47028-69.9645,ELEGIBLE,NO,T,T,DSTRIO104,HATO NUEVO,DSTRIO104-HATO NUEVO,2.0,Día 2,22.0,0.0,TITULAR,9000161460,,2.0,JENIFER GÓMEZ,Cargar
NO,HOME MARKET TRADICIONAL,TIENDAS,Plata,SAN CRISTOBAL,ZONA OCCIDENTAL  Y SC,9000163539,163539,COLMADO LAS 4 ESQUINAS,14 ESQ ANACAONA,JUAN PAULINO,SAN CRISTÓBAL,SAN CRISTÓBAL,PUEBLO NUEVO,TRADICIONAL,444,FAUSTO BRITO,FAUSTO BRITO,KELVIN ABAD PLACENCIO HN,KELVIN ABAD PLACENCIO HN,18.40593,-70.11153,444 SAN CRISTOBAL,BAJA RETORNABILIDAD,SIN INCIDENCIA,ICE,1169005735,Sin Visita,Elegible,18.40593,-70.11153,18.40593-70.11153,ELEGIBLE,NO,T,T,HTNVO101,SAN CRISTOBAL,HTNVO101-HATO NUEVO,2.0,Día 2,36.0,0.0,TITULAR,9000163539,,2.0,ARILEYSIS,Cargar
NO,HOME MARKET TRADICIONAL,TIENDAS,ORO,SAN CRISTOBAL,ZONA OCCIDENTAL  Y SC,9000165369,165369,COMERCIAL R Y M,MAXIMO GOMEZ,JUAN PAULINO,SAN CRISTÓBAL,SAN CRISTÓBAL,CENTRO DE LA CIUDAD,TRADICIONAL,450,PEDRO LUIS MARTINEZ,PEDRO LUIS MARTINEZ,KELVIN ABAD PLACENCIO HN,KELVIN ABAD PLACENCIO HN,18.42144,-70.11726,450 SAN CRISTOBAL,ALTA RETORNABILIDAD,SIN INCIDENCIA,ICE,1169007296,Sin Visita,Elegible,18.42144,-70.11726,18.42144-70.11726,ELEGIBLE,NO,T,T,HTNVO101,SAN CRISTOBAL,HTNVO101-HATO NUEVO,3.0,Día 3,51.0,0.0,TITULAR,9000165369,,3.0,ARILEYSIS,Cargar
NO,HOME MARKET TRADICIONAL,TIENDAS,Bronce,SAN CRISTOBAL,ZONA OCCIDENTAL  Y SC,9000168405,168405,COLMADO CAROL,PRINCIPAL INGENIO NUEVO AL LADO RANCHO,JUAN PAULINO,SAN CRISTÓBAL,SAN CRISTÓBAL,INGENIO NUEVO,TRADICIONAL,470,CARLOS JOSE REYES VIZCAINO,CARLOS JOSE REYES VIZCAINO,KELVIN ABAD SC,KELVIN ABAD SC,18.38648,-70.1269,470 SAN CRISTOBAL,ALTA RETORNABILIDAD,SIN INCIDENCIA,ICE,1162008006,Sin Visita,Elegible,18.38648,-70.1269,18.38648-70.1269,ELEGIBLE,NO,T,T,HTNVO101,SAN CRISTOBAL,HTNVO101-HATO NUEVO,2.0,Día 2,31.0,0.0,TITULAR,9000168405,,2.0,ARILEYSIS,Cargar
NO,HOME MARKET TRADICIONAL,TIENDAS,Plata,CHARLES DE GAULLE,ZONA SD ORIENTAL,9000013024,13024,COLMADO DANIEL,C/MARIA DE TOLEDO # 1,JUNIOR RIVERA,SANTO DOMINGO,SANTO DOMINGO,SANTO DOMINGO ESTE CENTRO,TRADICIONAL,316,LUIS GONZALEZ,LUIS GONZALEZ,FABIEL PEÑA,FABIEL PEÑA,18.5386034647624,-69.860471089681,316 CHARLES DE GAULLE,BAJA RETORNABILIDAD,SIN INCIDENCIA,ICE,1153006066,Ultima Aprobada,Elegible,18.5383331,-69.8606114,18.5383331-69.8606114,ELEGIBLE,NO,S,S1,CHLES103,CHARLES DE GAULLE,CHLES103-CHARLES DE GAULLE,3.0,Día 3,,,SUPLENTE,9000013024,,3.0,JEAN LUIS,Cargar
NO,HOME MARKET TRADICIONAL,TIENDAS,Plata,CHARLES DE GAULLE,ZONA SD ORIENTAL,9000014556,14556,COLMADO PEGUERO II,MANZANA 36,JUNIOR RIVERA,SANTO DOMINGO,SANTO DOMINGO,SANTO DOMINGO ESTE CENTRO,TRADICIONAL,322,EUGENIO PEREZ,EUGENIO PEREZ,FABIEL PEÑA,FABIEL PEÑA,18.5437567234039,-69.9077663421631,322 CHARLES DE GAULLE,BAJA RETORNABILIDAD,SIN INCIDENCIA,ICE,1153008638,Ultima Aprobada,Elegible,18.54378684817531,-69.9078211796313,18.5437868481753-69.9078211796313,ELEGIBLE,NO,S,S1,CHLES103,CHARLES DE GAULLE,CHLES103-CHARLES DE GAULLE,1.0,Día 1,,,SUPLENTE,9000014556,,1.0,JEAN LUIS,Cargar
SI,HOME MARKET TRADICIONAL,MINIMERCADOS,ORO,HATO NUEVO,ZONA OCCIDENTAL  Y SC,9000001148,1148,SUPER COLMADO BAEZ II,"WINSTON ALNO, ENS. QUISQUEYA",JUAN PAULINO,DISTRITO NACIONAL,DISTRITO NACIONAL,QUISQUEYA,TRADICIONAL,319,WANNER DE JESUS CASTILLO VICENTE,WANNER DE JESUS CASTILLO VICENTE,RAMON CUELLO HN,RAMON CUELLO HN,18.45786,-69.9515,319 HATO NUEVO,BAJA RETORNABILIDAD,SIN INCIDENCIA,ICE,1169008115,Ultima Aprobada,Elegible,18.45769202,-69.95156912,18.45769202-69.95156912,ELEGIBLE,NO,T,T PANEL,DSTRIO104,HATO NUEVO,DSTRIO104-HATO NUEVO,1.0,Día 1,9.0,0.0,TITULAR,9000001148,,1.0,JENIFER GÓMEZ,Cargar
SI,HOME MARKET TRADICIONAL,MINIMERCADOS,ORO,HATO NUEVO,ZONA OCCIDENTAL  Y SC,9000004204,4204,SUPER COLMADO LILY,"C/ B #1, MIRADOR NORTE",JUAN PAULINO,DISTRITO NACIONAL,DISTRITO NACIONAL,CENTRO DE LA CIUDAD,TRADICIONAL,306,ANIBAL PUELLO,ANIBAL PUELLO,RAMON CUELLO HN,RAMON CUELLO HN,18.4483947753906,-69.9642868041992,306 HATO NUEVO,BAJA RETORNABILIDAD,SIN INCIDENCIA,ICE,1169007508,Ultima Aprobada,Elegible,18.44847579,-69.96439166,18.44847579-69.96439166,ELEGIBLE,NO,T,T PANEL,DSTRIO104,HATO NUEVO,DSTRIO104-HATO NUEVO,2.0,Día 2,18.0,0.0,TITULAR,9000004204,,2.0,JENIFER GÓMEZ,Cargar
NO,HOME MARKET TRADICIONAL,TIENDAS,Plata,SANTIAGO,ZONA NORTE,9000017049,17049,COLMADO MARINO,C/9 #18 HOYA DEL CAIMITO ROMELINDA,DEYBI VARGAS,SANTIAGO,SANTIAGO,CENTRO DEL PUEBLO,TRADICIONAL,307,JUAN ESTRELLA,JUAN ESTRELLA,ALEXANDER MARTE,ALEXANDER MARTE,19.4621105194091,-70.6687316894531,307 SANTIAGO,ALTA RETORNABILIDAD,SIN INCIDENCIA,ICE,1151000947,Ultima Aprobada,Elegible,19.462178,-70.6688165,19.462178-70.6688165,ELEGIBLE,NO,S,S1,STAGO108,SANTIAGO,STAGO108-SANTIAGO,1.0,Día 1,,,SUPLENTE,9000017049,,1.0,YARLENYS,Cargar
SI,HOME MARKET TRADICIONAL,TIENDAS,ORO,SANTO DOMINGO,ZONA OCCIDENTAL  Y SC,9000009204,9204,COL CHARLOT III,BALTAZAR,JUAN PAULINO,SANTO DOMINGO,SANTO DOMINGO,SANTO DOMINGO OESTE CENTRO,TRADICIONAL,314,JOSE ENMANUEL ROSARIO MERCEDES,JOSE ENMANUEL ROSARIO MERCEDES,DANIEL BATISTA,DANIEL BATISTA,18.4850299358368,-69.8957071304321,314 SANTO DOMINGO,BAJA RETORNABILIDAD,SIN INCIDENCIA,TITAN,1150012976,Ultima Aprobada,Elegible,18.4853555,-69.89585399,18.4853555-69.89585399,ELEGIBLE,NO,T,T PANEL,DSTRTO105,SANTO DOMINGO,DSTRTO105-HATO NUEVO,2.0,Día 2,25.0,0.0,TITULAR,9000009204,,2.0,JEYSON VALDEZ,Cargar
NO,HOME MARKET TRADICIONAL,TIENDAS,ORO,HATO NUEVO,ZONA OCCIDENTAL  Y SC,9000009508,9508,BODEGA Y BANCA LA PLAZA,SAN MARTIN,JUAN PAULINO,DISTRITO NACIONAL,DISTRITO NACIONAL,ENSANCHE KENNEDY,TRADICIONAL,421,SMAYLI RAMON RODRIGUEZ QUEZADA,SMAYLI RAMON RODRIGUEZ QUEZADA,RAMON CUELLO HN,RAMON CUELLO HN,18.4843273162842,-69.9249680259011,421 HATO NUEVO,BAJA RETORNABILIDAD,SIN INCIDENCIA,ICE,1169008371,Ultima Aprobada,Elegible,18.48430833333333,-69.92513666666667,18.4843083333333-69.9251366666667,ELEGIBLE,NO,T,T,DSTRTO105,HATO NUEVO,DSTRTO105-HATO NUEVO,2.0,Día 2,31.0,0.0,TITULAR,9000009508,,2.0,JEYSON VALDEZ,Cargar
NO,HOME MARKET TRADICIONAL,MINIMERCADOS,ORO,HATO NUEVO,ZONA OCCIDENTAL  Y SC,9000002127,2127,MINI MARKET LA SUERTE,C/ 1ra NO. 2,JUAN PAULINO,DISTRITO NACIONAL,DISTRITO NACIONAL,BRISAS DEL NORTE,TRADICIONAL,391,EZEQUIEL JIMENEZ VALENZUELA,EZEQUIEL JIMENEZ VALENZUELA,JUNIOR OVALLES,JUNIOR OVALLES,18.5078086853027,-69.9918518066406,391 HATO NUEVO,ALTA RETORNABILIDAD,SIN INCIDENCIA,ICE,1169000457,Ultima Aprobada,Elegible,18.5078353,-69.9919202,18.5078353-69.9919202,ELEGIBLE,NO,S,S1,SDOESTE110,HATO NUEVO,SDOESTE110-HATO NUEVO,3.0,Día 3,,,SUPLENTE,9000002127,,3.0,,Cargar
NO,HOME MARKET TRADICIONAL,TIENDAS,Plata,SANTIAGO,ZONA NORTE,9000021267,21267,COLMADO ALMENDRA,307BRISAS DEL NORTE C5 STGOS,DEYBI VARGAS,SANTIAGO,SANTIAGO,CENTRO DEL PUEBLO,TRADICIONAL,380,JUNIOR REYES,JUNIOR REYES,ALEXANDER MARTE,ALEXANDER MARTE,19.4697980880737,-70.6543817520142,380 SANTIAGO,ALTA RETORNABILIDAD,SIN INCIDENCIA,ICE,1151010896,Ultima Aprobada,Elegible,19.46978333333333,-70.654385,19.4697833333333-70.654385,ELEGIBLE,NO,S,S1,STAGO108,SANTIAGO,STAGO108-SANTIAGO,1.0,Día 1,,,SUPLENTE,9000021267,,1.0,YARLENYS,Cargar
NO,HOME MARKET TRADICIONAL,TIENDAS,Bronce,SANTIAGO,ZONA NORTE,9000023433,23433,COLMADO JORGE,C/SABANA IGLESIA ESQ. A,DEYBI VARGAS,SANTIAGO,SANTIAGO,CENTRO DEL PUEBLO,TRADICIONAL,352,SANCHEZ SOSA EDWIN,SANCHEZ SOSA EDWIN,YOHAO TAVERAS ROSARIO,YOHAO TAVERAS ROSARIO,19.4868144989014,-70.7418441772461,352 SANTIAGO,ALTA RETORNABILIDAD,SIN INCIDENCIA,ICE,1151025424,Ultima Aprobada,Elegible,19.48695,-70.74185833333333,19.48695-70.7418583333333,ELEGIBLE,NO,S,S1,STIAGO107,SANTIAGO,STIAGO107-SANTIAGO,1.0,Día 1,,,SUPLENTE,9000023433,,1.0,MARTIN MARTINEZ,Cargar
SI,HOME MARKET TRADICIONAL,MINIMERCADOS,ORO,SANTO DOMINGO,ZONA OCCIDENTAL  Y SC,9000085334,85334,MINI MARKET EXPRESS,FRANCISCO SOÑE,JUAN PAULINO,DISTRITO NACIONAL,DISTRITO NACIONAL,BELLA VISTA,TRADICIONAL,418,ESFRAILYN GALVEZ BAUTISTA,ESFRAILYN GALVEZ BAUTISTA,JUAN BATISTA,JUAN BATISTA,18.45458,-69.94745,418 SANTO DOMINGO,BAJA RETORNABILIDAD,SIN INCIDENCIA,TITAN,1150023712,Ultima Aprobada,Elegible,18.4524729,-69.9497205,18.4524729-69.9497205,ELEGIBLE,NO,T,T PANEL,DSTRIO104,SANTO DOMINGO,DSTRIO104-HATO NUEVO,1.0,Día 1,12.0,0.0,TITULAR,9000085334,,1.0,JENIFER GÓMEZ,Cargar
NO,HOME MARKET TRADICIONAL,TIENDAS,Plata,HATO NUEVO,ZONA OCCIDENTAL  Y SC,9000081569,81569,COL LOS FARAYONES,RESPALDO OVANDO LOS FARAYONES,JUAN PAULINO,DISTRITO NACIONAL,DISTRITO NACIONAL,CRISTO REY,TRADICIONAL,340,STARLIN HERRERA,STARLIN HERRERA,RAMON CUELLO HN,RAMON CUELLO HN,18.4995474815369,-69.9300651550293,340 HATO NUEVO,BAJA RETORNABILIDAD,SIN INCIDENCIA,ICE,1169009683,Sin Visita,Elegible,18.4995474815369,-69.9300651550293,18.4995474815369-69.9300651550293,ELEGIBLE,NO,T,T,DSTRTO105,HATO NUEVO,DSTRTO105-HATO NUEVO,3.0,Día 3,37.0,0.0,TITULAR,9000081569,,3.0,JEYSON VALDEZ,Cargar
NO,HOME MARKET TRADICIONAL,TIENDAS,Plata,SAN FRANCISCO,ZONA NORTE,9000104319,104319,COLMADO CAMILO,SAN ANTONIO ESQ SOTERO AMPARO,DEYBI VARGAS,DUARTE,DUARTE,CENTRO DEL PUEBLO,TRADICIONAL,337,ROBINSON CAMILO DE JESÚS,ROBINSON CAMILO DE JESÚS,DANIEL REYES GARCIA,DANIEL REYES GARCIA,19.2074642181396,-70.0256423950195,337 SAN FRANCISCO,ALTA RETORNABILIDAD,SIN INCIDENCIA,ICE,1154011299,Ultima Aprobada,Elegible,19.20746268333333,-70.02575325,19.2074626833333-70.02575325,ELEGIBLE,NO,T,T,NGUA106,SAN FRANCISCO,NGUA106-NAGUA,3.0,Día 3,39.0,0.0,TITULAR,9000104319,,3.0,JORGE LUIS,Cargar
NO,HOME MARKET TRADICIONAL,TIENDAS,ORO,SANTIAGO,ZONA NORTE,9000017032,17032,MINI COLMADO RODRIGUEZ,GRAL.VALVERDE #18 LA HOYA,DEYBI VARGAS,SANTIAGO,SANTIAGO,CENTRO DEL PUEBLO,TRADICIONAL,303,ANTHONY DARIA SANCHEZ SURIEL,ANTHONY DARIA SANCHEZ SURIEL,YOHAO TAVERAS ROSARIO,YOHAO TAVERAS ROSARIO,19.4506893157959,-70.7088088989258,303 SANTIAGO,ALTA RETORNABILIDAD,SIN INCIDENCIA,TITAN,1151000924,Sin Visita,Elegible,19.4506893157959,-70.7088088989258,19.4506893157959-70.7088088989258,ELEGIBLE,NO,S,S1,STIAGO107,SANTIAGO,STIAGO107-SANTIAGO,2.0,Día 2,,,SUPLENTE,9000017032,,2.0,MARTIN MARTINEZ,Cargar
NO,HOME MARKET TRADICIONAL,TIENDAS,ORO,SANTIAGO,ZONA NORTE,9000017047,17047,COLMADO SAN RAFAEL,"AV.METROPOLITANA NO.26, LOS JARDINES",DEYBI VARGAS,SANTIAGO,SANTIAGO,CENTRO DEL PUEBLO,TRADICIONAL,325,BRIAN JOSE NUÑEZ,BRIAN JOSE NUÑEZ,JUAN LUIS LA HOZ,JUAN LUIS LA HOZ,19.4649116516113,-70.6932205200195,325 SANTIAGO,ALTA RETORNABILIDAD,SIN INCIDENCIA,TITAN,1151000945,Sin Visita,Elegible,19.4649116516113,-70.6932205200195,19.4649116516113-70.6932205200195,ELEGIBLE,NO,S,S1,STAGO108,SANTIAGO,STAGO108-SANTIAGO,2.0,Día 2,,,SUPLENTE,9000017047,,2.0,YARLENYS,Cargar
NO,HOME MARKET TRADICIONAL,TIENDAS,Plata,CHARLES DE GAULLE,ZONA SD ORIENTAL,9000116449,116449,COLMADO ALFONZO,MILAGROSA,JUNIOR RIVERA,SANTO DOMINGO,SANTO DOMINGO,VILLA MELLA,TRADICIONAL,356,JONATHAN MERCEDEZ,JONATHAN MERCEDEZ,FABIEL PEÑA,FABIEL PEÑA,18.5331211090088,-69.9173355102539,356 CHARLES DE GAULLE,BAJA RETORNABILIDAD,SIN INCIDENCIA,ICE,1153020225,Sin Visita,Elegible,18.5331211090088,-69.9173355102539,18.5331211090088-69.9173355102539,ELEGIBLE,NO,T,T,CHLES103,CHARLES DE GAULLE,CHLES103-CHARLES DE GAULLE,1.0,Día 1,7.0,0.0,TITULAR,9000116449,,1.0,JEAN LUIS,Cargar
NO,HOME MARKET TRADICIONAL,TIENDAS,ORO,HATO NUEVO,ZONA OCCIDENTAL  Y SC,9000034757,34757,COL. LA MAGNIFICA,C/ BERNARDO ALIE Ñ 229,JUAN PAULINO,SAN CRISTÓBAL,SAN CRISTÓBAL,CENTRO DE LA CIUDAD,TRADICIONAL,446,RANDY DELGADO,RANDY DELGADO,KELVIN ABAD PLACENCIO HN,KELVIN ABAD PLACENCIO HN,18.4038615226746,-70.1060400009155,446 HATO NUEVO,ALTA RETORNABILIDAD,SIN INCIDENCIA,ICE,1169005915,Ultima Aprobada,Elegible,18.40385499,-70.10604942,18.40385499-70.10604942,ELEGIBLE,NO,S,S1,HTNVO101,HATO NUEVO,HTNVO101-HATO NUEVO,1.0,Día 1,,,SUPLENTE,9000034757,,1.0,ARILEYSIS,Cargar
NO,HOME MARKET TRADICIONAL,TIENDAS,Plata,SANTO DOMINGO,ZONA OCCIDENTAL  Y SC,9000133715,133715,BODEGA SANTO DOMINGO,30 DE MAYO,JUAN PAULINO,DISTRITO NACIONAL,DISTRITO NACIONAL,ENSANCHE LUPERÓN,TRADICIONAL,395,RAMON RODRIGUEZ CORNIEL,RAMON RODRIGUEZ CORNIEL,DANIEL BATISTA,DANIEL BATISTA,18.5047028859456,-69.8940925598145,395 SANTO DOMINGO,ALTA RETORNABILIDAD,SIN INCIDENCIA,TITAN,1150035367,Sin Visita,Elegible,18.5047028859456,-69.8940925598145,18.5047028859456-69.8940925598145,ELEGIBLE,NO,T,T,DSTRTO105,SANTO DOMINGO,DSTRTO105-HATO NUEVO,1.0,Día 1,14.0,0.0,TITULAR,9000133715,,1.0,JEYSON VALDEZ,Cargar
NO,ON PREMISE,CAFETERIA / RESTAURANTE INFORMAL,Plata,SANTIAGO,ZONA NORTE,9000137120,137120,DON DIEGO SNACK,C JUAN PABLO DUARTE PLAZA BELLA TERRA MALL VILLA OLGA,DEYBI VARGAS,SANTIAGO,SANTIAGO,VILLA OLGA,C&B,366,CHRISTHIAN MERCADO,CHRISTHIAN MERCADO,ANTONIO JIMENEZ,ANTONIO JIMENEZ,19.458282,-70.684257,366 SANTIAGO,BAJA RETORNABILIDAD,SIN INCIDENCIA,ICE,1151035233,Ultima Aprobada,Elegible,19.45841455441171,-70.68446436759733,19.4584145544117-70.6844643675973,ELEGIBLE,NO,T,T,STIAGO107,SANTIAGO,STIAGO107-SANTIAGO,3.0,Día 3,42.0,0.0,TITULAR,9000137120,,3.0,MARTIN MARTINEZ,Cargar
NO,HOME MARKET TRADICIONAL,TIENDAS,ORO,HATO NUEVO,ZONA OCCIDENTAL  Y SC,9000053965,53965,J Y M,CALLE JULIO COLPORAN LA ZUISA,JUAN PAULINO,SAN CRISTÓBAL,SAN CRISTÓBAL,LA SUIZA,TRADICIONAL,449,CECILIO RODRIGUEZ CORPORAN,CECILIO RODRIGUEZ CORPORAN,KELVIN ABAD PLACENCIO HN,KELVIN ABAD PLACENCIO HN,18.4341764450073,-70.1233749389648,449 HATO NUEVO,BAJA RETORNABILIDAD,SIN INCIDENCIA,ICE,1169007266,Ultima Aprobada,Elegible,18.43411287,-70.12341345,18.43411287-70.12341345,ELEGIBLE,NO,S,S1,HTNVO101,HATO NUEVO,HTNVO101-HATO NUEVO,1.0,Día 1,,,SUPLENTE,9000053965,,1.0,ARILEYSIS,Cargar
NO,HOME MARKET TRADICIONAL,TIENDAS,ORO,HATO NUEVO,ZONA OCCIDENTAL  Y SC,9000034499,34499,COLMADO ARIEL,SURC/ 1ERA. Ñ 22 MADRE VIEJA SUR,JUAN PAULINO,SAN CRISTÓBAL,SAN CRISTÓBAL,MADRE VIEJA DEL SUR,TRADICIONAL,445,JOSE ALVAREZ,JOSE ALVAREZ,KELVIN ABAD PLACENCIO HN,KELVIN ABAD PLACENCIO HN,18.42032814,-70.09997559,445 HATO NUEVO,BAJA RETORNABILIDAD,SIN INCIDENCIA,ICE,1169005790,Sin Visita,Elegible,18.42032814,-70.09997559,18.42032814-70.09997559,ELEGIBLE,NO,S,S1,HTNVO101,HATO NUEVO,HTNVO101-HATO NUEVO,3.0,Día 3,,,SUPLENTE,9000034499,,3.0,ARILEYSIS,Cargar
NO,HOME MARKET TRADICIONAL,TIENDAS,Bronce,SAN CRISTOBAL,ZONA OCCIDENTAL  Y SC,9000035531,35531,COL. SEFO,PABLO BARINE,JUAN PAULINO,SAN CRISTÓBAL,SAN CRISTÓBAL,CENTRO DE LA CIUDAD,TRADICIONAL,444,FAUSTO BRITO,FAUSTO BRITO,KELVIN ABAD PLACENCIO HN,KELVIN ABAD PLACENCIO HN,18.40000343,-70.11029816,444 SAN CRISTOBAL,ALTA RETORNABILIDAD,SIN INCIDENCIA,ICE,1169004388,Sin Visita,Elegible,18.40000343,-70.11029816,18.40000343-70.11029816,ELEGIBLE,NO,S,S1,HTNVO101,SAN CRISTOBAL,HTNVO101-HATO NUEVO,2.0,Día 2,,,SUPLENTE,9000035531,,2.0,ARILEYSIS,Cargar
NO,HOME MARKET TRADICIONAL,TIENDAS,Bronce,CHARLES DE GAULLE,ZONA SD ORIENTAL,9000072178,72178,COLMADO AMARLLO,SAN MIGUEL ESQ SAN RAMON,JUNIOR RIVERA,SANTO DOMINGO,SANTO DOMINGO,SANTO DOMINGO NORTE (CENTRO),TRADICIONAL,363,ELIEZER DEL VILLAR,ELIEZER DEL VILLAR,FABIEL PEÑA,FABIEL PEÑA,18.5657424927,-69.8933029175,363 CHARLES DE GAULLE,BAJA RETORNABILIDAD,SIN INCIDENCIA,ICE,1153012543,Ultima Aprobada,Elegible,18.56575833333333,-69.89328666666667,18.5657583333333-69.8932866666667,ELEGIBLE,NO,S,S1,CHLES103,CHARLES DE GAULLE,CHLES103-CHARLES DE GAULLE,2.0,Día 2,,,SUPLENTE,9000072178,,2.0,JEAN LUIS,Cargar
NO,HOME MARKET TRADICIONAL,TIENDAS,Bronce,SAN CRISTOBAL,ZONA OCCIDENTAL  Y SC,9000036398,36398,COL. MIRELLA,"CALLE A NO.1042, SEMANA SANTA,YAGUATE,S.C.",JUAN PAULINO,SAN CRISTÓBAL,SAN CRISTÓBAL,CENTRO DE LA CIUDAD,TRADICIONAL,447,JUAN DE LOS SANTOS,JUAN DE LOS SANTOS,KELVIN ABAD PLACENCIO HN,KELVIN ABAD PLACENCIO HN,18.3397769927979,-70.2328262329102,447 SAN CRISTOBAL,ALTA RETORNABILIDAD,SIN INCIDENCIA,ICE,1169004658,Sin Visita,Elegible,18.3397769927979,-70.2328262329102,18.3397769927979-70.2328262329102,ELEGIBLE,NO,S,S1,HTNVO101,SAN CRISTOBAL,HTNVO101-HATO NUEVO,1.0,Día 1,,,SUPLENTE,9000036398,,1.0,ARILEYSIS,Cargar
NO,HOME MARKET TRADICIONAL,MINIMERCADOS,ORO,HATO NUEVO,ZONA OCCIDENTAL  Y SC,9000153488,153488,MINI MARKET LOPE DE VEGA,AV LOPE DE VEGA ESQ PORFIRIO HERRERA STO DGO DN,JUAN PAULINO,DISTRITO NACIONAL,DISTRITO NACIONAL,PIANTINI,TRADICIONAL,332,WELLINTON YSRAEL CASANOVA MONTERO,WELLINTON YSRAEL CASANOVA MONTERO,RAMON CUELLO HN,RAMON CUELLO HN,18.48107529,-69.93122864,332 HATO NUEVO,BAJA RETORNABILIDAD,SIN INCIDENCIA,ICE,1169009266,Sin Visita,Elegible,18.48107529,-69.93122864,18.48107529-69.93122864,ELEGIBLE,NO,T,T,DSTRIO104,HATO NUEVO,DSTRIO104-HATO NUEVO,3.0,Día 3,30.0,0.0,TITULAR,9000153488,,3.0,JENIFER GÓMEZ,Cargar
NO,HOME MARKET TRADICIONAL,TIENDAS,Bronce,NAGUA,ZONA ESTE,9000156161,156161,COLMADO DILEINNY,CALLE PRINCIPAL BARRIO EL PLAY EN SANCHEZ,SAUL GIL,SAMANÁ,SAMANÁ,EL PLAY,TRADICIONAL,308,JOSÉ JOAQUÍN VASQUEZ JIMENEZ,JOSÉ JOAQUÍN VASQUEZ JIMENEZ,LEONEL ALMONTE ORTEGA,LEONEL ALMONTE ORTEGA,19.228235,-69.619434,308 NAGUA,ALTA RETORNABILIDAD,SIN INCIDENCIA,ICE,1152011607,Sin Visita,Elegible,19.228235,-69.619434,19.228235-69.619434,ELEGIBLE,NO,T,T,NGUA106,NAGUA,NGUA106-NAGUA,3.0,Día 3,43.0,0.0,TITULAR,9000156161,,3.0,JORGE LUIS,Cargar
NO,HOME MARKET TRADICIONAL,TIENDAS,ORO,NAGUA,ZONA ESTE,9000042204,42204,COLMADO LAS 3 HERMANAS,"C\PRINCIPAL, COSON",SAUL GIL,SAMANÁ,SAMANÁ,CENTRO DEL PUEBLO,TRADICIONAL,305,DERLIN GIL GARCIA,DERLIN GIL GARCIA,LEONEL ALMONTE ORTEGA,LEONEL ALMONTE ORTEGA,19.2995090484619,-69.5654907226562,305 NAGUA,BAJA RETORNABILIDAD,SIN INCIDENCIA,TITAN,1152004060,Sin Visita,Elegible,19.2995090484619,-69.5654907226562,19.2995090484619-69.5654907226562,ELEGIBLE,NO,S,S1,NGUA106,NAGUA,NGUA106-NAGUA,3.0,Día 3,,,SUPLENTE,9000042204,,3.0,JORGE LUIS,Cargar
NO,HOME MARKET TRADICIONAL,TIENDAS,ORO,NAGUA,ZONA ESTE,9000042516,42516,COLMADO ROSA,CALLE PRINCIPAL VILLA ALTAGRACIA DEL YAYAL,SAUL GIL,MARÍA TRINIDAD SÁNCHEZ,MARÍA TRINIDAD SÁNCHEZ,CENTRO DEL PUEBLO,TRADICIONAL,306,PEDRO MANUEL MEJIA PEÑA,PEDRO MANUEL MEJIA PEÑA,RICHARD PAREDES,RICHARD PAREDES,19.4177846908569,-69.9809169769287,306 NAGUA,ALTA RETORNABILIDAD,SIN INCIDENCIA,TITAN,1152004541,Sin Visita,Elegible,19.4177846908569,-69.9809169769287,19.4177846908569-69.9809169769287,ELEGIBLE,NO,S,S1,NGUA106,NAGUA,NGUA106-NAGUA,2.0,Día 2,,,SUPLENTE,9000042516,,2.0,JORGE LUIS,Cargar
NO,HOME MARKET TRADICIONAL,TIENDAS,Plata,CHARLES DE GAULLE,ZONA SD ORIENTAL,9000159223,159223,COLMADO YORKA 3,CALLE LIVEY NO 18 VILLA MELLA SANTO DOMINGO NORTE,JUNIOR RIVERA,SANTO DOMINGO,SANTO DOMINGO,SANTO DOMINGO NORTE (CENTRO),TRADICIONAL,324,HELDER SUERO,HELDER SUERO,FABIEL PEÑA,FABIEL PEÑA,18.5777339,-69.9246252,324 CHARLES DE GAULLE,BAJA RETORNABILIDAD,SIN INCIDENCIA,ICE,1153027356,Sin Visita,Elegible,18.5777339,-69.9246252,18.5777339-69.9246252,ELEGIBLE,NO,T,T,CHLES103,CHARLES DE GAULLE,CHLES103-CHARLES DE GAULLE,2.0,Día 2,27.0,0.0,TITULAR,9000159223,,2.0,JEAN LUIS,Cargar
NO,HOME MARKET TRADICIONAL,MINIMERCADOS,ORO,CHARLES DE GAULLE,ZONA SD ORIENTAL,9000092709,92709,MINI MARKET JOEL,DARADO 111 MANZ B,JUNIOR RIVERA,SANTO DOMINGO,SANTO DOMINGO,SANTO DOMINGO NORTE (CENTRO),TRADICIONAL,322,EUGENIO PEREZ,EUGENIO PEREZ,FABIEL PEÑA,FABIEL PEÑA,18.5520702997843,-69.9235420227051,322 CHARLES DE GAULLE,BAJA RETORNABILIDAD,SIN INCIDENCIA,TITAN,1153017141,Ultima Aprobada,Elegible,18.55207836101252,-69.92352267102211,18.5520783610125-69.9235226710221,ELEGIBLE,NO,S,S1,CHLES103,CHARLES DE GAULLE,CHLES103-CHARLES DE GAULLE,1.0,Día 1,,,SUPLENTE,9000092709,,1.0,JEAN LUIS,Cargar
NO,HOME MARKET TRADICIONAL,TIENDAS,ORO,CHARLES DE GAULLE,ZONA SD ORIENTAL,9000093715,93715,COL EL BOBASO,CARRETERA PRINCIPAL GUANUMA,JUNIOR RIVERA,SANTO DOMINGO,SANTO DOMINGO,VILLA MELLA,TRADICIONAL,324,HELDER SUERO,HELDER SUERO,FABIEL PEÑA,FABIEL PEÑA,18.6955432891846,-69.9245834350586,324 CHARLES DE GAULLE,BAJA RETORNABILIDAD,SIN INCIDENCIA,TITAN,1153016716,Sin Visita,Elegible,18.6955432891846,-69.9245834350586,18.6955432891846-69.9245834350586,ELEGIBLE,NO,S,S1,CHLES103,CHARLES DE GAULLE,CHLES103-CHARLES DE GAULLE,1.0,Día 1,,,SUPLENTE,9000093715,,1.0,JEAN LUIS,Cargar
NO,HOME MARKET TRADICIONAL,MINIMERCADOS,ORO,NAGUA,ZONA ESTE,9000117152,117152,ANTERO COMERCIAL,AV MARIA TRINIDAD SANCHEZ NAGUA,SAUL GIL,MARÍA TRINIDAD SÁNCHEZ,MARÍA TRINIDAD SÁNCHEZ,CENTRO DEL PUEBLO,TRADICIONAL,307,AZARIAS BRATINI VENTURA,AZARIAS BRATINI VENTURA,RICHARD PAREDES,RICHARD PAREDES,19.3639450073242,-69.8512496948242,307 NAGUA,BAJA RETORNABILIDAD,SIN INCIDENCIA,TITAN,1152009059,Ultima Aprobada,Elegible,19.363982,-69.8513206,19.363982-69.8513206,ELEGIBLE,NO,S,S1,NGUA106,NAGUA,NGUA106-NAGUA,1.0,Día 1,,,SUPLENTE,9000117152,,1.0,JORGE LUIS,Cargar
SI,HOME MARKET TRADICIONAL,TIENDAS,ORO,HATO NUEVO,ZONA OCCIDENTAL  Y SC,9000001305,1305,BODEGA PAMELA,EMIL BOYRIE DE MOYA,JUAN PAULINO,DISTRITO NACIONAL,DISTRITO NACIONAL,CENTRO DE LA CIUDAD,TRADICIONAL,319,WANNER DE JESUS CASTILLO VICENTE,WANNER DE JESUS CASTILLO VICENTE,RAMON CUELLO HN,RAMON CUELLO HN,18.46044731,-69.9432373,319 HATO NUEVO,ALTA RETORNABILIDAD,SIN INCIDENCIA,ICE,1169009463,Ultima Aprobada,Elegible,18.4605829,-69.9431742,18.4605829-69.9431742,ELEGIBLE,NO,T,T PANEL,DSTRIO104,HATO NUEVO,DSTRIO104-HATO NUEVO,3.0,Día 3,37.0,0.0,TITULAR,9000001305,,3.0,JENIFER GÓMEZ,Cargar
SI,HOME MARKET TRADICIONAL,TIENDAS,ORO,HATO NUEVO,ZONA OCCIDENTAL  Y SC,9000004900,4900,COL. JOSE,MANGANAGUA # 4 RESTAURADORES,JUAN PAULINO,DISTRITO NACIONAL,DISTRITO NACIONAL,CENTRO DE LA CIUDAD,TRADICIONAL,306,ANIBAL PUELLO,ANIBAL PUELLO,RAMON CUELLO HN,RAMON CUELLO HN,18.4515972137451,-69.9685821533203,306 HATO NUEVO,ALTA RETORNABILIDAD,SIN INCIDENCIA,ICE,1169009580,Ultima Aprobada,Elegible,18.45169752,-69.9685798,18.45169752-69.9685798,ELEGIBLE,NO,T,T PANEL,DSTRIO104,HATO NUEVO,DSTRIO104-HATO NUEVO,2.0,Día 2,20.0,0.0,TITULAR,9000004900,,2.0,JENIFER GÓMEZ,Cargar
SI,HOME MARKET TRADICIONAL,MINIMERCADOS,ORO,SANTO DOMINGO,ZONA OCCIDENTAL  Y SC,9000096418,96418,COLMADO H Y D,ROMULO BETANCOURT,JUAN PAULINO,DISTRITO NACIONAL,DISTRITO NACIONAL,BELLA VISTA,TRADICIONAL,418,ESFRAILYN GALVEZ BAUTISTA,ESFRAILYN GALVEZ BAUTISTA,JUAN BATISTA,JUAN BATISTA,18.45244,-69.95065,418 SANTO DOMINGO,BAJA RETORNABILIDAD,SIN INCIDENCIA,TITAN,1150026827,Ultima Aprobada,Elegible,18.452404,-69.9506647,18.452404-69.9506647,ELEGIBLE,NO,T,T PANEL,DSTRIO104,SANTO DOMINGO,DSTRIO104-HATO NUEVO,1.0,Día 1,11.0,0.0,TITULAR,9000096418,,1.0,JENIFER GÓMEZ,Cargar
NO,HOME MARKET TRADICIONAL,TIENDAS,Plata,SAN FRANCISCO,ZONA NORTE,9000108950,108950,COLMADO MOREL,CARRETERA NAGUA SAN F DE MACORIS,DEYBI VARGAS,DUARTE,DUARTE,CRUCE DE LOS LANOS,TRADICIONAL,337,ROBINSON CAMILO DE JESÚS,ROBINSON CAMILO DE JESÚS,DANIEL REYES GARCIA,DANIEL REYES GARCIA,19.2026329041,-70.0050430298,337 SAN FRANCISCO,BAJA RETORNABILIDAD,SIN INCIDENCIA,ICE,1154011739,Sin Visita,Elegible,19.2026329041,-70.0050430298,19.2026329041-70.0050430298,ELEGIBLE,NO,T,T,NGUA106,SAN FRANCISCO,NGUA106-NAGUA,3.0,Día 3,37.0,0.0,TITULAR,9000108950,,3.0,JORGE LUIS,Cargar
NO,HOME MARKET TRADICIONAL,TIENDAS,Plata,HATO NUEVO,ZONA OCCIDENTAL  Y SC,9000111922,111922,COLMADO FULL DE TO,AV NICOLAS DE OVANDO,JUAN PAULINO,DISTRITO NACIONAL,DISTRITO NACIONAL,CRISTO REY,TRADICIONAL,340,STARLIN HERRERA,STARLIN HERRERA,RAMON CUELLO HN,RAMON CUELLO HN,18.498249,-69.930054,340 HATO NUEVO,BAJA RETORNABILIDAD,SIN INCIDENCIA,ICE,1169009728,Ultima Aprobada,Elegible,18.49825861,-69.93008735,18.49825861-69.93008735,ELEGIBLE,NO,T,T,DSTRTO105,HATO NUEVO,DSTRTO105-HATO NUEVO,3.0,Día 3,36.0,0.0,TITULAR,9000111922,,3.0,JEYSON VALDEZ,Cargar
SI,HOME MARKET TRADICIONAL,MINIMERCADOS,ORO,SANTO DOMINGO,ZONA OCCIDENTAL  Y SC,9000136167,136167,BODEGA MASITA,MANUEL UBALDO,JUAN PAULINO,DISTRITO NACIONAL,DISTRITO NACIONAL,VILLA CONSUELO,TRADICIONAL,314,JOSE ENMANUEL ROSARIO MERCEDES,JOSE ENMANUEL ROSARIO MERCEDES,DANIEL BATISTA,DANIEL BATISTA,18.48525047,-69.90338898,314 SANTO DOMINGO,BAJA RETORNABILIDAD,SIN INCIDENCIA,TITAN,1150035595,Ultima Aprobada,Elegible,18.4852707,-69.9033119,18.4852707-69.9033119,ELEGIBLE,NO,T,T PANEL,DSTRTO105,SANTO DOMINGO,DSTRTO105-HATO NUEVO,2.0,Día 2,27.0,0.0,TITULAR,9000136167,,2.0,JEYSON VALDEZ,Cargar
NO,HOME MARKET TRADICIONAL,TIENDAS,ORO,CHARLES DE GAULLE,ZONA SD ORIENTAL,9000150587,150587,COLMADO PEÑA,PRINCIPAL BRAULIA DE PAULA ENTRE LOS CASABES Y JACAGUA STO DGO NORTE,JUNIOR RIVERA,SANTO DOMINGO,SANTO DOMINGO,SANTO DOMINGO NORTE (CENTRO),TRADICIONAL,325,STARLIN ENCARNACION,STARLIN ENCARNACION,FABIEL PEÑA,FABIEL PEÑA,18.5601111,-69.9514646,325 CHARLES DE GAULLE,BAJA RETORNABILIDAD,SIN INCIDENCIA,TITAN,1153026764,Sin Visita,Elegible,18.5601111,-69.9514646,18.5601111-69.9514646,ELEGIBLE,NO,S,S1,CHLES103,CHARLES DE GAULLE,CHLES103-CHARLES DE GAULLE,2.0,Día 2,,,SUPLENTE,9000150587,,2.0,JEAN LUIS,Cargar
NO,ON PREMISE,CAFETERIA / RESTAURANTE INFORMAL,Plata,SANTIAGO,ZONA NORTE,9000154890,154890,RESTAURANTE MIRAWA,AV27 DE FEBRERO NUMERO 6 HOYA DEL CAIMITO,DEYBI VARGAS,SANTIAGO,SANTIAGO,HOYA DEL CAIMITO,C&B,366,CHRISTHIAN MERCADO,CHRISTHIAN MERCADO,ANTONIO JIMENEZ,ANTONIO JIMENEZ,19.46439098183106,-70.67015367588378,366 SANTIAGO,ALTA RETORNABILIDAD,SIN INCIDENCIA,ICE,1151039363,Ultima Aprobada,Elegible,19.46443,-70.67013833333334,19.46443-70.6701383333333,ELEGIBLE,NO,T,T,STIAGO107,SANTIAGO,STIAGO107-SANTIAGO,3.0,Día 3,43.0,0.0,TITULAR,9000154890,,3.0,MARTIN MARTINEZ,Cargar
NO,HOME MARKET TRADICIONAL,TIENDAS,ORO,HATO NUEVO,ZONA OCCIDENTAL  Y SC,9000158067,158067,SUPER BODEGA NAVIDAD NACO I,ANA GRACITA ALVAREZ NACO STO DGO DN,JUAN PAULINO,DISTRITO NACIONAL,DISTRITO NACIONAL,ENSANCHE NACO,TRADICIONAL,332,WELLINTON YSRAEL CASANOVA MONTERO,WELLINTON YSRAEL CASANOVA MONTERO,RAMON CUELLO HN,RAMON CUELLO HN,18.48121,-69.92642,332 HATO NUEVO,BAJA RETORNABILIDAD,SIN INCIDENCIA,ICE,1169008954,Sin Visita,Elegible,18.48121,-69.92642,18.48121-69.92642,ELEGIBLE,NO,T,T,DSTRIO104,HATO NUEVO,DSTRIO104-HATO NUEVO,3.0,Día 3,32.0,0.0,TITULAR,9000158067,,3.0,JENIFER GÓMEZ,Cargar
NO,HOME MARKET TRADICIONAL,TIENDAS,Plata,SANTO DOMINGO,ZONA OCCIDENTAL  Y SC,9000158661,158661,COLMADO SLEITER,EL MERCADO DENTRO,JUAN PAULINO,DISTRITO NACIONAL,DISTRITO NACIONAL,LA ZURZA,TRADICIONAL,395,RAMON RODRIGUEZ CORNIEL,RAMON RODRIGUEZ CORNIEL,DANIEL BATISTA,DANIEL BATISTA,18.5050389,-69.9095118,395 SANTO DOMINGO,ALTA RETORNABILIDAD,SIN INCIDENCIA,TITAN,1150039559,Sin Visita,Elegible,18.5050389,-69.9095118,18.5050389-69.9095118,ELEGIBLE,NO,T,T,DSTRTO105,SANTO DOMINGO,DSTRTO105-HATO NUEVO,1.0,Día 1,8.0,0.0,TITULAR,9000158661,,1.0,JEYSON VALDEZ,Cargar
NO,HOME MARKET TRADICIONAL,TIENDAS,Bronce,NAGUA,ZONA ESTE,9000162349,162349,COLMADO LAS 3J,CALLE INDEPENDENCIA NO 22 LOS RIELES DE SANCHEZ,SAUL GIL,SAMANÁ,SAMANÁ,LOS RIELES,TRADICIONAL,308,JOSÉ JOAQUÍN VASQUEZ JIMENEZ,JOSÉ JOAQUÍN VASQUEZ JIMENEZ,LEONEL ALMONTE ORTEGA,LEONEL ALMONTE ORTEGA,19.226804,-69.617257,308 NAGUA,BAJA RETORNABILIDAD,SIN INCIDENCIA,ICE,1152012124,Ultima Aprobada,Elegible,19.22685451666667,-69.61736628333333,19.2268545166667-69.6173662833333,ELEGIBLE,NO,T,T,NGUA106,NAGUA,NGUA106-NAGUA,3.0,Día 3,45.0,0.0,TITULAR,9000162349,,3.0,JORGE LUIS,Cargar
SI,HOME MARKET TRADICIONAL,MINIMERCADOS,ORO,HATO NUEVO,ZONA OCCIDENTAL  Y SC,9000004911,4911,MIT SUPER COL NAVIDAD,AV PRIVADA MIRADOR NORTE,JUAN PAULINO,DISTRITO NACIONAL,DISTRITO NACIONAL,MIRADOR NORTE,TRADICIONAL,306,ANIBAL PUELLO,ANIBAL PUELLO,RAMON CUELLO HN,RAMON CUELLO HN,18.44993,-69.9615,306 HATO NUEVO,ALTA RETORNABILIDAD,SIN INCIDENCIA,ICE,1169007649,Ultima Aprobada,Elegible,18.45001149,-69.96132978,18.45001149-69.96132978,ELEGIBLE,NO,T,T PANEL,DSTRIO104,HATO NUEVO,DSTRIO104-HATO NUEVO,2.0,Día 2,19.0,0.0,TITULAR,9000004911,,2.0,JENIFER GÓMEZ,Cargar
SI,HOME MARKET TRADICIONAL,TIENDAS,ORO,HATO NUEVO,ZONA OCCIDENTAL  Y SC,9000006989,6989,COLMADO Y DISTRIBUIDORA MONTERO,C BOLIVAR DIAZ,JUAN PAULINO,DISTRITO NACIONAL,DISTRITO NACIONAL,QUISQUEYA,TRADICIONAL,319,WANNER DE JESUS CASTILLO VICENTE,WANNER DE JESUS CASTILLO VICENTE,RAMON CUELLO HN,RAMON CUELLO HN,18.4663906097412,-69.9468765258789,319 HATO NUEVO,BAJA RETORNABILIDAD,SIN INCIDENCIA,ICE,1169007837,Ultima Aprobada,Elegible,18.46634970512241,-69.94691960513592,18.4663497051224-69.9469196051359,ELEGIBLE,NO,T,T PANEL,DSTRIO104,HATO NUEVO,DSTRIO104-HATO NUEVO,1.0,Día 1,4.0,0.0,TITULAR,9000006989,,1.0,JENIFER GÓMEZ,Cargar
NO,ON PREMISE,CAFETERIA / RESTAURANTE INFORMAL,ORO,CHARLES DE GAULLE,ZONA SD ORIENTAL,9000012394,12394,CAFETERIA ANA MARIA,AV.HERMANAS MIRABAL #586 EL EDEN VILLA MELLA.,JUNIOR RIVERA,SANTO DOMINGO,SANTO DOMINGO,VILLA MELLA,C&B,402,YORKIS OLIVARES,YORKIS OLIVARES,CHRISTOPHER GONZALEZ,CHRISTOPHER GONZALEZ,18.540207862854,-69.9043655395508,402 CHARLES DE GAULLE,BAJA RETORNABILIDAD,SIN INCIDENCIA,ICE,1153004748,Ultima Aprobada,Elegible,18.54015837565627,-69.90430915491318,18.5401583756563-69.9043091549132,ELEGIBLE,NO,S,S1,CHLES103,CHARLES DE GAULLE,CHLES103-CHARLES DE GAULLE,1.0,Día 1,,,SUPLENTE,9000012394,,1.0,JEAN LUIS,Cargar
NO,ON PREMISE,CAFETERIA / RESTAURANTE INFORMAL,ORO,CHARLES DE GAULLE,ZONA SD ORIENTAL,9000101000,101000,PARRILLADA FULGON,JACOBO MAGLUTA,JUNIOR RIVERA,SANTO DOMINGO,SANTO DOMINGO,VILLA MELLA,C&B,402,YORKIS OLIVARES,YORKIS OLIVARES,CHRISTOPHER GONZALEZ,CHRISTOPHER GONZALEZ,18.5485095978,-69.9220123291,402 CHARLES DE GAULLE,BAJA RETORNABILIDAD,SIN INCIDENCIA,ICE,1153017644,Sin Visita,Elegible,18.5485095978,-69.9220123291,18.5485095978-69.9220123291,ELEGIBLE,NO,S,S1,CHLES103,CHARLES DE GAULLE,CHLES103-CHARLES DE GAULLE,1.0,Día 1,,,SUPLENTE,9000101000,,1.0,JEAN LUIS,Cargar
NO,HOME MARKET TRADICIONAL,TIENDAS,Bronce,NAGUA,ZONA ESTE,9000161496,161496,COLMADO NILA,CALLE 1ERA NO 30 BARRIO SAN RAFAEL GUARAGUAO,SAUL GIL,DUARTE,DUARTE,ARENOSO,TRADICIONAL,314,JOSE LUIS FEBLES BELTRAN,JOSE LUIS FEBLES BELTRAN,LEONEL ALMONTE ORTEGA,LEONEL ALMONTE ORTEGA,19.11702,-69.82679,314 NAGUA,ALTA RETORNABILIDAD,SIN INCIDENCIA,ICE,1152012010,Ultima Aprobada,Elegible,19.117105,-69.82687666666668,19.117105-69.8268766666667,ELEGIBLE,NO,S,S1,NGUA106,NAGUA,NGUA106-NAGUA,1.0,Día 1,,,SUPLENTE,9000161496,,1.0,JORGE LUIS,Cargar
NO,HOME MARKET TRADICIONAL,TIENDAS,Plata,SANTO DOMINGO,ZONA OCCIDENTAL  Y SC,9000000810,810,COLMADO MANUELCITO,C/FEDERICO VELASQUEZ NO. 18 ENS. MARIA AUXILIADORA,JUAN PAULINO,DISTRITO NACIONAL,DISTRITO NACIONAL,MARÍA AUXILIADORA,TRADICIONAL,313,VICTOR GABRIEL MORA CIRIACO,VICTOR GABRIEL MORA CIRIACO,DANIEL BATISTA,DANIEL BATISTA,18.49496,-69.8882,313 SANTO DOMINGO,ALTA RETORNABILIDAD,SIN INCIDENCIA,TITAN,1150002893,Ultima Aprobada,Elegible,18.4964551,-69.8889627,18.4964551-69.8889627,ELEGIBLE,NO,S,S1,DSTRTO105,SANTO DOMINGO,DSTRTO105-HATO NUEVO,1.0,Día 1,,,SUPLENTE,9000000810,,1.0,JEYSON VALDEZ,Cargar
NO,HOME MARKET TRADICIONAL,TIENDAS,Plata,HATO NUEVO,ZONA OCCIDENTAL  Y SC,9000001411,1411,BODEGA LA SUERTA,C/ JUAN J.DUARTE # 14 / ENS. LA FE,JUAN PAULINO,DISTRITO NACIONAL,DISTRITO NACIONAL,ENSANCHE LA FÉ,TRADICIONAL,341,LUIS OSVALDO BIDO MONTERO,LUIS OSVALDO BIDO MONTERO,RAMON CUELLO HN,RAMON CUELLO HN,18.4835778872172,-69.915864944458,341 HATO NUEVO,BAJA RETORNABILIDAD,SIN INCIDENCIA,ICE,1169007905,Ultima Aprobada,Elegible,18.48372231,-69.91567527,18.48372231-69.91567527,ELEGIBLE,NO,S,S1,DSTRTO105,HATO NUEVO,DSTRTO105-HATO NUEVO,1.0,Día 1,,,SUPLENTE,9000001411,,1.0,JEYSON VALDEZ,Cargar
NO,HOME MARKET TRADICIONAL,TIENDAS,Plata,SANTIAGO,ZONA NORTE,9000017303,17303,COLMADO BAUTISTA,"C/16 #19,LOS CIRUELITOS",DEYBI VARGAS,SANTIAGO,SANTIAGO,CENTRO DEL PUEBLO,TRADICIONAL,320,YUNIOR ANTONIO GUZMAN LAMI,YUNIOR ANTONIO GUZMAN LAMI,YOHAO TAVERAS ROSARIO,YOHAO TAVERAS ROSARIO,19.4774351119995,-70.7083358764648,320 SANTIAGO,ALTA RETORNABILIDAD,SIN INCIDENCIA,ICE,1151001301,Ultima Aprobada,Elegible,19.477275,-70.708425,19.477275-70.708425,ELEGIBLE,NO,S,S1,STIAGO107,SANTIAGO,STIAGO107-SANTIAGO,2.0,Día 2,,,SUPLENTE,9000017303,,2.0,MARTIN MARTINEZ,Cargar
NO,HOME MARKET TRADICIONAL,TIENDAS,Plata,CHARLES DE GAULLE,ZONA SD ORIENTAL,9000071917,71917,COLMADO LA COTORRA,PRINCIPAL,JUNIOR RIVERA,SANTO DOMINGO,SANTO DOMINGO,VILLA MELLA,TRADICIONAL,406,ONATI TRONCOSO,ONATI TRONCOSO,FABIEL PEÑA,FABIEL PEÑA,18.5358007219103,-69.9103105333116,406 CHARLES DE GAULLE,BAJA RETORNABILIDAD,SIN INCIDENCIA,ICE,1153012329,Sin Visita,Elegible,18.5358007219103,-69.9103105333116,18.5358007219103-69.9103105333116,ELEGIBLE,NO,S,S1,CHLES103,CHARLES DE GAULLE,CHLES103-CHARLES DE GAULLE,1.0,Día 1,,,SUPLENTE,9000071917,,1.0,JEAN LUIS,Cargar
NO,HOME MARKET TRADICIONAL,TIENDAS,ORO,SANTO DOMINGO,ZONA OCCIDENTAL  Y SC,9000000184,184,BODEGA MONTE RIO,DR DEFILLO ESQ EDUARDO VICIOSO BELLA VISTA STO DGO DN,JUAN PAULINO,DISTRITO NACIONAL,DISTRITO NACIONAL,BELLA VISTA,TRADICIONAL,418,ESFRAILYN GALVEZ BAUTISTA,ESFRAILYN GALVEZ BAUTISTA,JUAN BATISTA,JUAN BATISTA,18.4529304504395,-69.9458770751953,418 SANTO DOMINGO,BAJA RETORNABILIDAD,SIN INCIDENCIA,TITAN,1150000530,Ultima Aprobada,Elegible,18.45284166666666,-69.945775,18.4528416666667-69.945775,ELEGIBLE,NO,S,S1,DSTRIO104,SANTO DOMINGO,DSTRIO104-HATO NUEVO,1.0,Día 1,,,SUPLENTE,9000000184,,1.0,JENIFER GÓMEZ,Cargar
NO,HOME MARKET TRADICIONAL,MINIMERCADOS,ORO,HATO NUEVO,ZONA OCCIDENTAL  Y SC,9000000296,296,SUPER COL MELO PIMENTEL,LIC JOSE TAPIA BREA ENS QUISQUEYA,JUAN PAULINO,DISTRITO NACIONAL,DISTRITO NACIONAL,QUISQUEYA,TRADICIONAL,319,WANNER DE JESUS CASTILLO VICENTE,WANNER DE JESUS CASTILLO VICENTE,RAMON CUELLO HN,RAMON CUELLO HN,18.4634006500244,-69.9462661743164,319 HATO NUEVO,BAJA RETORNABILIDAD,SIN INCIDENCIA,ICE,1169009400,Ultima Aprobada,Elegible,18.46342992,-69.94628549,18.46342992-69.94628549,ELEGIBLE,NO,S,S1,DSTRIO104,HATO NUEVO,DSTRIO104-HATO NUEVO,1.0,Día 1,,,SUPLENTE,9000000296,,1.0,JENIFER GÓMEZ,Cargar
NO,HOME MARKET TRADICIONAL,TIENDAS,ORO,HATO NUEVO,ZONA OCCIDENTAL  Y SC,9000000314,314,COLMADO SAN MIGUEL,DR. DEFILLO # 50. LOS PRADITOS,JUAN PAULINO,DISTRITO NACIONAL,DISTRITO NACIONAL,LOS PRADITOS,TRADICIONAL,317,FREYMI JOSE CASTRO PEREZ,FREYMI JOSE CASTRO PEREZ,RAMON CUELLO HN,RAMON CUELLO HN,18.4727430343628,-69.9526653289795,317 HATO NUEVO,ALTA RETORNABILIDAD,SIN INCIDENCIA,ICE,1169009404,Ultima Aprobada,Elegible,18.4727512,-69.9526383,18.4727512-69.9526383,ELEGIBLE,NO,S,S1,DSTRIO104,HATO NUEVO,DSTRIO104-HATO NUEVO,1.0,Día 1,,,SUPLENTE,9000000314,,1.0,JENIFER GÓMEZ,Cargar
NO,HOME MARKET TRADICIONAL,MINIMERCADOS,ORO,SANTO DOMINGO,ZONA OCCIDENTAL  Y SC,9000000566,566,S/COL. CANDY,LA GUARDIA NO. 51 VILLA CONSUELO,JUAN PAULINO,DISTRITO NACIONAL,DISTRITO NACIONAL,VILLA CONSUELO,TRADICIONAL,314,JOSE ENMANUEL ROSARIO MERCEDES,JOSE ENMANUEL ROSARIO MERCEDES,DANIEL BATISTA,DANIEL BATISTA,18.48336,-69.9018,314 SANTO DOMINGO,BAJA RETORNABILIDAD,SIN INCIDENCIA,TITAN,1150002076,Ultima Aprobada,Elegible,18.48339,-69.90183666666667,18.48339-69.9018366666667,ELEGIBLE,NO,S,S1,DSTRTO105,SANTO DOMINGO,DSTRTO105-HATO NUEVO,2.0,Día 2,,,SUPLENTE,9000000566,,2.0,JEYSON VALDEZ,Cargar
NO,HOME MARKET TRADICIONAL,TIENDAS,ORO,HATO NUEVO,ZONA OCCIDENTAL  Y SC,9000003505,3505,COLMADO LOS MUCHACHOS II,MARCOS ADON VILLAS AGRICOLAS,JUAN PAULINO,DISTRITO NACIONAL,DISTRITO NACIONAL,VILLAS AGRÍCOLAS,TRADICIONAL,323,MIGUEL ABREU PINALES,MIGUEL ABREU PINALES,DANIEL BATISTA,DANIEL BATISTA,18.4958,-69.9053,323 HATO NUEVO,BAJA RETORNABILIDAD,SIN INCIDENCIA,ICE,1169009503,Ultima Aprobada,Elegible,18.49577166666667,-69.90545333333333,18.4957716666667-69.9054533333333,ELEGIBLE,NO,S,S1,DSTRTO105,HATO NUEVO,DSTRTO105-HATO NUEVO,1.0,Día 1,,,SUPLENTE,9000003505,,1.0,JEYSON VALDEZ,Cargar
NO,HOME MARKET TRADICIONAL,TIENDAS,Plata,SANTO DOMINGO,ZONA OCCIDENTAL  Y SC,9000005386,5386,COL EL BARATON DE LA 15,15 ESQ 14,JUAN PAULINO,DISTRITO NACIONAL,DISTRITO NACIONAL,27 DE FEBRERO,TRADICIONAL,394,LUIS BREA JIMENEZ,LUIS BREA JIMENEZ,DANIEL BATISTA,DANIEL BATISTA,18.5012283325195,-69.8861312866211,394 SANTO DOMINGO,BAJA RETORNABILIDAD,SIN INCIDENCIA,ICE,1150012879,Ultima Aprobada,Elegible,18.501285,-69.88613666666667,18.501285-69.8861366666667,ELEGIBLE,NO,S,S1,DSTRTO105,SANTO DOMINGO,DSTRTO105-HATO NUEVO,3.0,Día 3,,,SUPLENTE,9000005386,,3.0,JEYSON VALDEZ,Cargar
NO,HOME MARKET TRADICIONAL,TIENDAS,ORO,HATO NUEVO,ZONA OCCIDENTAL  Y SC,9000008356,8356,COLMADO VANESSA,DOCTORES MALLEN,JUAN PAULINO,DISTRITO NACIONAL,DISTRITO NACIONAL,VIEJO ARROYO HONDO,TRADICIONAL,382,FRANCISCO JAVIER GOMEZ SANTIAGO,FRANCISCO JAVIER GOMEZ SANTIAGO,MICHAEL SOSA HN,MICHAEL SOSA HN,18.48583984375,-69.9403915405273,382 HATO NUEVO,BAJA RETORNABILIDAD,SIN INCIDENCIA,ICE,1169006282,Ultima Aprobada,Elegible,18.4851653,-69.94082395,18.4851653-69.94082395,ELEGIBLE,NO,S,S1,DSTRIO104,HATO NUEVO,DSTRIO104-HATO NUEVO,2.0,Día 2,,,SUPLENTE,9000008356,,2.0,JENIFER GÓMEZ,Cargar
NO,HOME MARKET TRADICIONAL,TIENDAS,Plata,CHARLES DE GAULLE,ZONA SD ORIENTAL,9000011655,11655,S/COLMADO. JOAQUIN,RESP. EL EDEN #8 EDEN,JUNIOR RIVERA,SANTO DOMINGO,SANTO DOMINGO,VILLA MELLA,TRADICIONAL,362,STARLIN FLORENTINO,STARLIN FLORENTINO,FABIEL PEÑA,FABIEL PEÑA,18.5371704101563,-69.8977251052856,362 CHARLES DE GAULLE,BAJA RETORNABILIDAD,SIN INCIDENCIA,ICE,1153003198,Ultima Aprobada,Elegible,18.53716180062687,-69.89773229234804,18.5371618006269-69.897732292348,ELEGIBLE,NO,S,S1,CHLES103,CHARLES DE GAULLE,CHLES103-CHARLES DE GAULLE,1.0,Día 1,,,SUPLENTE,9000011655,,1.0,JEAN LUIS,Cargar
NO,HOME MARKET TRADICIONAL,TIENDAS,Plata,CHARLES DE GAULLE,ZONA SD ORIENTAL,9000013104,13104,COLMADO JAVIER,C/M E ED. 2 AP. I B,JUNIOR RIVERA,SANTO DOMINGO,SANTO DOMINGO,SANTO DOMINGO ESTE CENTRO,TRADICIONAL,316,LUIS GONZALEZ,LUIS GONZALEZ,FABIEL PEÑA,FABIEL PEÑA,18.5329202016195,-69.8649533589681,316 CHARLES DE GAULLE,BAJA RETORNABILIDAD,SIN INCIDENCIA,ICE,1153006205,Ultima Aprobada,Elegible,18.5330151,-69.86499396666666,18.5330151-69.8649939666667,ELEGIBLE,NO,S,S1,CHLES103,CHARLES DE GAULLE,CHLES103-CHARLES DE GAULLE,3.0,Día 3,,,SUPLENTE,9000013104,,3.0,JEAN LUIS,Cargar
NO,HOME MARKET TRADICIONAL,TIENDAS,Plata,SANTIAGO,ZONA NORTE,9000016901,16901,COLMADO ESTEVEZ,"C/1 # 35,ENSANCHE ORTEGA",DEYBI VARGAS,SANTIAGO,SANTIAGO,CENTRO DEL PUEBLO,TRADICIONAL,305,DARWIN GARCIA,DARWIN GARCIA,JUAN LUIS LA HOZ,JUAN LUIS LA HOZ,19.4350686073303,-70.694881439209,305 SANTIAGO,ALTA RETORNABILIDAD,SIN INCIDENCIA,ICE,1151000717,Ultima Aprobada,Elegible,19.434997,-70.69492344,19.434997-70.69492344,ELEGIBLE,NO,S,S1,STAGO108,SANTIAGO,STAGO108-SANTIAGO,2.0,Día 2,,,SUPLENTE,9000016901,,2.0,YARLENYS,Cargar
NO,HOME MARKET TRADICIONAL,MINIMERCADOS,ORO,SANTIAGO,ZONA NORTE,9000017467,17467,SUPER COLMADO TAPIA,C/ALEJANDRO LLENAS ESQ. JOSE ML GLAS  PUEBLO NUEVO,DEYBI VARGAS,SANTIAGO,SANTIAGO,CENTRO DEL PUEBLO,ESPECIALIZADO TRADICIONAL,374,JOSEPH MANUEL SANCHEZ NUÑEZ,JOSEPH MANUEL SANCHEZ NUÑEZ,ANTONIO JIMENEZ,ANTONIO JIMENEZ,19.4624237060547,-70.7084686279297,374 SANTIAGO,ALTA RETORNABILIDAD,SIN INCIDENCIA,TITAN,1151001560,Ultima Aprobada,Elegible,19.46240333333333,-70.70838,19.4624033333333-70.70838,ELEGIBLE,NO,S,S1,STAGO108,SANTIAGO,STAGO108-SANTIAGO,1.0,Día 1,,,SUPLENTE,9000017467,,1.0,YARLENYS,Cargar
NO,HOME MARKET TRADICIONAL,MINIMERCADOS,ORO,SANTIAGO,ZONA NORTE,9000021019,21019,MINI MARKET DIONIS,"C/A #12, VILLA OLGA",DEYBI VARGAS,SANTIAGO,SANTIAGO,CENTRO DEL PUEBLO,TRADICIONAL,307,JUAN ESTRELLA,JUAN ESTRELLA,ALEXANDER MARTE,ALEXANDER MARTE,19.4541273117065,-70.673957824707,307 SANTIAGO,BAJA RETORNABILIDAD,SIN INCIDENCIA,TITAN,1151010056,Ultima Aprobada,Elegible,19.45411833333333,-70.67396333333333,19.4541183333333-70.6739633333333,ELEGIBLE,NO,S,S1,STAGO108,SANTIAGO,STAGO108-SANTIAGO,1.0,Día 1,,,SUPLENTE,9000021019,,1.0,YARLENYS,Cargar
NO,HOME MARKET TRADICIONAL,TIENDAS,Bronce,SANTIAGO,ZONA NORTE,9000024264,24264,COLMADO NUÑEZ,C/6 #18B MELLA II,DEYBI VARGAS,SANTIAGO,SANTIAGO,CENTRO DEL PUEBLO,TRADICIONAL,352,SANCHEZ SOSA EDWIN,SANCHEZ SOSA EDWIN,YOHAO TAVERAS ROSARIO,YOHAO TAVERAS ROSARIO,19.4846687316895,-70.7383321126302,352 SANTIAGO,ALTA RETORNABILIDAD,SIN INCIDENCIA,ICE,1151025513,Ultima Aprobada,Elegible,19.48470666666667,-70.73839,19.4847066666667-70.73839,ELEGIBLE,NO,S,S1,STIAGO107,SANTIAGO,STIAGO107-SANTIAGO,1.0,Día 1,,,SUPLENTE,9000024264,,1.0,MARTIN MARTINEZ,Cargar
NO,HOME MARKET TRADICIONAL,MINIMERCADOS,ORO,SANTIAGO,ZONA NORTE,9000017117,17117,MINI MARKET YOVA,C/8 GURABO,DEYBI VARGAS,SANTIAGO,SANTIAGO,CENTRO DEL PUEBLO,TRADICIONAL,315,LEOMAR JIMENEZ,LEOMAR JIMENEZ,ALEXANDER MARTE,ALEXANDER MARTE,19.4735622406006,-70.6765502929688,315 SANTIAGO,ALTA RETORNABILIDAD,SIN INCIDENCIA,TITAN,1151001043,Sin Visita,Elegible,19.4735622406006,-70.6765502929688,19.4735622406006-70.6765502929688,ELEGIBLE,NO,S,S1,STAGO108,SANTIAGO,STAGO108-SANTIAGO,1.0,Día 1,,,SUPLENTE,9000017117,,1.0,YARLENYS,Cargar
NO,HOME MARKET TRADICIONAL,TIENDAS,ORO,SANTIAGO,ZONA NORTE,9000017384,17384,COLMADO CRUZ,"C/3, #15,SAVICA",DEYBI VARGAS,SANTIAGO,SANTIAGO,CENTRO DEL PUEBLO,TRADICIONAL,303,ANTHONY DARIA SANCHEZ SURIEL,ANTHONY DARIA SANCHEZ SURIEL,YOHAO TAVERAS ROSARIO,YOHAO TAVERAS ROSARIO,19.4634882609049,-70.7012004852295,303 SANTIAGO,ALTA RETORNABILIDAD,SIN INCIDENCIA,TITAN,1151001438,Sin Visita,Elegible,19.4634882609049,-70.7012004852295,19.4634882609049-70.7012004852295,ELEGIBLE,NO,S,S1,STIAGO107,SANTIAGO,STIAGO107-SANTIAGO,2.0,Día 2,,,SUPLENTE,9000017384,,2.0,MARTIN MARTINEZ,Cargar
NO,HOME MARKET TRADICIONAL,TIENDAS,Plata,HATO NUEVO,ZONA OCCIDENTAL  Y SC,9000034492,34492,COL. CHARY,C/ HERCULES Ñ 6,JUAN PAULINO,SAN CRISTÓBAL,SAN CRISTÓBAL,CENTRO DE LA CIUDAD,TRADICIONAL,445,JOSE ALVAREZ,JOSE ALVAREZ,KELVIN ABAD PLACENCIO HN,KELVIN ABAD PLACENCIO HN,18.4205605643136,-70.1016584123884,445 HATO NUEVO,ALTA RETORNABILIDAD,SIN INCIDENCIA,ICE,1169005787,Ultima Aprobada,Elegible,18.42057305,-70.10166665,18.42057305-70.10166665,ELEGIBLE,NO,S,S1,HTNVO101,HATO NUEVO,HTNVO101-HATO NUEVO,3.0,Día 3,,,SUPLENTE,9000034492,,3.0,ARILEYSIS,Cargar
NO,HOME MARKET TRADICIONAL,TIENDAS,ORO,SANTIAGO,ZONA NORTE,9000018209,18209,COLMADO DIAZ,C/PRINC.LA CHICHIGUA,DEYBI VARGAS,SANTIAGO,SANTIAGO,CENTRO DEL PUEBLO,TRADICIONAL,380,JUNIOR REYES,JUNIOR REYES,ALEXANDER MARTE,ALEXANDER MARTE,19.5043377876282,-70.6555233001709,380 SANTIAGO,ALTA RETORNABILIDAD,SIN INCIDENCIA,ICE,1151002879,Sin Visita,Elegible,19.5043377876282,-70.6555233001709,19.5043377876282-70.6555233001709,ELEGIBLE,NO,S,S1,STAGO108,SANTIAGO,STAGO108-SANTIAGO,1.0,Día 1,,,SUPLENTE,9000018209,,1.0,YARLENYS,Cargar
NO,HOME MARKET TRADICIONAL,TIENDAS,ORO,HATO NUEVO,ZONA OCCIDENTAL  Y SC,9000035505,35505,COL. MI NUEVO AMBIENTE,"C/MARIA MONTES ESQ. SALCEDO NO.5, LO NOVA",JUAN PAULINO,SAN CRISTÓBAL,SAN CRISTÓBAL,CENTRO DE LA CIUDAD,TRADICIONAL,446,RANDY DELGADO,RANDY DELGADO,KELVIN ABAD PLACENCIO HN,KELVIN ABAD PLACENCIO HN,18.4206552505493,-70.1168565750122,446 HATO NUEVO,BAJA RETORNABILIDAD,SIN INCIDENCIA,ICE,1169004378,Ultima Aprobada,Elegible,18.42064649,-70.11690228,18.42064649-70.11690228,ELEGIBLE,NO,S,S1,HTNVO101,HATO NUEVO,HTNVO101-HATO NUEVO,1.0,Día 1,,,SUPLENTE,9000035505,,1.0,ARILEYSIS,Cargar
NO,HOME MARKET TRADICIONAL,MINIMERCADOS,ORO,SANTIAGO,ZONA NORTE,9000018731,18731,MINI MARKET EL PASEO,"C/11 Ñ 9,LOS JARDINES",DEYBI VARGAS,SANTIAGO,SANTIAGO,CENTRO DEL PUEBLO,TRADICIONAL,325,BRIAN JOSE NUÑEZ,BRIAN JOSE NUÑEZ,JUAN LUIS LA HOZ,JUAN LUIS LA HOZ,19.4621206919352,-70.6933873494466,325 SANTIAGO,ALTA RETORNABILIDAD,SIN INCIDENCIA,TITAN,1151003843,Sin Visita,Elegible,19.4621206919352,-70.6933873494466,19.4621206919352-70.6933873494466,ELEGIBLE,NO,S,S1,STAGO108,SANTIAGO,STAGO108-SANTIAGO,2.0,Día 2,,,SUPLENTE,9000018731,,2.0,YARLENYS,Cargar
NO,HOME MARKET TRADICIONAL,TIENDAS,Bronce,SANTIAGO,ZONA NORTE,9000025724,25724,SUPER COLMADO DIEGO,"C/22 ESQ. 11 S/N, LAS ANTILLAS",DEYBI VARGAS,SANTIAGO,SANTIAGO,CENTRO DEL PUEBLO,TRADICIONAL,311,BRAYAN ALVAREZ DOMINGUEZ,BRAYAN ALVAREZ DOMINGUEZ,YOHAO TAVERAS ROSARIO,YOHAO TAVERAS ROSARIO,19.4939312934875,-70.7223243713379,311 SANTIAGO,BAJA RETORNABILIDAD,SIN INCIDENCIA,ICE,1151019000,Sin Visita,Elegible,19.4939312934875,-70.7223243713379,19.4939312934875-70.7223243713379,ELEGIBLE,NO,S,S1,STIAGO107,SANTIAGO,STIAGO107-SANTIAGO,2.0,Día 2,,,SUPLENTE,9000025724,,2.0,MARTIN MARTINEZ,Cargar
NO,HOME MARKET TRADICIONAL,TIENDAS,Plata,CHARLES DE GAULLE,ZONA SD ORIENTAL,9000060482,60482,COLMADO SONIA II,LEA DE CASTRO,JUNIOR RIVERA,SANTO DOMINGO,SANTO DOMINGO,SANTO DOMINGO NORTE (CENTRO),TRADICIONAL,325,STARLIN ENCARNACION,STARLIN ENCARNACION,FABIEL PEÑA,FABIEL PEÑA,18.5394490559896,-69.9412879943848,325 CHARLES DE GAULLE,BAJA RETORNABILIDAD,SIN INCIDENCIA,ICE,1153011625,Ultima Aprobada,Elegible,18.5394721,-69.9412933,18.5394721-69.9412933,ELEGIBLE,NO,S,S1,CHLES103,CHARLES DE GAULLE,CHLES103-CHARLES DE GAULLE,2.0,Día 2,,,SUPLENTE,9000060482,,2.0,JEAN LUIS,Cargar
NO,HOME MARKET TRADICIONAL,TIENDAS,ORO,HATO NUEVO,ZONA OCCIDENTAL  Y SC,9000036107,36107,COL. JACOBO,CAMBITA EL MERCADO,JUAN PAULINO,SAN CRISTÓBAL,SAN CRISTÓBAL,CENTRO DE LA CIUDAD,TRADICIONAL,449,CECILIO RODRIGUEZ CORPORAN,CECILIO RODRIGUEZ CORPORAN,KELVIN ABAD PLACENCIO HN,KELVIN ABAD PLACENCIO HN,18.4549531936646,-70.2009353637695,449 HATO NUEVO,ALTA RETORNABILIDAD,SIN INCIDENCIA,ICE,1169004576,Sin Visita,Elegible,18.4549531936646,-70.2009353637695,18.4549531936646-70.2009353637695,ELEGIBLE,NO,S,S1,HTNVO101,HATO NUEVO,HTNVO101-HATO NUEVO,1.0,Día 1,,,SUPLENTE,9000036107,,1.0,ARILEYSIS,Cargar
NO,HOME MARKET TRADICIONAL,TIENDAS,Bronce,HATO NUEVO,ZONA OCCIDENTAL  Y SC,9000037324,37324,COL. D Y C,"C/SANCHEZ VIEJA NO.57, DOÑA ANA, S.C.",JUAN PAULINO,SAN CRISTÓBAL,SAN CRISTÓBAL,CENTRO DEL PUEBLO,TRADICIONAL,447,JUAN DE LOS SANTOS,JUAN DE LOS SANTOS,KELVIN ABAD PLACENCIO HN,KELVIN ABAD PLACENCIO HN,18.36912155,-70.1697464,447 HATO NUEVO,ALTA RETORNABILIDAD,SIN INCIDENCIA,ICE,1169004857,Sin Visita,Elegible,18.36912155,-70.1697464,18.36912155-70.1697464,ELEGIBLE,NO,S,S1,HTNVO101,HATO NUEVO,HTNVO101-HATO NUEVO,2.0,Día 2,,,SUPLENTE,9000037324,,2.0,ARILEYSIS,Cargar
NO,HOME MARKET TRADICIONAL,TIENDAS,ORO,NAGUA,ZONA ESTE,9000042526,42526,COLMADO SAN JOSE,"Calle Principal, La Lometa, Las Gordas, Nagua",SAUL GIL,MARÍA TRINIDAD SÁNCHEZ,MARÍA TRINIDAD SÁNCHEZ,CENTRO DEL PUEBLO,TRADICIONAL,306,PEDRO MANUEL MEJIA PEÑA,PEDRO MANUEL MEJIA PEÑA,RICHARD PAREDES,RICHARD PAREDES,19.4473390579224,-69.9069042205811,306 NAGUA,BAJA RETORNABILIDAD,SIN INCIDENCIA,TITAN,1152004554,Sin Visita,Elegible,19.4473390579224,-69.9069042205811,19.4473390579224-69.9069042205811,ELEGIBLE,NO,S,S1,NGUA106,NAGUA,NGUA106-NAGUA,2.0,Día 2,,,SUPLENTE,9000042526,,2.0,JORGE LUIS,Cargar
NO,HOME MARKET TRADICIONAL,TIENDAS,Bronce,CHARLES DE GAULLE,ZONA SD ORIENTAL,9000092550,92550,COLMADO MAYI,RAMON MATIAS MELLA,JUNIOR RIVERA,SANTO DOMINGO,SANTO DOMINGO,VILLA MELLA,TRADICIONAL,363,ELIEZER DEL VILLAR,ELIEZER DEL VILLAR,FABIEL PEÑA,FABIEL PEÑA,18.5569229125977,-69.8955230712891,363 CHARLES DE GAULLE,BAJA RETORNABILIDAD,SIN INCIDENCIA,ICE,1153016475,Ultima Aprobada,Elegible,18.55648,-69.89553500000001,18.55648-69.895535,ELEGIBLE,NO,S,S1,CHLES103,CHARLES DE GAULLE,CHLES103-CHARLES DE GAULLE,2.0,Día 2,,,SUPLENTE,9000092550,,2.0,JEAN LUIS,Cargar
NO,HOME MARKET TRADICIONAL,TIENDAS,ORO,CHARLES DE GAULLE,ZONA SD ORIENTAL,9000071799,71799,EXPRESO III,ALTO DEL PARQUE,JUNIOR RIVERA,SANTO DOMINGO,SANTO DOMINGO,VILLA MELLA,TRADICIONAL,322,EUGENIO PEREZ,EUGENIO PEREZ,FABIEL PEÑA,FABIEL PEÑA,18.534522374471,-69.9315287272135,322 CHARLES DE GAULLE,BAJA RETORNABILIDAD,SIN INCIDENCIA,TITAN,1153012254,Sin Visita,Elegible,18.534522374471,-69.9315287272135,18.534522374471-69.9315287272135,ELEGIBLE,NO,S,S1,CHLES103,CHARLES DE GAULLE,CHLES103-CHARLES DE GAULLE,1.0,Día 1,,,SUPLENTE,9000071799,,1.0,JEAN LUIS,Cargar
NO,HOME MARKET TRADICIONAL,TIENDAS,ORO,NAGUA,ZONA ESTE,9000082120,82120,COLMADO ANGEL,C EL CARMEN DOND ESTABA EL COL SAN MIGUEL,SAUL GIL,SAMANÁ,SAMANÁ,CENTRO DEL PUEBLO,TRADICIONAL,305,DERLIN GIL GARCIA,DERLIN GIL GARCIA,LEONEL ALMONTE ORTEGA,LEONEL ALMONTE ORTEGA,19.3191928863525,-69.5408020019531,305 NAGUA,BAJA RETORNABILIDAD,SIN INCIDENCIA,TITAN,1152007379,Sin Visita,Elegible,19.3191928863525,-69.5408020019531,19.3191928863525-69.5408020019531,ELEGIBLE,NO,S,S1,NGUA106,NAGUA,NGUA106-NAGUA,3.0,Día 3,,,SUPLENTE,9000082120,,3.0,JORGE LUIS,Cargar
NO,HOME MARKET TRADICIONAL,TIENDAS,ORO,HATO NUEVO,ZONA OCCIDENTAL  Y SC,9000105040,105040,COL JSA 2,CONRRADO VALDEZ VILLA MERCEDES,JUAN PAULINO,SAN CRISTÓBAL,SAN CRISTÓBAL,VILLA MERCEDES,TRADICIONAL,445,JOSE ALVAREZ,JOSE ALVAREZ,KELVIN ABAD PLACENCIO HN,KELVIN ABAD PLACENCIO HN,18.40847015,-70.1005249,445 HATO NUEVO,ALTA RETORNABILIDAD,SIN INCIDENCIA,ICE,1169005109,Ultima Aprobada,Elegible,18.40857452,-70.10054626,18.40857452-70.10054626,ELEGIBLE,NO,S,S1,HTNVO101,HATO NUEVO,HTNVO101-HATO NUEVO,3.0,Día 3,,,SUPLENTE,9000105040,,3.0,ARILEYSIS,Cargar
NO,HOME MARKET TRADICIONAL,TIENDAS,ORO,CHARLES DE GAULLE,ZONA SD ORIENTAL,9000155428,155428,COLMADO PEGUERO,RESIDENCIAL MARAÑON II CALLE LOS MANGO,JUNIOR RIVERA,SANTO DOMINGO,SANTO DOMINGO,VILLA MELLA,TRADICIONAL,324,HELDER SUERO,HELDER SUERO,FABIEL PEÑA,FABIEL PEÑA,18.549301,-69.905602,324 CHARLES DE GAULLE,ALTA RETORNABILIDAD,SIN INCIDENCIA,TITAN,1153027061,Ultima Aprobada,Elegible,18.54924478333333,-69.90559043333333,18.5492447833333-69.9055904333333,ELEGIBLE,NO,S,S1,CHLES103,CHARLES DE GAULLE,CHLES103-CHARLES DE GAULLE,1.0,Día 1,,,SUPLENTE,9000155428,,1.0,JEAN LUIS,Cargar
NO,HOME MARKET TRADICIONAL,TIENDAS,ORO,CHARLES DE GAULLE,ZONA SD ORIENTAL,9000159057,159057,MINI MARKET YAYO,CALLE PENETRACION PLAZA BUENA VENTURA CIUDAD MODELO,JUNIOR RIVERA,SANTO DOMINGO,SANTO DOMINGO,SANTO DOMINGO NORTE (CENTRO),TRADICIONAL,325,STARLIN ENCARNACION,STARLIN ENCARNACION,FABIEL PEÑA,FABIEL PEÑA,18.56318474,-69.94184113,325 CHARLES DE GAULLE,BAJA RETORNABILIDAD,SIN INCIDENCIA,TITAN,1153027312,Sin Visita,Elegible,18.56318474,-69.94184113,18.56318474-69.94184113,ELEGIBLE,NO,S,S1,CHLES103,CHARLES DE GAULLE,CHLES103-CHARLES DE GAULLE,2.0,Día 2,,,SUPLENTE,9000159057,,2.0,JEAN LUIS,Cargar
NO,HOME MARKET TRADICIONAL,TIENDAS,ORO,HATO NUEVO,ZONA OCCIDENTAL  Y SC,9000003885,3885,COL. ODALYS,C/ MONUMENTAL CASI ESQ. REP. DE COLOMBIA,JUAN PAULINO,DISTRITO NACIONAL,DISTRITO NACIONAL,CENTRO DE LA CIUDAD,TRADICIONAL,391,EZEQUIEL JIMENEZ VALENZUELA,EZEQUIEL JIMENEZ VALENZUELA,JUNIOR OVALLES,JUNIOR OVALLES,18.5051784515381,-69.9894332885742,391 HATO NUEVO,BAJA RETORNABILIDAD,SIN INCIDENCIA,ICE,1169000788,Ultima Aprobada,Elegible,18.50518551,-69.98954227,18.50518551-69.98954227,ELEGIBLE,NO,S,S1,SDOESTE110,HATO NUEVO,SDOESTE110-HATO NUEVO,3.0,Día 3,,,SUPLENTE,9000003885,,3.0,,Cargar
NO,HOME MARKET TRADICIONAL,TIENDAS,ORO,HATO NUEVO,ZONA OCCIDENTAL  Y SC,9000003489,3489,BODEGA LOS HERMANOS,MANZ. B NO. 52,JUAN PAULINO,DISTRITO NACIONAL,DISTRITO NACIONAL,CENTRO DE LA CIUDAD,TRADICIONAL,391,EZEQUIEL JIMENEZ VALENZUELA,EZEQUIEL JIMENEZ VALENZUELA,JUNIOR OVALLES,JUNIOR OVALLES,18.5085735321045,-69.986572265625,391 HATO NUEVO,ALTA RETORNABILIDAD,SIN INCIDENCIA,ICE,1169000715,Sin Visita,Elegible,18.5085735321045,-69.986572265625,18.5085735321045-69.986572265625,ELEGIBLE,NO,S,S1,SDOESTE110,HATO NUEVO,SDOESTE110-HATO NUEVO,3.0,Día 3,,,SUPLENTE,9000003489,,3.0,,Cargar
NO,HOME MARKET TRADICIONAL,TIENDAS,ORO,HATO NUEVO,ZONA OCCIDENTAL  Y SC,9000008369,8369,COL. CRISTAL,C/ REP. DE COLOMBIA NO. 7 ARROYO HONDO,JUAN PAULINO,DISTRITO NACIONAL,DISTRITO NACIONAL,CENTRO DE LA CIUDAD,TRADICIONAL,391,EZEQUIEL JIMENEZ VALENZUELA,EZEQUIEL JIMENEZ VALENZUELA,JUNIOR OVALLES,JUNIOR OVALLES,18.5035362243652,-69.9580230712891,391 HATO NUEVO,BAJA RETORNABILIDAD,SIN INCIDENCIA,ICE,1169006283,Ultima Aprobada,Elegible,18.50346833333333,-69.95807833333333,18.5034683333333-69.9580783333333,ELEGIBLE,NO,S,S1,SDOESTE110,HATO NUEVO,SDOESTE110-HATO NUEVO,3.0,Día 3,,,SUPLENTE,9000008369,,3.0,,Cargar
NO,HOME MARKET TRADICIONAL,TIENDAS,Bronce,SAN CRISTOBAL,ZONA OCCIDENTAL  Y SC,9000166115,166115,SUPER COLMADO NICANOL,PRINCIPAL LA TORRE,JUAN PAULINO,SAN CRISTÓBAL,SAN CRISTÓBAL,CAMBITA STERLING,TRADICIONAL,470,CARLOS JOSE REYES VIZCAINO,CARLOS JOSE REYES VIZCAINO,KELVIN ABAD SC,KELVIN ABAD SC,18.45631,-70.2027,470 SAN CRISTOBAL,ALTA RETORNABILIDAD,SIN INCIDENCIA,ICE,1162007822,Sin Visita,Elegible,18.45631,-70.2027,18.45631-70.2027,ELEGIBLE,NO,S,S1,HTNVO101,SAN CRISTOBAL,HTNVO101-HATO NUEVO,1.0,Día 1,,,SUPLENTE,9000166115,,1.0,ARILEYSIS,Cargar
NO,HOME MARKET TRADICIONAL,TIENDAS,Bronce,NAGUA,ZONA ESTE,9000164063,164063,COLMADO FERNANDA,CALLE GUANDULES EN GUARAGUAO CERCA DEL COL MARICELA,SAUL GIL,DUARTE,DUARTE,ARENOSO,TRADICIONAL,314,JOSE LUIS FEBLES BELTRAN,JOSE LUIS FEBLES BELTRAN,LEONEL ALMONTE ORTEGA,LEONEL ALMONTE ORTEGA,19.11807,-69.826152,314 NAGUA,ALTA RETORNABILIDAD,SIN INCIDENCIA,ICE,1152012330,Sin Visita,Elegible,19.11807,-69.826152,19.11807-69.826152,ELEGIBLE,NO,S,S1,NGUA106,NAGUA,NGUA106-NAGUA,1.0,Día 1,,,SUPLENTE,9000164063,,1.0,JORGE LUIS,Cargar
NO,HOME MARKET TRADICIONAL,TIENDAS,Plata,SANTO DOMINGO,ZONA OCCIDENTAL  Y SC,9000001237,1237,COL. THOMAS,C/ SAMANA NO. 30 SECTOR GUACHUPITA,JUAN PAULINO,DISTRITO NACIONAL,DISTRITO NACIONAL,CENTRO DE LA CIUDAD,TRADICIONAL,313,VICTOR GABRIEL MORA CIRIACO,VICTOR GABRIEL MORA CIRIACO,DANIEL BATISTA,DANIEL BATISTA,18.49158,-69.8861,313 SANTO DOMINGO,ALTA RETORNABILIDAD,SIN INCIDENCIA,ICE,1150005291,Ultima Aprobada,Elegible,18.4916164,-69.88591246,18.4916164-69.88591246,ELEGIBLE,NO,S,S1,DSTRTO105,SANTO DOMINGO,DSTRTO105-HATO NUEVO,1.0,Día 1,,,SUPLENTE,9000001237,,1.0,JEYSON VALDEZ,Cargar
NO,HOME MARKET TRADICIONAL,MINIMERCADOS,ORO,HATO NUEVO,ZONA OCCIDENTAL  Y SC,9000001746,1746,MINI MARKET LA SALVACION DEL PUEBLO,GUACANAGARIX  MANGANAGUA,JUAN PAULINO,DISTRITO NACIONAL,DISTRITO NACIONAL,CENTRO DE LA CIUDAD,TRADICIONAL,306,ANIBAL PUELLO,ANIBAL PUELLO,RAMON CUELLO HN,RAMON CUELLO HN,18.45266,-69.96645,306 HATO NUEVO,ALTA RETORNABILIDAD,SIN INCIDENCIA,ICE,1169009478,Ultima Aprobada,Elegible,18.452864,-69.96635,18.452864-69.96635,ELEGIBLE,NO,S,S1,DSTRIO104,HATO NUEVO,DSTRIO104-HATO NUEVO,2.0,Día 2,,,SUPLENTE,9000001746,,2.0,JENIFER GÓMEZ,Cargar
NO,HOME MARKET TRADICIONAL,TIENDAS,Plata,HATO NUEVO,ZONA OCCIDENTAL  Y SC,9000004420,4420,COL. YULI,"C/2 SUR #10, ENS. LUPERON",JUAN PAULINO,DISTRITO NACIONAL,DISTRITO NACIONAL,CENTRO DE LA CIUDAD,TRADICIONAL,323,MIGUEL ABREU PINALES,MIGUEL ABREU PINALES,DANIEL BATISTA,DANIEL BATISTA,18.49854088,-69.893,323 HATO NUEVO,ALTA RETORNABILIDAD,SIN INCIDENCIA,ICE,1169009541,Ultima Aprobada,Elegible,18.49856793333333,-69.89283883333333,18.4985679333333-69.8928388333333,ELEGIBLE,NO,S,S1,DSTRTO105,HATO NUEVO,DSTRTO105-HATO NUEVO,1.0,Día 1,,,SUPLENTE,9000004420,,1.0,JEYSON VALDEZ,Cargar
NO,HOME MARKET TRADICIONAL,TIENDAS,Plata,HATO NUEVO,ZONA OCCIDENTAL  Y SC,9000004734,4734,COL. FAMASSIER,ARTURO LOGROÑO # 162 / ENS. LA FE,JUAN PAULINO,DISTRITO NACIONAL,DISTRITO NACIONAL,CENTRO DE LA CIUDAD,TRADICIONAL,341,LUIS OSVALDO BIDO MONTERO,LUIS OSVALDO BIDO MONTERO,RAMON CUELLO HN,RAMON CUELLO HN,18.4910383224487,-69.9210453033447,341 HATO NUEVO,ALTA RETORNABILIDAD,SIN INCIDENCIA,ICE,1169007600,Ultima Aprobada,Elegible,18.49103,-69.92103166666668,18.49103-69.9210316666667,ELEGIBLE,NO,S,S1,DSTRTO105,HATO NUEVO,DSTRTO105-HATO NUEVO,1.0,Día 1,,,SUPLENTE,9000004734,,1.0,JEYSON VALDEZ,Cargar
NO,HOME MARKET TRADICIONAL,TIENDAS,Plata,SANTIAGO,ZONA NORTE,9000018662,18662,COLMADO ZAPATA,"C/8,LOS CIRUELITOS",DEYBI VARGAS,SANTIAGO,SANTIAGO,CENTRO DEL PUEBLO,TRADICIONAL,320,YUNIOR ANTONIO GUZMAN LAMI,YUNIOR ANTONIO GUZMAN LAMI,YOHAO TAVERAS ROSARIO,YOHAO TAVERAS ROSARIO,19.4747045459941,-70.7094359592462,320 SANTIAGO,ALTA RETORNABILIDAD,SIN INCIDENCIA,ICE,1151003700,Ultima Aprobada,Elegible,19.47469148180596,-70.70943375511007,19.474691481806-70.7094337551101,ELEGIBLE,NO,S,S1,STIAGO107,SANTIAGO,STIAGO107-SANTIAGO,2.0,Día 2,,,SUPLENTE,9000018662,,2.0,MARTIN MARTINEZ,Cargar
NO,HOME MARKET TRADICIONAL,TIENDAS,Plata,CHARLES DE GAULLE,ZONA SD ORIENTAL,9000014695,14695,COL  LA  SOLUCION,C/ LA VICTORIA GUANUMA,JUNIOR RIVERA,SANTO DOMINGO,SANTO DOMINGO,SANTO DOMINGO ESTE CENTRO,TRADICIONAL,324,HELDER SUERO,HELDER SUERO,FABIEL PEÑA,FABIEL PEÑA,18.6903591156006,-69.9218185424805,324 CHARLES DE GAULLE,BAJA RETORNABILIDAD,SIN INCIDENCIA,ICE,1153008878,Sin Visita,Elegible,18.6903591156006,-69.9218185424805,18.6903591156006-69.9218185424805,ELEGIBLE,NO,S,S1,CHLES103,CHARLES DE GAULLE,CHLES103-CHARLES DE GAULLE,1.0,Día 1,,,SUPLENTE,9000014695,,1.0,JEAN LUIS,Cargar
NO,HOME MARKET TRADICIONAL,TIENDAS,Plata,CHARLES DE GAULLE,ZONA SD ORIENTAL,9000073482,73482,COLMADO LA SONRISA,SAN FRANCISCO,JUNIOR RIVERA,SANTO DOMINGO,SANTO DOMINGO,SANTO DOMINGO NORTE (CENTRO),TRADICIONAL,406,ONATI TRONCOSO,ONATI TRONCOSO,FABIEL PEÑA,FABIEL PEÑA,18.5405492782593,-69.8599433898926,406 CHARLES DE GAULLE,BAJA RETORNABILIDAD,SIN INCIDENCIA,TITAN,1153012874,Sin Visita,Elegible,18.5405492782593,-69.8599433898926,18.5405492782593-69.8599433898926,ELEGIBLE,NO,S,S1,CHLES103,CHARLES DE GAULLE,CHLES103-CHARLES DE GAULLE,1.0,Día 1,,,SUPLENTE,9000073482,,1.0,JEAN LUIS,Cargar
NO,HOME MARKET TRADICIONAL,TIENDAS,ORO,SANTIAGO,ZONA NORTE,9000019144,19144,COLMADO FERMIN,"C/CAONABO,BIOJO GURABO",DEYBI VARGAS,SANTIAGO,SANTIAGO,CENTRO DEL PUEBLO,TRADICIONAL,360,EDUARDO LUIS HERNANDEZ,EDUARDO LUIS HERNANDEZ,ALEXANDER MARTE,ALEXANDER MARTE,19.4976778030396,-70.6402295430501,360 SANTIAGO,ALTA RETORNABILIDAD,SIN INCIDENCIA,ICE,1151004657,Sin Visita,Elegible,19.4976778030396,-70.6402295430501,19.4976778030396-70.6402295430501,ELEGIBLE,NO,S,S1,STAGO108,SANTIAGO,STAGO108-SANTIAGO,1.0,Día 1,,,SUPLENTE,9000019144,,1.0,YARLENYS,Cargar
NO,HOME MARKET TRADICIONAL,TIENDAS,ORO,HATO NUEVO,ZONA OCCIDENTAL  Y SC,9000000306,306,COLMADO MARIA,MAX HENRIQUE UREÑA QUISQUEYA STO DGO DN,JUAN PAULINO,DISTRITO NACIONAL,DISTRITO NACIONAL,QUISQUEYA,TRADICIONAL,319,WANNER DE JESUS CASTILLO VICENTE,WANNER DE JESUS CASTILLO VICENTE,RAMON CUELLO HN,RAMON CUELLO HN,18.4678916931152,-69.9472579956055,319 HATO NUEVO,BAJA RETORNABILIDAD,SIN INCIDENCIA,ICE,1169008178,Ultima Aprobada,Elegible,18.8084412,-71.2471793,18.8084412-71.2471793,ELEGIBLE,NO,S,S1,DSTRIO104,HATO NUEVO,DSTRIO104-HATO NUEVO,1.0,Día 1,,,SUPLENTE,9000000306,,1.0,JENIFER GÓMEZ,Cargar
NO,HOME MARKET TRADICIONAL,TIENDAS,ORO,SANTO DOMINGO,ZONA OCCIDENTAL  Y SC,9000000328,328,COLMADO ANGEL,"C/ GAVINO ROMERO MANZ. # 12 , MANGUITO",JUAN PAULINO,DISTRITO NACIONAL,DISTRITO NACIONAL,MATA HAMBRE,TRADICIONAL,418,ESFRAILYN GALVEZ BAUTISTA,ESFRAILYN GALVEZ BAUTISTA,JUAN BATISTA,JUAN BATISTA,18.4567604064941,-69.9301834106445,418 SANTO DOMINGO,ALTA RETORNABILIDAD,SIN INCIDENCIA,TITAN,1150001404,Ultima Aprobada,Elegible,18.45682773,-69.93052293,18.45682773-69.93052293,ELEGIBLE,NO,S,S1,DSTRIO104,SANTO DOMINGO,DSTRIO104-HATO NUEVO,1.0,Día 1,,,SUPLENTE,9000000328,,1.0,JENIFER GÓMEZ,Cargar
NO,HOME MARKET TRADICIONAL,TIENDAS,ORO,SANTO DOMINGO,ZONA OCCIDENTAL  Y SC,9000000568,568,COL. TRONCOSO II,JUAN DE MORFA N. 145 VILLA CONSUELO,JUAN PAULINO,DISTRITO NACIONAL,DISTRITO NACIONAL,CENTRO DE LA CIUDAD,TRADICIONAL,314,JOSE ENMANUEL ROSARIO MERCEDES,JOSE ENMANUEL ROSARIO MERCEDES,DANIEL BATISTA,DANIEL BATISTA,18.48355,-69.9025,314 SANTO DOMINGO,ALTA RETORNABILIDAD,SIN INCIDENCIA,TITAN,1150002078,Ultima Aprobada,Elegible,18.4835491,-69.9024224,18.4835491-69.9024224,ELEGIBLE,NO,S,S1,DSTRTO105,SANTO DOMINGO,DSTRTO105-HATO NUEVO,2.0,Día 2,,,SUPLENTE,9000000568,,2.0,JEYSON VALDEZ,Cargar
NO,HOME MARKET TRADICIONAL,MINIMERCADOS,ORO,HATO NUEVO,ZONA OCCIDENTAL  Y SC,9000000948,948,SUPER BODEGA PAOLA,C/ ESTANCIA NUEVA # 67 LAS PRADERAS,JUAN PAULINO,DISTRITO NACIONAL,DISTRITO NACIONAL,LAS PRADERAS,TRADICIONAL,317,FREYMI JOSE CASTRO PEREZ,FREYMI JOSE CASTRO PEREZ,RAMON CUELLO HN,RAMON CUELLO HN,18.4704780578613,-69.9639129638672,317 HATO NUEVO,BAJA RETORNABILIDAD,SIN INCIDENCIA,ICE,1169008081,Sin Visita,Elegible,18.4704780578613,-69.9639129638672,18.4704780578613-69.9639129638672,ELEGIBLE,NO,S,S1,DSTRIO104,HATO NUEVO,DSTRIO104-HATO NUEVO,1.0,Día 1,,,SUPLENTE,9000000948,,1.0,JENIFER GÓMEZ,Cargar
NO,HOME MARKET TRADICIONAL,TIENDAS,Plata,CHARLES DE GAULLE,ZONA SD ORIENTAL,9000011618,11618,COLMADO ILONKA,LORENZO DESPRADEL #15 VILLA MELLA.,JUNIOR RIVERA,SANTO DOMINGO,SANTO DOMINGO,VILLA MELLA,TRADICIONAL,356,JONATHAN MERCEDEZ,JONATHAN MERCEDEZ,FABIEL PEÑA,FABIEL PEÑA,18.52253532,-69.91178894,356 CHARLES DE GAULLE,BAJA RETORNABILIDAD,SIN INCIDENCIA,ICE,1153003148,Ultima Aprobada,Elegible,18.52257615,-69.91198284,18.52257615-69.91198284,ELEGIBLE,NO,S,S1,CHLES103,CHARLES DE GAULLE,CHLES103-CHARLES DE GAULLE,1.0,Día 1,,,SUPLENTE,9000011618,,1.0,JEAN LUIS,Cargar
NO,HOME MARKET TRADICIONAL,TIENDAS,Plata,CHARLES DE GAULLE,ZONA SD ORIENTAL,9000012983,12983,MERCADITO LOS COMPADRES,C/AMIN ABEL # 17,JUNIOR RIVERA,SANTO DOMINGO,SANTO DOMINGO,SANTO DOMINGO ESTE CENTRO,TRADICIONAL,362,STARLIN FLORENTINO,STARLIN FLORENTINO,FABIEL PEÑA,FABIEL PEÑA,18.5427865982056,-69.8715076446533,362 CHARLES DE GAULLE,BAJA RETORNABILIDAD,SIN INCIDENCIA,ICE,1153006012,Ultima Aprobada,Elegible,18.54279166666667,-69.87149,18.5427916666667-69.87149,ELEGIBLE,NO,S,S1,CHLES103,CHARLES DE GAULLE,CHLES103-CHARLES DE GAULLE,1.0,Día 1,,,SUPLENTE,9000012983,,1.0,JEAN LUIS,Cargar
NO,HOME MARKET TRADICIONAL,TIENDAS,Plata,CHARLES DE GAULLE,ZONA SD ORIENTAL,9000013141,13141,COLMADO ALEGRIA,"C/SANTA MARIA # 34, P. RICO",JUNIOR RIVERA,SANTO DOMINGO,SANTO DOMINGO,SANTO DOMINGO ESTE CENTRO,TRADICIONAL,316,LUIS GONZALEZ,LUIS GONZALEZ,FABIEL PEÑA,FABIEL PEÑA,18.5334005355835,-69.8640836079915,316 CHARLES DE GAULLE,BAJA RETORNABILIDAD,SIN INCIDENCIA,ICE,1153006256,Ultima Aprobada,Elegible,18.5334312,-69.8641336,18.5334312-69.8641336,ELEGIBLE,NO,S,S1,CHLES103,CHARLES DE GAULLE,CHLES103-CHARLES DE GAULLE,3.0,Día 3,,,SUPLENTE,9000013141,,3.0,JEAN LUIS,Cargar
NO,HOME MARKET TRADICIONAL,TIENDAS,Plata,CHARLES DE GAULLE,ZONA SD ORIENTAL,9000013628,13628,SUPER COLMADO NAOMI,C/18 N.2 LIBERTA,JUNIOR RIVERA,SANTO DOMINGO,SANTO DOMINGO,SABANA PERDIDA,TRADICIONAL,364,JORVIN GOMEZ,JORVIN GOMEZ,FABIEL PEÑA,FABIEL PEÑA,18.54588509,-69.86208344,364 CHARLES DE GAULLE,ALTA RETORNABILIDAD,SIN INCIDENCIA,ICE,1153006996,Ultima Aprobada,Elegible,18.5462443,-69.8619245,18.5462443-69.8619245,ELEGIBLE,NO,S,S1,CHLES103,CHARLES DE GAULLE,CHLES103-CHARLES DE GAULLE,3.0,Día 3,,,SUPLENTE,9000013628,,3.0,JEAN LUIS,Cargar
NO,HOME MARKET TRADICIONAL,TIENDAS,Plata,SANTIAGO,ZONA NORTE,9000016813,16813,COLMADO AUSTRIA,"DON PEDRO #48,MONTE ADENTRO",DEYBI VARGAS,SANTIAGO,SANTIAGO,CENTRO DEL PUEBLO,TRADICIONAL,346,GEN HOU TSANG,GEN HOU TSANG,ALEXANDER MARTE,ALEXANDER MARTE,19.4599449157715,-70.6441345214844,346 SANTIAGO,ALTA RETORNABILIDAD,SIN INCIDENCIA,TITAN,1151000583,Ultima Aprobada,Elegible,19.45997333333333,-70.64415333333334,19.4599733333333-70.6441533333333,ELEGIBLE,NO,S,S1,STAGO108,SANTIAGO,STAGO108-SANTIAGO,2.0,Día 2,,,SUPLENTE,9000016813,,2.0,YARLENYS,Cargar
NO,HOME MARKET TRADICIONAL,TIENDAS,Plata,SANTIAGO,ZONA NORTE,9000016926,16926,COLMADO DYAYO,"AV.ARROYO #46,EL ENSUEÑO",DEYBI VARGAS,SANTIAGO,SANTIAGO,CENTRO DEL PUEBLO,TRADICIONAL,305,DARWIN GARCIA,DARWIN GARCIA,JUAN LUIS LA HOZ,JUAN LUIS LA HOZ,19.4384407997131,-70.6960048675537,305 SANTIAGO,ALTA RETORNABILIDAD,SIN INCIDENCIA,ICE,1151000751,Sin Visita Efectiva,Elegible,19.4384407997131,-70.6960048675537,19.4384407997131-70.6960048675537,ELEGIBLE,NO,S,S1,STAGO108,SANTIAGO,STAGO108-SANTIAGO,2.0,Día 2,,,SUPLENTE,9000016926,,2.0,YARLENYS,Cargar
NO,HOME MARKET TRADICIONAL,TIENDAS,ORO,SANTIAGO,ZONA NORTE,9000017511,17511,COLMADO LOS PRIMOS,"AV/OLIMPICA #16 CORONA PLAS, LA BARRANQUITA",DEYBI VARGAS,SANTIAGO,SANTIAGO,CENTRO DEL PUEBLO,ESPECIALIZADO TRADICIONAL,374,JOSEPH MANUEL SANCHEZ NUÑEZ,JOSEPH MANUEL SANCHEZ NUÑEZ,ANTONIO JIMENEZ,ANTONIO JIMENEZ,19.43086243,-70.72608185,374 SANTIAGO,BAJA RETORNABILIDAD,SIN INCIDENCIA,TITAN,1151001688,Ultima Aprobada,Elegible,19.43089024,-70.72594235,19.43089024-70.72594235,ELEGIBLE,NO,S,S1,STAGO108,SANTIAGO,STAGO108-SANTIAGO,1.0,Día 1,,,SUPLENTE,9000017511,,1.0,YARLENYS,Cargar
NO,HOME MARKET TRADICIONAL,TIENDAS,Plata,SANTIAGO,ZONA NORTE,9000017547,17547,COLMADO DIEGO,C/VILLA ROSA EL PERU #2,DEYBI VARGAS,SANTIAGO,SANTIAGO,CENTRO DEL PUEBLO,TRADICIONAL,336,CRISTIAN MOREL,CRISTIAN MOREL,ALEXANDER MARTE,ALEXANDER MARTE,19.4094309125628,-70.6494663783482,336 SANTIAGO,ALTA RETORNABILIDAD,SIN INCIDENCIA,ICE,1151001749,Ultima Aprobada,Elegible,19.409328,-70.6492733,19.409328-70.6492733,ELEGIBLE,NO,S,S1,STAGO108,SANTIAGO,STAGO108-SANTIAGO,3.0,Día 3,,,SUPLENTE,9000017547,,3.0,YARLENYS,Cargar
NO,HOME MARKET TRADICIONAL,TIENDAS,ORO,SANTIAGO,ZONA NORTE,9000017215,17215,COLMADO WINIFER,C/10 ARROYO GURABO,DEYBI VARGAS,SANTIAGO,SANTIAGO,CENTRO DEL PUEBLO,TRADICIONAL,315,LEOMAR JIMENEZ,LEOMAR JIMENEZ,ALEXANDER MARTE,ALEXANDER MARTE,19.4897508621216,-70.6645431518555,315 SANTIAGO,ALTA RETORNABILIDAD,SIN INCIDENCIA,TITAN,1151001171,Sin Visita,Elegible,19.4897508621216,-70.6645431518555,19.4897508621216-70.6645431518555,ELEGIBLE,NO,S,S1,STAGO108,SANTIAGO,STAGO108-SANTIAGO,1.0,Día 1,,,SUPLENTE,9000017215,,1.0,YARLENYS,Cargar
NO,HOME MARKET TRADICIONAL,MINIMERCADOS,Plata,SAN CRISTOBAL,ZONA OCCIDENTAL  Y SC,9000034752,34752,MINI MARKET SANCHEZ,LEO VIRJILIO DE LA PAZ COQUERA,JUAN PAULINO,SAN CRISTÓBAL,SAN CRISTÓBAL,CENTRO DE LA CIUDAD,TRADICIONAL,446,RANDY DELGADO,RANDY DELGADO,KELVIN ABAD PLACENCIO HN,KELVIN ABAD PLACENCIO HN,18.4122813088553,-70.1287264142718,446 SAN CRISTOBAL,ALTA RETORNABILIDAD,SIN INCIDENCIA,ICE,1169007255,Ultima Aprobada,Elegible,18.41220698333333,-70.1285342,18.4122069833333-70.1285342,ELEGIBLE,NO,S,S1,HTNVO101,SAN CRISTOBAL,HTNVO101-HATO NUEVO,1.0,Día 1,,,SUPLENTE,9000034752,,1.0,ARILEYSIS,Cargar
NO,HOME MARKET TRADICIONAL,TIENDAS,ORO,SANTIAGO,ZONA NORTE,9000018749,18749,COLMADO LA FAMILIA,"C/ 5 ESQ. 2, LOS QUEMADOS",DEYBI VARGAS,SANTIAGO,SANTIAGO,CENTRO DEL PUEBLO,TRADICIONAL,325,BRIAN JOSE NUÑEZ,BRIAN JOSE NUÑEZ,JUAN LUIS LA HOZ,JUAN LUIS LA HOZ,19.4272217750549,-70.6923847198486,325 SANTIAGO,ALTA RETORNABILIDAD,SIN INCIDENCIA,ICE,1151003876,Sin Visita,Elegible,19.4272217750549,-70.6923847198486,19.4272217750549-70.6923847198486,ELEGIBLE,NO,S,S1,STAGO108,SANTIAGO,STAGO108-SANTIAGO,2.0,Día 2,,,SUPLENTE,9000018749,,2.0,YARLENYS,Cargar
NO,HOME MARKET TRADICIONAL,TIENDAS,Plata,NAGUA,ZONA ESTE,9000041178,41178,COLMADO SONIA,"C/NARCISO MINAYA,# 80,NAGUA",SAUL GIL,MARÍA TRINIDAD SÁNCHEZ,MARÍA TRINIDAD SÁNCHEZ,CENTRO DEL PUEBLO,TRADICIONAL,312,JUAN JOSE RODRIGUEZ HERNANDEZ,JUAN JOSE RODRIGUEZ HERNANDEZ,RICHARD PAREDES,RICHARD PAREDES,19.37246,-69.847913,312 NAGUA,ALTA RETORNABILIDAD,SIN INCIDENCIA,ICE,1152001036,Ultima Aprobada,Elegible,19.37242875,-69.84793211666667,19.37242875-69.8479321166667,ELEGIBLE,NO,S,S1,NGUA106,NAGUA,NGUA106-NAGUA,1.0,Día 1,,,SUPLENTE,9000041178,,1.0,JORGE LUIS,Cargar
NO,HOME MARKET TRADICIONAL,TIENDAS,Bronce,SANTIAGO,ZONA NORTE,9000023539,23539,COLMADO MARIA,C/49 #54 MELLA I,DEYBI VARGAS,SANTIAGO,SANTIAGO,CENTRO DEL PUEBLO,TRADICIONAL,352,SANCHEZ SOSA EDWIN,SANCHEZ SOSA EDWIN,YOHAO TAVERAS ROSARIO,YOHAO TAVERAS ROSARIO,19.48169,-70.742009,352 SANTIAGO,ALTA RETORNABILIDAD,SIN INCIDENCIA,ICE,1151025797,Sin Visita,Elegible,19.48169,-70.742009,19.48169-70.742009,ELEGIBLE,NO,S,S1,STIAGO107,SANTIAGO,STIAGO107-SANTIAGO,1.0,Día 1,,,SUPLENTE,9000023539,,1.0,MARTIN MARTINEZ,Cargar
NO,HOME MARKET TRADICIONAL,TIENDAS,ORO,HATO NUEVO,ZONA OCCIDENTAL  Y SC,9000000717,717,COL. VICTOR,"C/ ML FLORES # 26 ENS, LA FE",JUAN PAULINO,DISTRITO NACIONAL,DISTRITO NACIONAL,CENTRO DE LA CIUDAD,TRADICIONAL,421,SMAYLI RAMON RODRIGUEZ QUEZADA,SMAYLI RAMON RODRIGUEZ QUEZADA,RAMON CUELLO HN,RAMON CUELLO HN,18.4916593652023,-69.9287663509971,421 HATO NUEVO,BAJA RETORNABILIDAD,SIN INCIDENCIA,ICE,1169008119,Ultima Aprobada,Elegible,18.49172562,-69.9287233,18.49172562-69.9287233,ELEGIBLE,NO,S,S1,DSTRTO105,HATO NUEVO,DSTRTO105-HATO NUEVO,2.0,Día 2,,,SUPLENTE,9000000717,,2.0,JEYSON VALDEZ,Cargar
NO,HOME MARKET TRADICIONAL,TIENDAS,ORO,HATO NUEVO,ZONA OCCIDENTAL  Y SC,9000001523,1523,COL. LA GRAN PARADA,"C/ PEPILLO SALCEDO # 36 ENS, LA FE",JUAN PAULINO,DISTRITO NACIONAL,DISTRITO NACIONAL,CENTRO DE LA CIUDAD,TRADICIONAL,421,SMAYLI RAMON RODRIGUEZ QUEZADA,SMAYLI RAMON RODRIGUEZ QUEZADA,RAMON CUELLO HN,RAMON CUELLO HN,18.4914924621582,-69.9254573822022,421 HATO NUEVO,ALTA RETORNABILIDAD,SIN INCIDENCIA,ICE,1169007916,Sin Visita,Elegible,18.4914924621582,-69.9254573822022,18.4914924621582-69.9254573822022,ELEGIBLE,NO,S,S1,DSTRTO105,HATO NUEVO,DSTRTO105-HATO NUEVO,2.0,Día 2,,,SUPLENTE,9000001523,,2.0,JEYSON VALDEZ,Cargar
NO,HOME MARKET TRADICIONAL,TIENDAS,Plata,CHARLES DE GAULLE,ZONA SD ORIENTAL,9000060553,60553,COLMADO BRAYAN III,LA TORRE ESQ SOL,JUNIOR RIVERA,SANTO DOMINGO,SANTO DOMINGO,VILLA MELLA,TRADICIONAL,325,STARLIN ENCARNACION,STARLIN ENCARNACION,FABIEL PEÑA,FABIEL PEÑA,18.5382521493094,-69.9408438546317,325 CHARLES DE GAULLE,BAJA RETORNABILIDAD,SIN INCIDENCIA,ICE,1153011638,Ultima Aprobada,Elegible,18.5382909,-69.9407448,18.5382909-69.9407448,ELEGIBLE,NO,S,S1,CHLES103,CHARLES DE GAULLE,CHLES103-CHARLES DE GAULLE,2.0,Día 2,,,SUPLENTE,9000060553,,2.0,JEAN LUIS,Cargar
NO,HOME MARKET TRADICIONAL,MINIMERCADOS,ORO,HATO NUEVO,ZONA OCCIDENTAL  Y SC,9000034748,34748,S/M PAULA,C/ GRAL. LEGER Ñ 39,JUAN PAULINO,SAN CRISTÓBAL,SAN CRISTÓBAL,CENTRO DE LA CIUDAD,TRADICIONAL,446,RANDY DELGADO,RANDY DELGADO,KELVIN ABAD PLACENCIO HN,KELVIN ABAD PLACENCIO HN,18.4158140818278,-70.1085268656413,446 HATO NUEVO,ALTA RETORNABILIDAD,SIN INCIDENCIA,ICE,1169005909,Sin Visita,Elegible,18.4158140818278,-70.1085268656413,18.4158140818278-70.1085268656413,ELEGIBLE,NO,S,S1,HTNVO101,HATO NUEVO,HTNVO101-HATO NUEVO,1.0,Día 1,,,SUPLENTE,9000034748,,1.0,ARILEYSIS,Cargar
NO,HOME MARKET TRADICIONAL,TIENDAS,ORO,HATO NUEVO,ZONA OCCIDENTAL  Y SC,9000072344,72344,BODEGA LA ECONOMIA,BUENAVENTURA FREITES,JUAN PAULINO,DISTRITO NACIONAL,DISTRITO NACIONAL,JARDINES DEL SUR,TRADICIONAL,382,FRANCISCO JAVIER GOMEZ SANTIAGO,FRANCISCO JAVIER GOMEZ SANTIAGO,MICHAEL SOSA HN,MICHAEL SOSA HN,18.4867134094238,-69.9627914428711,382 HATO NUEVO,ALTA RETORNABILIDAD,SIN INCIDENCIA,ICE,1169006932,Ultima Aprobada,Elegible,18.48703666666666,-69.96293333333332,18.4870366666667-69.9629333333333,ELEGIBLE,NO,S,S1,DSTRIO104,HATO NUEVO,DSTRIO104-HATO NUEVO,2.0,Día 2,,,SUPLENTE,9000072344,,2.0,JENIFER GÓMEZ,Cargar
NO,HOME MARKET TRADICIONAL,TIENDAS,ORO,HATO NUEVO,ZONA OCCIDENTAL  Y SC,9000036369,36369,COL. SANTANA,"C/HATO DAMAS, BORRUGA,S.C.",JUAN PAULINO,SAN CRISTÓBAL,SAN CRISTÓBAL,CENTRO DE LA CIUDAD,TRADICIONAL,449,CECILIO RODRIGUEZ CORPORAN,CECILIO RODRIGUEZ CORPORAN,KELVIN ABAD PLACENCIO HN,KELVIN ABAD PLACENCIO HN,18.47771,-70.10874,449 HATO NUEVO,ALTA RETORNABILIDAD,SIN INCIDENCIA,ICE,1169004646,Sin Visita,Elegible,18.47771,-70.10874,18.47771-70.10874,ELEGIBLE,NO,S,S1,HTNVO101,HATO NUEVO,HTNVO101-HATO NUEVO,1.0,Día 1,,,SUPLENTE,9000036369,,1.0,ARILEYSIS,Cargar
NO,HOME MARKET TRADICIONAL,TIENDAS,Bronce,HATO NUEVO,ZONA OCCIDENTAL  Y SC,9000093706,93706,COL TAWARA,PRINCIPAL DOÑA ANA YAGUATE,JUAN PAULINO,SAN CRISTÓBAL,SAN CRISTÓBAL,DOÑA ANA,TRADICIONAL,447,JUAN DE LOS SANTOS,JUAN DE LOS SANTOS,KELVIN ABAD PLACENCIO HN,KELVIN ABAD PLACENCIO HN,18.3748486836751,-70.1647618611654,447 HATO NUEVO,BAJA RETORNABILIDAD,SIN INCIDENCIA,ICE,1169005047,Ultima Aprobada,Elegible,18.3748166,-70.1648016,18.3748166-70.1648016,ELEGIBLE,NO,S,S1,HTNVO101,HATO NUEVO,HTNVO101-HATO NUEVO,2.0,Día 2,,,SUPLENTE,9000093706,,2.0,ARILEYSIS,Cargar
NO,HOME MARKET TRADICIONAL,TIENDAS,ORO,NAGUA,ZONA ESTE,9000098861,98861,PLAZA YUYAXA,CALLE PRINCIPAL BARRIO QUISQUEYANO EN NAGUA,SAUL GIL,MARÍA TRINIDAD SÁNCHEZ,MARÍA TRINIDAD SÁNCHEZ,CENTRO DEL PUEBLO,TRADICIONAL,306,PEDRO MANUEL MEJIA PEÑA,PEDRO MANUEL MEJIA PEÑA,RICHARD PAREDES,RICHARD PAREDES,19.3722362518311,-69.8622741699219,306 NAGUA,ALTA RETORNABILIDAD,SIN INCIDENCIA,TITAN,1152008102,Ultima Aprobada,Elegible,19.372095,-69.86227666666667,19.372095-69.8622766666667,ELEGIBLE,NO,S,S1,NGUA106,NAGUA,NGUA106-NAGUA,2.0,Día 2,,,SUPLENTE,9000098861,,2.0,JORGE LUIS,Cargar
NO,HOME MARKET TRADICIONAL,MINIMERCADOS,ORO,SANTIAGO,ZONA NORTE,9000100953,100953,MINI MARKET LOS PRIMOS,CARRETERA DON PEDRO,DEYBI VARGAS,SANTIAGO,SANTIAGO,LAS DIANAS,TRADICIONAL,307,JUAN ESTRELLA,JUAN ESTRELLA,ALEXANDER MARTE,ALEXANDER MARTE,19.4613192081451,-70.6567411422729,307 SANTIAGO,BAJA RETORNABILIDAD,SIN INCIDENCIA,TITAN,1151024765,Ultima Aprobada,Elegible,19.46136833333333,-70.65668833333334,19.4613683333333-70.6566883333333,ELEGIBLE,NO,S,S1,STAGO108,SANTIAGO,STAGO108-SANTIAGO,1.0,Día 1,,,SUPLENTE,9000100953,,1.0,YARLENYS,Cargar
NO,HOME MARKET TRADICIONAL,TIENDAS,Bronce,SAN CRISTOBAL,ZONA OCCIDENTAL  Y SC,9000104680,104680,COLMADO LA FAMILIA,FLORENCIO ARAUJO FRENTE A LOYOLA,JUAN PAULINO,SAN CRISTÓBAL,SAN CRISTÓBAL,PUEBLO NUEVO,TRADICIONAL,444,FAUSTO BRITO,FAUSTO BRITO,KELVIN ABAD PLACENCIO HN,KELVIN ABAD PLACENCIO HN,18.4089933122907,-70.1097074236189,444 SAN CRISTOBAL,BAJA RETORNABILIDAD,SIN INCIDENCIA,ICE,1169005107,Sin Visita,Elegible,18.4089933122907,-70.1097074236189,18.4089933122907-70.1097074236189,ELEGIBLE,NO,S,S1,HTNVO101,SAN CRISTOBAL,HTNVO101-HATO NUEVO,2.0,Día 2,,,SUPLENTE,9000104680,,2.0,ARILEYSIS,Cargar
NO,HOME MARKET TRADICIONAL,TIENDAS,ORO,NAGUA,ZONA ESTE,9000106076,106076,SUPER COLMADO LOURDES,CALLE FABIO ABRE LA CEIBA LAS TERRENAS,SAUL GIL,SAMANÁ,SAMANÁ,CENTRO DEL PUEBLO,TRADICIONAL,305,DERLIN GIL GARCIA,DERLIN GIL GARCIA,LEONEL ALMONTE ORTEGA,LEONEL ALMONTE ORTEGA,19.30673,-69.55426,305 NAGUA,BAJA RETORNABILIDAD,SIN INCIDENCIA,TITAN,1152008450,Sin Visita,Elegible,19.30673,-69.55426,19.30673-69.55426,ELEGIBLE,NO,S,S1,NGUA106,NAGUA,NGUA106-NAGUA,3.0,Día 3,,,SUPLENTE,9000106076,,3.0,JORGE LUIS,Cargar
NO,HOME MARKET TRADICIONAL,TIENDAS,ORO,SANTIAGO,ZONA NORTE,9000112077,112077,COLMADO C Y L,HERMOSEN VASQUEZ,DEYBI VARGAS,SANTIAGO,SANTIAGO,CENTRO DEL PUEBLO,TRADICIONAL,380,JUNIOR REYES,JUNIOR REYES,ALEXANDER MARTE,ALEXANDER MARTE,19.4848365783691,-70.620979309082,380 SANTIAGO,ALTA RETORNABILIDAD,SIN INCIDENCIA,TITAN,1151027226,Ultima Aprobada,Elegible,19.4849625,-70.6209166,19.4849625-70.6209166,ELEGIBLE,NO,S,S1,STAGO108,SANTIAGO,STAGO108-SANTIAGO,1.0,Día 1,,,SUPLENTE,9000112077,,1.0,YARLENYS,Cargar
NO,HOME MARKET TRADICIONAL,TIENDAS,ORO,SANTIAGO,ZONA NORTE,9000132638,132638,BODEGUITA MABEL,C 17 DE ABRIL PUEBLO NUEVO,DEYBI VARGAS,SANTIAGO,SANTIAGO,PUEBLO NUEVO,TRADICIONAL,303,ANTHONY DARIA SANCHEZ SURIEL,ANTHONY DARIA SANCHEZ SURIEL,YOHAO TAVERAS ROSARIO,YOHAO TAVERAS ROSARIO,19.4582061767578,-70.7058715820313,303 SANTIAGO,BAJA RETORNABILIDAD,SIN INCIDENCIA,ICE,1151034445,Sin Visita,Elegible,19.4582061767578,-70.7058715820313,19.4582061767578-70.7058715820313,ELEGIBLE,NO,S,S1,STIAGO107,SANTIAGO,STIAGO107-SANTIAGO,2.0,Día 2,,,SUPLENTE,9000132638,,2.0,MARTIN MARTINEZ,Cargar
NO,HOME MARKET TRADICIONAL,MINIMERCADOS,ORO,CHARLES DE GAULLE,ZONA SD ORIENTAL,9000138766,138766,MINI MARKET MANGA,SEGUNDA NO 20 LA COLINA DE ARROYO,JUNIOR RIVERA,SANTO DOMINGO,SANTO DOMINGO,VILLA MELLA,TRADICIONAL,322,EUGENIO PEREZ,EUGENIO PEREZ,FABIEL PEÑA,FABIEL PEÑA,18.5442193349202,-69.922253926595,322 CHARLES DE GAULLE,ALTA RETORNABILIDAD,SIN INCIDENCIA,TITAN,1153024406,Sin Visita,Elegible,18.5442193349202,-69.922253926595,18.5442193349202-69.922253926595,ELEGIBLE,NO,S,S1,CHLES103,CHARLES DE GAULLE,CHLES103-CHARLES DE GAULLE,1.0,Día 1,,,SUPLENTE,9000138766,,1.0,JEAN LUIS,Cargar
NO,HOME MARKET TRADICIONAL,TIENDAS,ORO,NAGUA,ZONA ESTE,9000150920,150920,SUPER BODEGA MOREL,CARRETERA NAGUA A SAN FCO KM3 FRENTE COMERCIAL FRIAS,SAUL GIL,MARÍA TRINIDAD SÁNCHEZ,MARÍA TRINIDAD SÁNCHEZ,KILÓMETRO 3,TRADICIONAL,307,AZARIAS BRATINI VENTURA,AZARIAS BRATINI VENTURA,RICHARD PAREDES,RICHARD PAREDES,19.346166,-69.857483,307 NAGUA,BAJA RETORNABILIDAD,SIN INCIDENCIA,TITAN,1152011207,Ultima Aprobada,Elegible,19.3461665,-69.8576189,19.3461665-69.8576189,ELEGIBLE,NO,S,S1,NGUA106,NAGUA,NGUA106-NAGUA,1.0,Día 1,,,SUPLENTE,9000150920,,1.0,JORGE LUIS,Cargar
NO,HOME MARKET TRADICIONAL,MINIMERCADOS,ORO,HATO NUEVO,ZONA OCCIDENTAL  Y SC,9000008363,8363,DELI MARKET NEPO,"C/ EUCLIDE MORILLO # 70, ENS. LA FE",JUAN PAULINO,DISTRITO NACIONAL,DISTRITO NACIONAL,CENTRO DE LA CIUDAD,TRADICIONAL,421,SMAYLI RAMON RODRIGUEZ QUEZADA,SMAYLI RAMON RODRIGUEZ QUEZADA,RAMON CUELLO HN,RAMON CUELLO HN,18.4868489901225,-69.9348468780518,421 HATO NUEVO,ALTA RETORNABILIDAD,SIN INCIDENCIA,ICE,1169008335,Sin Visita,Elegible,18.4868489901225,-69.9348468780518,18.4868489901225-69.9348468780518,ELEGIBLE,NO,S,S1,DSTRTO105,HATO NUEVO,DSTRTO105-HATO NUEVO,2.0,Día 2,,,SUPLENTE,9000008363,,2.0,JEYSON VALDEZ,Cargar
NO,HOME MARKET TRADICIONAL,TIENDAS,ORO,SANTIAGO,ZONA NORTE,9000022360,22360,COLMADO RANDY,"C/CAONABO #20, BIOJOL,GUAZUMAL",DEYBI VARGAS,SANTIAGO,SANTIAGO,CENTRO DEL PUEBLO,TRADICIONAL,360,EDUARDO LUIS HERNANDEZ,EDUARDO LUIS HERNANDEZ,ALEXANDER MARTE,ALEXANDER MARTE,19.4975869315011,-70.6350697108677,360 SANTIAGO,BAJA RETORNABILIDAD,SIN INCIDENCIA,TITAN,1151013294,Sin Visita,Elegible,19.4975869315011,-70.6350697108677,19.4975869315011-70.6350697108677,ELEGIBLE,NO,S,S1,STAGO108,SANTIAGO,STAGO108-SANTIAGO,1.0,Día 1,,,SUPLENTE,9000022360,,1.0,YARLENYS,Cargar
NO,HOME MARKET TRADICIONAL,TIENDAS,Bronce,SAN CRISTOBAL,ZONA OCCIDENTAL  Y SC,9000166295,166295,COLMADO DE TODO,PRIMERA ALTO DE LOS UBALDO,JUAN PAULINO,SAN CRISTÓBAL,SAN CRISTÓBAL,CAMBITA STERLING,TRADICIONAL,470,CARLOS JOSE REYES VIZCAINO,CARLOS JOSE REYES VIZCAINO,KELVIN ABAD SC,KELVIN ABAD SC,18.457028,-70.196917,470 SAN CRISTOBAL,ALTA RETORNABILIDAD,SIN INCIDENCIA,ICE,1162007905,Sin Visita,Elegible,18.457028,-70.196917,18.457028-70.196917,ELEGIBLE,NO,S,S1,HTNVO101,SAN CRISTOBAL,HTNVO101-HATO NUEVO,1.0,Día 1,,,SUPLENTE,9000166295,,1.0,ARILEYSIS,Cargar
NO,HOME MARKET TRADICIONAL,TIENDAS,Plata,HATO NUEVO,ZONA OCCIDENTAL  Y SC,9000004422,4422,COL. LOS MUCHACHOS,"C/2 SUR #30, ENS. LUPERON",JUAN PAULINO,DISTRITO NACIONAL,DISTRITO NACIONAL,CENTRO DE LA CIUDAD,TRADICIONAL,323,MIGUEL ABREU PINALES,MIGUEL ABREU PINALES,DANIEL BATISTA,DANIEL BATISTA,18.49957,-69.8937,323 HATO NUEVO,ALTA RETORNABILIDAD,SIN INCIDENCIA,ICE,1169009542,Ultima Aprobada,Elegible,18.50058061,-69.8916891,18.50058061-69.8916891,ELEGIBLE,NO,S,S1,DSTRTO105,HATO NUEVO,DSTRTO105-HATO NUEVO,1.0,Día 1,,,SUPLENTE,9000004422,,1.0,JEYSON VALDEZ,Cargar
NO,HOME MARKET TRADICIONAL,TIENDAS,Plata,HATO NUEVO,ZONA OCCIDENTAL  Y SC,9000005066,5066,COLMADO ME LIBERE,C/FCO. VILLA ESPESA NO.25 ENS. LA FE,JUAN PAULINO,DISTRITO NACIONAL,DISTRITO NACIONAL,CENTRO DE LA CIUDAD,TRADICIONAL,341,LUIS OSVALDO BIDO MONTERO,LUIS OSVALDO BIDO MONTERO,RAMON CUELLO HN,RAMON CUELLO HN,18.4871006,-69.91788483,341 HATO NUEVO,ALTA RETORNABILIDAD,SIN INCIDENCIA,ICE,1169009585,Ultima Aprobada,Elegible,18.4870766,-69.9178767,18.4870766-69.9178767,ELEGIBLE,NO,S,S1,DSTRTO105,HATO NUEVO,DSTRTO105-HATO NUEVO,1.0,Día 1,,,SUPLENTE,9000005066,,1.0,JEYSON VALDEZ,Cargar
NO,HOME MARKET TRADICIONAL,MINIMERCADOS,ORO,SANTIAGO,ZONA NORTE,9000016753,16753,MINI MARKET ARIEL,AVE/RAFAEL VIDAL,DEYBI VARGAS,SANTIAGO,SANTIAGO,CENTRO DEL PUEBLO,ESPECIALIZADO TRADICIONAL,375,MANUEL RODRIGUEZ,MANUEL RODRIGUEZ,ANTONIO JIMENEZ,ANTONIO JIMENEZ,19.4454107284546,-70.66748046875,375 SANTIAGO,ALTA RETORNABILIDAD,SIN INCIDENCIA,TITAN,1151000500,Ultima Aprobada,Elegible,19.44543666666667,-70.667535,19.4454366666667-70.667535,ELEGIBLE,NO,S,S1,STAGO108,SANTIAGO,STAGO108-SANTIAGO,2.0,Día 2,,,SUPLENTE,9000016753,,2.0,YARLENYS,Cargar
NO,HOME MARKET TRADICIONAL,TIENDAS,Plata,SANTIAGO,ZONA NORTE,9000023964,23964,COLMADO J.R,C/3 ESQ.11. LOS ROBLES PROLONGACION,DEYBI VARGAS,SANTIAGO,SANTIAGO,CENTRO DEL PUEBLO,TRADICIONAL,378,VICTORIANO PAULINO,VICTORIANO PAULINO,YOHAO TAVERAS ROSARIO,YOHAO TAVERAS ROSARIO,19.4881978034973,-70.7269916534424,378 SANTIAGO,ALTA RETORNABILIDAD,SIN INCIDENCIA,ICE,1151015697,Ultima Aprobada,Elegible,19.48815428,-70.72704526,19.48815428-70.72704526,ELEGIBLE,NO,S,S1,STIAGO107,SANTIAGO,STIAGO107-SANTIAGO,1.0,Día 1,,,SUPLENTE,9000023964,,1.0,MARTIN MARTINEZ,Cargar
NO,HOME MARKET TRADICIONAL,TIENDAS,Plata,SANTIAGO,ZONA NORTE,9000024859,24859,COLMADO EL BALE,C/2 #73 YAGUITA DEL EJIDO,DEYBI VARGAS,SANTIAGO,SANTIAGO,CENTRO DEL PUEBLO,TRADICIONAL,320,YUNIOR ANTONIO GUZMAN LAMI,YUNIOR ANTONIO GUZMAN LAMI,YOHAO TAVERAS ROSARIO,YOHAO TAVERAS ROSARIO,19.4700630732945,-70.7040841238839,320 SANTIAGO,ALTA RETORNABILIDAD,SIN INCIDENCIA,ICE,1151017108,Ultima Aprobada,Elegible,19.47006335,-70.70413525,19.47006335-70.70413525,ELEGIBLE,NO,S,S1,STIAGO107,SANTIAGO,STIAGO107-SANTIAGO,2.0,Día 2,,,SUPLENTE,9000024859,,2.0,MARTIN MARTINEZ,Cargar
NO,HOME MARKET TRADICIONAL,TIENDAS,Plata,SANTO DOMINGO,ZONA OCCIDENTAL  Y SC,9000071172,71172,COLMADO CHICHO,RESP ISABELA,JUAN PAULINO,DISTRITO NACIONAL,DISTRITO NACIONAL,ENSANCHE CAPOTILLO,TRADICIONAL,395,RAMON RODRIGUEZ CORNIEL,RAMON RODRIGUEZ CORNIEL,DANIEL BATISTA,DANIEL BATISTA,18.5077567100525,-69.9031934738159,395 SANTO DOMINGO,BAJA RETORNABILIDAD,SIN INCIDENCIA,ICE,1150030559,Ultima Aprobada,Elegible,18.5077545,-69.9031394,18.5077545-69.9031394,ELEGIBLE,NO,S,S1,DSTRTO105,SANTO DOMINGO,DSTRTO105-HATO NUEVO,1.0,Día 1,,,SUPLENTE,9000071172,,1.0,JEYSON VALDEZ,Cargar
NO,HOME MARKET TRADICIONAL,TIENDAS,Bronce,NAGUA,ZONA ESTE,9000162463,162463,PAYU MINI MARKET,CALLE PRINCIPAL NO 29 LA MAJAGUA DE SANCHEZ,SAUL GIL,SAMANÁ,SAMANÁ,LA MAJAGUA (GUACHUPITA),TRADICIONAL,308,JOSÉ JOAQUÍN VASQUEZ JIMENEZ,JOSÉ JOAQUÍN VASQUEZ JIMENEZ,LEONEL ALMONTE ORTEGA,LEONEL ALMONTE ORTEGA,19.261928,-69.703272,308 NAGUA,ALTA RETORNABILIDAD,SIN INCIDENCIA,ICE,1152012140,Sin Visita,Elegible,19.261928,-69.703272,19.261928-69.703272,ELEGIBLE,NO,S,S1,NGUA106,NAGUA,NGUA106-NAGUA,3.0,Día 3,,,SUPLENTE,9000162463,,3.0,JORGE LUIS,Cargar
SI,HOME MARKET TRADICIONAL,TIENDAS,ORO,SANTO DOMINGO,ZONA OCCIDENTAL  Y SC,9000000177,177,COLMADO PERDOMO II,HIGUEMOTA # 30 BELLA VISTA,JUAN PAULINO,DISTRITO NACIONAL,DISTRITO NACIONAL,BELLA VISTA,TRADICIONAL,418,ESFRAILYN GALVEZ BAUTISTA,ESFRAILYN GALVEZ BAUTISTA,JUAN BATISTA,JUAN BATISTA,18.4580207552229,-69.9411473955427,418 SANTO DOMINGO,BAJA RETORNABILIDAD,SIN INCIDENCIA,TITAN,1150000522,Ultima Aprobada,Elegible,18.4583077,-69.9412761,18.4583077-69.9412761,ELEGIBLE,NO,S,S PANEL,DSTRIO104,SANTO DOMINGO,DSTRIO104-HATO NUEVO,1.0,Día 1,,,SUPLENTE,9000000177,,1.0,JENIFER GÓMEZ,Cargar
NO,HOME MARKET TRADICIONAL,TIENDAS,ORO,HATO NUEVO,ZONA OCCIDENTAL  Y SC,9000000287,287,COLMADO CHARINA,JACINTO MAÑON PARAISO,JUAN PAULINO,DISTRITO NACIONAL,DISTRITO NACIONAL,PARAÍSO,TRADICIONAL,332,WELLINTON YSRAEL CASANOVA MONTERO,WELLINTON YSRAEL CASANOVA MONTERO,RAMON CUELLO HN,RAMON CUELLO HN,18.4809,-69.9395,332 HATO NUEVO,ALTA RETORNABILIDAD,SIN INCIDENCIA,ICE,1169009399,Ultima Aprobada,Elegible,18.48081694,-69.93979666,18.48081694-69.93979666,ELEGIBLE,NO,S,S1,DSTRIO104,HATO NUEVO,DSTRIO104-HATO NUEVO,3.0,Día 3,,,SUPLENTE,9000000287,,3.0,JENIFER GÓMEZ,Cargar
NO,HOME MARKET TRADICIONAL,MINIMERCADOS,ORO,SANTO DOMINGO,ZONA OCCIDENTAL  Y SC,9000000550,550,SUPER COLMADO SAN PEDRO,C/PIMENTEL # 104 VILLA CONSUELO,JUAN PAULINO,DISTRITO NACIONAL,DISTRITO NACIONAL,VILLA CONSUELO,TRADICIONAL,314,JOSE ENMANUEL ROSARIO MERCEDES,JOSE ENMANUEL ROSARIO MERCEDES,DANIEL BATISTA,DANIEL BATISTA,18.48371,-69.896,314 SANTO DOMINGO,BAJA RETORNABILIDAD,SIN INCIDENCIA,TITAN,1150002021,Sin Visita,Elegible,18.48371,-69.896,18.48371-69.896,ELEGIBLE,NO,S,S1,DSTRTO105,SANTO DOMINGO,DSTRTO105-HATO NUEVO,2.0,Día 2,,,SUPLENTE,9000000550,,2.0,JEYSON VALDEZ,Cargar
NO,HOME MARKET TRADICIONAL,MINIMERCADOS,ORO,HATO NUEVO,ZONA OCCIDENTAL  Y SC,9000000896,896,SUPER COLMADO TRONCOSO,C/JOLSE TAPIA BREA # 306 ENS. QUISQUEYA,JUAN PAULINO,DISTRITO NACIONAL,DISTRITO NACIONAL,CENTRO DE LA CIUDAD,TRADICIONAL,319,WANNER DE JESUS CASTILLO VICENTE,WANNER DE JESUS CASTILLO VICENTE,RAMON CUELLO HN,RAMON CUELLO HN,18.4593690236409,-69.944699605306,319 HATO NUEVO,BAJA RETORNABILIDAD,SIN INCIDENCIA,ICE,1169009443,Ultima Aprobada,Elegible,18.45922833333333,-69.94469166666666,18.4592283333333-69.9446916666667,ELEGIBLE,NO,S,S1,DSTRIO104,HATO NUEVO,DSTRIO104-HATO NUEVO,1.0,Día 1,,,SUPLENTE,9000000896,,1.0,JENIFER GÓMEZ,Cargar
NO,HOME MARKET TRADICIONAL,TIENDAS,Plata,HATO NUEVO,ZONA OCCIDENTAL  Y SC,9000001022,1022,COLMADO GUZMAN,"C/ RESP. 43 # 58 ENS, LA FE CRISTO REY",JUAN PAULINO,DISTRITO NACIONAL,DISTRITO NACIONAL,CRISTO REY,TRADICIONAL,340,STARLIN HERRERA,STARLIN HERRERA,RAMON CUELLO HN,RAMON CUELLO HN,18.4976181983948,-69.9263515472412,340 HATO NUEVO,BAJA RETORNABILIDAD,SIN INCIDENCIA,ICE,1169008097,Ultima Aprobada,Elegible,18.49716993,-69.92545497,18.49716993-69.92545497,ELEGIBLE,NO,S,S1,DSTRTO105,HATO NUEVO,DSTRTO105-HATO NUEVO,3.0,Día 3,,,SUPLENTE,9000001022,,3.0,JEYSON VALDEZ,Cargar
NO,HOME MARKET TRADICIONAL,TIENDAS,ORO,SANTO DOMINGO,ZONA OCCIDENTAL  Y SC,9000001161,1161,BODEGA TEJEDA,"C/DR. DEFILLO ESQ, ROMULO BETANCOURT B. VISTA",JUAN PAULINO,DISTRITO NACIONAL,DISTRITO NACIONAL,CENTRO DE LA CIUDAD,TRADICIONAL,418,ESFRAILYN GALVEZ BAUTISTA,ESFRAILYN GALVEZ BAUTISTA,JUAN BATISTA,JUAN BATISTA,18.4536628723145,-69.9462966918945,418 SANTO DOMINGO,ALTA RETORNABILIDAD,SIN INCIDENCIA,TITAN,1150004849,Ultima Aprobada,Elegible,18.45381166666666,-69.94620499999999,18.4538116666667-69.946205,ELEGIBLE,NO,S,S1,DSTRIO104,SANTO DOMINGO,DSTRIO104-HATO NUEVO,1.0,Día 1,,,SUPLENTE,9000001161,,1.0,JENIFER GÓMEZ,Cargar
NO,HOME MARKET TRADICIONAL,TIENDAS,ORO,HATO NUEVO,ZONA OCCIDENTAL  Y SC,9000001149,1149,COL. LIBERTAD,C/ 1 C OESTE # 2 SAN GERONIMO,JUAN PAULINO,DISTRITO NACIONAL,DISTRITO NACIONAL,CENTRO DE LA CIUDAD,TRADICIONAL,317,FREYMI JOSE CASTRO PEREZ,FREYMI JOSE CASTRO PEREZ,RAMON CUELLO HN,RAMON CUELLO HN,18.4738483428955,-69.9658126831055,317 HATO NUEVO,ALTA RETORNABILIDAD,SIN INCIDENCIA,ICE,1169008116,Sin Visita,Elegible,18.4738483428955,-69.9658126831055,18.4738483428955-69.9658126831055,ELEGIBLE,NO,S,S1,DSTRIO104,HATO NUEVO,DSTRIO104-HATO NUEVO,1.0,Día 1,,,SUPLENTE,9000001149,,1.0,JENIFER GÓMEZ,Cargar
NO,HOME MARKET TRADICIONAL,TIENDAS,Plata,CHARLES DE GAULLE,ZONA SD ORIENTAL,9000011634,11634,COLMADO RODRIGUES,C/ PRINCIPAL #12 VILLA MELLA.,JUNIOR RIVERA,SANTO DOMINGO,SANTO DOMINGO,VILLA MELLA,TRADICIONAL,356,JONATHAN MERCEDEZ,JONATHAN MERCEDEZ,FABIEL PEÑA,FABIEL PEÑA,18.539443731308,-69.9029445648193,356 CHARLES DE GAULLE,ALTA RETORNABILIDAD,SIN INCIDENCIA,ICE,1153003167,Ultima Aprobada,Elegible,18.53951166666667,-69.90298166666666,18.5395116666667-69.9029816666667,ELEGIBLE,NO,S,S1,CHLES103,CHARLES DE GAULLE,CHLES103-CHARLES DE GAULLE,1.0,Día 1,,,SUPLENTE,9000011634,,1.0,JEAN LUIS,Cargar
NO,HOME MARKET TRADICIONAL,TIENDAS,Plata,CHARLES DE GAULLE,ZONA SD ORIENTAL,9000013160,13160,COLMADO MANUEL,C1ERA  NO 25 EL MAQUITO,JUNIOR RIVERA,SANTO DOMINGO,SANTO DOMINGO,SANTO DOMINGO ESTE CENTRO,TRADICIONAL,316,LUIS GONZALEZ,LUIS GONZALEZ,FABIEL PEÑA,FABIEL PEÑA,18.5229225158691,-69.8698120117188,316 CHARLES DE GAULLE,BAJA RETORNABILIDAD,SIN INCIDENCIA,ICE,1153006280,Ultima Aprobada,Elegible,18.52289278,-69.86940018,18.52289278-69.86940018,ELEGIBLE,NO,S,S1,CHLES103,CHARLES DE GAULLE,CHLES103-CHARLES DE GAULLE,3.0,Día 3,,,SUPLENTE,9000013160,,3.0,JEAN LUIS,Cargar
NO,HOME MARKET TRADICIONAL,TIENDAS,Plata,CHARLES DE GAULLE,ZONA SD ORIENTAL,9000013649,13649,COLMADO ALBERTO,C/CORONEL FERNANDES ESQ.MARIA TRI. SANCHEZ,JUNIOR RIVERA,SANTO DOMINGO,SANTO DOMINGO,SANTO DOMINGO ESTE CENTRO,TRADICIONAL,364,JORVIN GOMEZ,JORVIN GOMEZ,FABIEL PEÑA,FABIEL PEÑA,18.5441240583147,-69.8620747157506,364 CHARLES DE GAULLE,BAJA RETORNABILIDAD,SIN INCIDENCIA,TITAN,1153007023,Ultima Aprobada,Elegible,18.54418833333333,-69.86208833333333,18.5441883333333-69.8620883333333,ELEGIBLE,NO,S,S1,CHLES103,CHARLES DE GAULLE,CHLES103-CHARLES DE GAULLE,3.0,Día 3,,,SUPLENTE,9000013649,,3.0,JEAN LUIS,Cargar
NO,HOME MARKET TRADICIONAL,TIENDAS,Plata,CHARLES DE GAULLE,ZONA SD ORIENTAL,9000013808,13808,D CHULO BODEGA,"CALLE LUCERO ESQ. COMETA, URB. SOL DE LUZ",JUNIOR RIVERA,SANTO DOMINGO,SANTO DOMINGO,VILLA MELLA,TRADICIONAL,362,STARLIN FLORENTINO,STARLIN FLORENTINO,FABIEL PEÑA,FABIEL PEÑA,18.5259475708008,-69.9070529937744,362 CHARLES DE GAULLE,BAJA RETORNABILIDAD,SIN INCIDENCIA,ICE,1153007271,Ultima Aprobada,Elegible,18.52593689,-69.90704758,18.52593689-69.90704758,ELEGIBLE,NO,S,S1,CHLES103,CHARLES DE GAULLE,CHLES103-CHARLES DE GAULLE,1.0,Día 1,,,SUPLENTE,9000013808,,1.0,JEAN LUIS,Cargar
NO,HOME MARKET TRADICIONAL,TIENDAS,Plata,SANTIAGO,ZONA NORTE,9000017201,17201,COLMADO LOS TRES HERMANOS,"C/PROYECTO #27, LOS CERRITOS",DEYBI VARGAS,SANTIAGO,SANTIAGO,CENTRO DEL PUEBLO,TRADICIONAL,346,GEN HOU TSANG,GEN HOU TSANG,ALEXANDER MARTE,ALEXANDER MARTE,19.4654214041574,-70.6744788033622,346 SANTIAGO,ALTA RETORNABILIDAD,SIN INCIDENCIA,ICE,1151001152,Ultima Aprobada,Elegible,19.46545666666667,-70.67452833333333,19.4654566666667-70.6745283333333,ELEGIBLE,NO,S,S1,STAGO108,SANTIAGO,STAGO108-SANTIAGO,2.0,Día 2,,,SUPLENTE,9000017201,,2.0,YARLENYS,Cargar
NO,HOME MARKET TRADICIONAL,TIENDAS,Plata,SANTIAGO,ZONA NORTE,9000017517,17517,COLMADO OLGARINA,"C/SANTA ANA # 20,BARRIO LINDO",DEYBI VARGAS,SANTIAGO,SANTIAGO,CENTRO DEL PUEBLO,TRADICIONAL,305,DARWIN GARCIA,DARWIN GARCIA,JUAN LUIS LA HOZ,JUAN LUIS LA HOZ,19.4286751747131,-70.6835060119629,305 SANTIAGO,ALTA RETORNABILIDAD,SIN INCIDENCIA,ICE,1151001700,Ultima Aprobada,Elegible,19.42864,-70.68346166666667,19.42864-70.6834616666667,ELEGIBLE,NO,S,S1,STAGO108,SANTIAGO,STAGO108-SANTIAGO,2.0,Día 2,,,SUPLENTE,9000017517,,2.0,YARLENYS,Cargar
NO,HOME MARKET TRADICIONAL,TIENDAS,Plata,SANTIAGO,ZONA NORTE,9000017780,17780,COLMADO CARLOS,"LICEY AL MED.C/MELLA,CHIVA",DEYBI VARGAS,SANTIAGO,SANTIAGO,CENTRO DEL PUEBLO,TRADICIONAL,336,CRISTIAN MOREL,CRISTIAN MOREL,ALEXANDER MARTE,ALEXANDER MARTE,19.3967342376709,-70.5901794433594,336 SANTIAGO,ALTA RETORNABILIDAD,SIN INCIDENCIA,TITAN,1151002140,Ultima Aprobada,Elegible,19.39672333333333,-70.59020166666666,19.3967233333333-70.5902016666667,ELEGIBLE,NO,S,S1,STAGO108,SANTIAGO,STAGO108-SANTIAGO,3.0,Día 3,,,SUPLENTE,9000017780,,3.0,YARLENYS,Cargar
NO,HOME MARKET TRADICIONAL,TIENDAS,ORO,SANTIAGO,ZONA NORTE,9000018169,18169,COLMADO LOS HERMANOS,"C/12 ,LOS REYES",DEYBI VARGAS,SANTIAGO,SANTIAGO,CENTRO DEL PUEBLO,ESPECIALIZADO TRADICIONAL,374,JOSEPH MANUEL SANCHEZ NUÑEZ,JOSEPH MANUEL SANCHEZ NUÑEZ,ANTONIO JIMENEZ,ANTONIO JIMENEZ,19.4926238059998,-70.7061538696289,374 SANTIAGO,ALTA RETORNABILIDAD,SIN INCIDENCIA,TITAN,1151002810,Ultima Aprobada,Elegible,19.49261365,-70.70619172,19.49261365-70.70619172,ELEGIBLE,NO,S,S1,STAGO108,SANTIAGO,STAGO108-SANTIAGO,1.0,Día 1,,,SUPLENTE,9000018169,,1.0,YARLENYS,Cargar
NO,ON PREMISE,CAFETERIA / RESTAURANTE INFORMAL,Plata,SANTIAGO,ZONA NORTE,9000018713,18713,CAFETERIA CENTRO MATERNO INFANTIL SAN MARTIN DE PORRES SRL,AVJUAN PABLO DUARTE,DEYBI VARGAS,SANTIAGO,SANTIAGO,CENTRO DEL PUEBLO,C&B,366,CHRISTHIAN MERCADO,CHRISTHIAN MERCADO,ANTONIO JIMENEZ,ANTONIO JIMENEZ,19.45859718,-70.68343353,366 SANTIAGO,BAJA RETORNABILIDAD,SIN INCIDENCIA,ICE,1151003804,Ultima Aprobada,Elegible,19.4586476754961,-70.68342938035848,19.4586476754961-70.6834293803585,ELEGIBLE,NO,S,S1,STIAGO107,SANTIAGO,STIAGO107-SANTIAGO,3.0,Día 3,,,SUPLENTE,9000018713,,3.0,MARTIN MARTINEZ,Cargar
NO,HOME MARKET TRADICIONAL,TIENDAS,Plata,SAN FRANCISCO,ZONA NORTE,9000032965,32965,COLMADO NICOL,"C/ PRINCIPAL LAS TARANAS, FRENTE A LA IGLESIA",DEYBI VARGAS,DUARTE,DUARTE,SAN FRANCISCO DE MACORÍS (CENTRO),TRADICIONAL,337,ROBINSON CAMILO DE JESÚS,ROBINSON CAMILO DE JESÚS,DANIEL REYES GARCIA,DANIEL REYES GARCIA,19.202517918178,-69.9809951782227,337 SAN FRANCISCO,ALTA RETORNABILIDAD,SIN INCIDENCIA,ICE,1154006475,Ultima Aprobada,Elegible,19.20250333333333,-69.98105833333334,19.2025033333333-69.9810583333333,ELEGIBLE,NO,S,S1,NGUA106,SAN FRANCISCO,NGUA106-NAGUA,3.0,Día 3,,,SUPLENTE,9000032965,,3.0,JORGE LUIS,Cargar
NO,HOME MARKET TRADICIONAL,TIENDAS,Plata,HATO NUEVO,ZONA OCCIDENTAL  Y SC,9000034524,34524,COL. SURIEL,C/ PRINCIPAL Ñ 14,JUAN PAULINO,SAN CRISTÓBAL,SAN CRISTÓBAL,CENTRO DE LA CIUDAD,TRADICIONAL,445,JOSE ALVAREZ,JOSE ALVAREZ,KELVIN ABAD PLACENCIO HN,KELVIN ABAD PLACENCIO HN,18.4195722852434,-70.0975548880441,445 HATO NUEVO,ALTA RETORNABILIDAD,SIN INCIDENCIA,ICE,1169005797,Ultima Aprobada,Elegible,18.41961438,-70.09759597,18.41961438-70.09759597,ELEGIBLE,NO,S,S1,HTNVO101,HATO NUEVO,HTNVO101-HATO NUEVO,3.0,Día 3,,,SUPLENTE,9000034524,,3.0,ARILEYSIS,Cargar
NO,HOME MARKET TRADICIONAL,TIENDAS,Plata,SANTIAGO,ZONA NORTE,9000018185,18185,COLMADO EL CHINO,"C/PRINCIPAL #72,JACAGUA",DEYBI VARGAS,SANTIAGO,SANTIAGO,CENTRO DEL PUEBLO,TRADICIONAL,304,MEDINA FAÑA ANSHERLY YAMILE,MEDINA FAÑA ANSHERLY YAMILE,ALEXANDER MARTE,ALEXANDER MARTE,19.5186190605164,-70.6852722167969,304 SANTIAGO,ALTA RETORNABILIDAD,SIN INCIDENCIA,ICE,1151002839,Sin Visita,Elegible,19.5186190605164,-70.6852722167969,19.5186190605164-70.6852722167969,ELEGIBLE,NO,S,S1,STIAGO107,SANTIAGO,STIAGO107-SANTIAGO,1.0,Día 1,,,SUPLENTE,9000018185,,1.0,MARTIN MARTINEZ,Cargar
NO,ON PREMISE,CAFETERIA / RESTAURANTE INFORMAL,Plata,SANTIAGO,ZONA NORTE,9000019031,19031,LA ESQUINA DEL MARISCO,"C/33 #33,LAS COLINAS",DEYBI VARGAS,SANTIAGO,SANTIAGO,CENTRO DEL PUEBLO,C&B,365,JULIO DE JESUS ARACENA AYBAR,JULIO DE JESUS ARACENA AYBAR,ANTONIO JIMENEZ,ANTONIO JIMENEZ,19.4806394577026,-70.7170143127441,365 SANTIAGO,BAJA RETORNABILIDAD,SIN INCIDENCIA,ICE,1151004450,Sin Visita,Elegible,19.4806394577026,-70.7170143127441,19.4806394577026-70.7170143127441,ELEGIBLE,NO,S,S1,STIAGO107,SANTIAGO,STIAGO107-SANTIAGO,1.0,Día 1,,,SUPLENTE,9000019031,,1.0,MARTIN MARTINEZ,Cargar
NO,HOME MARKET TRADICIONAL,TIENDAS,ORO,SANTIAGO,ZONA NORTE,9000019119,19119,COLMADO DIANA,C/ LUPERON KM 3.1/2 CLUB MANBUICHE,DEYBI VARGAS,SANTIAGO,SANTIAGO,CENTRO DEL PUEBLO,TRADICIONAL,315,LEOMAR JIMENEZ,LEOMAR JIMENEZ,ALEXANDER MARTE,ALEXANDER MARTE,19.4796528816223,-70.6654481887817,315 SANTIAGO,BAJA RETORNABILIDAD,SIN INCIDENCIA,TITAN,1151004612,Sin Visita,Elegible,19.4796528816223,-70.6654481887817,19.4796528816223-70.6654481887817,ELEGIBLE,NO,S,S1,STAGO108,SANTIAGO,STAGO108-SANTIAGO,1.0,Día 1,,,SUPLENTE,9000019119,,1.0,YARLENYS,Cargar
NO,HOME MARKET TRADICIONAL,TIENDAS,Bronce,SANTIAGO,ZONA NORTE,9000023991,23991,SUPER COLMADO LA PLAZA,"C/12 ESQ. 4 #9, MELLA II",DEYBI VARGAS,SANTIAGO,SANTIAGO,CENTRO DEL PUEBLO,TRADICIONAL,352,SANCHEZ SOSA EDWIN,SANCHEZ SOSA EDWIN,YOHAO TAVERAS ROSARIO,YOHAO TAVERAS ROSARIO,19.4856700897217,-70.7382431030273,352 SANTIAGO,BAJA RETORNABILIDAD,SIN INCIDENCIA,ICE,1151025496,Sin Visita,Elegible,19.4856700897217,-70.7382431030273,19.4856700897217-70.7382431030273,ELEGIBLE,NO,S,S1,STIAGO107,SANTIAGO,STIAGO107-SANTIAGO,1.0,Día 1,,,SUPLENTE,9000023991,,1.0,MARTIN MARTINEZ,Cargar
NO,HOME MARKET TRADICIONAL,TIENDAS,ORO,SANTIAGO,ZONA NORTE,9000056350,56350,COLMADO EL PRIMO,CALLE 2 ESQ CALLE 1ERA,DEYBI VARGAS,SANTIAGO,SANTIAGO,LOS QUEMADOS,TRADICIONAL,325,BRIAN JOSE NUÑEZ,BRIAN JOSE NUÑEZ,JUAN LUIS LA HOZ,JUAN LUIS LA HOZ,19.428409576416,-70.6917715072632,325 SANTIAGO,BAJA RETORNABILIDAD,SIN INCIDENCIA,TITAN,1151008834,Ultima Aprobada,Elegible,19.42844,-70.69176833333333,19.42844-70.6917683333333,ELEGIBLE,NO,S,S1,STAGO108,SANTIAGO,STAGO108-SANTIAGO,2.0,Día 2,,,SUPLENTE,9000056350,,2.0,YARLENYS,Cargar
NO,HOME MARKET TRADICIONAL,TIENDAS,ORO,HATO NUEVO,ZONA OCCIDENTAL  Y SC,9000074484,74484,COLMADO GARCIA,AV DE LA VEGA REAL,JUAN PAULINO,DISTRITO NACIONAL,DISTRITO NACIONAL,NUEVO ARROYO HONDO,TRADICIONAL,382,FRANCISCO JAVIER GOMEZ SANTIAGO,FRANCISCO JAVIER GOMEZ SANTIAGO,MICHAEL SOSA HN,MICHAEL SOSA HN,18.5055632591248,-69.9366407394409,382 HATO NUEVO,BAJA RETORNABILIDAD,SIN INCIDENCIA,ICE,1169006692,Ultima Aprobada,Elegible,18.50560141179,-69.93672643735563,18.50560141179-69.9367264373556,ELEGIBLE,NO,S,S1,DSTRIO104,HATO NUEVO,DSTRIO104-HATO NUEVO,2.0,Día 2,,,SUPLENTE,9000074484,,2.0,JENIFER GÓMEZ,Cargar
NO,HOME MARKET TRADICIONAL,TIENDAS,Bronce,NAGUA,ZONA ESTE,9000041423,41423,COLMADO LA GICOTEA,"C\ 27 DE FEBRERO ESQ. MAXIMO FELIX, LOS LIMONES",SAUL GIL,MARÍA TRINIDAD SÁNCHEZ,MARÍA TRINIDAD SÁNCHEZ,CENTRO DEL PUEBLO,TRADICIONAL,304,JOAQUIN CUELLO FROMETA,JOAQUIN CUELLO FROMETA,RICHARD PAREDES,RICHARD PAREDES,19.273106098175,-69.8919610977173,304 NAGUA,ALTA RETORNABILIDAD,SIN INCIDENCIA,ICE,1152001857,Sin Visita,Elegible,19.273106098175,-69.8919610977173,19.273106098175-69.8919610977173,ELEGIBLE,NO,S,S1,NGUA106,NAGUA,NGUA106-NAGUA,2.0,Día 2,,,SUPLENTE,9000041423,,2.0,JORGE LUIS,Cargar
NO,HOME MARKET TRADICIONAL,TIENDAS,ORO,NAGUA,ZONA ESTE,9000069779,69779,COL LOS MUCHACHOS 2,EL YAYAL FRENTE A LA POLICIA,SAUL GIL,MARÍA TRINIDAD SÁNCHEZ,MARÍA TRINIDAD SÁNCHEZ,EL YAYAL,TRADICIONAL,306,PEDRO MANUEL MEJIA PEÑA,PEDRO MANUEL MEJIA PEÑA,RICHARD PAREDES,RICHARD PAREDES,19.4247779846191,-69.981951713562,306 NAGUA,ALTA RETORNABILIDAD,SIN INCIDENCIA,TITAN,1152007097,Sin Visita,Elegible,19.4247779846191,-69.981951713562,19.4247779846191-69.981951713562,ELEGIBLE,NO,S,S1,NGUA106,NAGUA,NGUA106-NAGUA,2.0,Día 2,,,SUPLENTE,9000069779,,2.0,JORGE LUIS,Cargar
NO,HOME MARKET TRADICIONAL,MINIMERCADOS,ORO,SANTIAGO,ZONA NORTE,9000103734,103734,LA ESQUINA MINI MARKET,DON PEDRO,DEYBI VARGAS,SANTIAGO,SANTIAGO,CENTRO DEL PUEBLO,TRADICIONAL,307,JUAN ESTRELLA,JUAN ESTRELLA,ALEXANDER MARTE,ALEXANDER MARTE,19.4646129608154,-70.6188049316406,307 SANTIAGO,ALTA RETORNABILIDAD,SIN INCIDENCIA,TITAN,1151025087,Sin Visita,Elegible,19.4646129608154,-70.6188049316406,19.4646129608154-70.6188049316406,ELEGIBLE,NO,S,S1,STAGO108,SANTIAGO,STAGO108-SANTIAGO,1.0,Día 1,,,SUPLENTE,9000103734,,1.0,YARLENYS,Cargar
NO,HOME MARKET TRADICIONAL,TIENDAS,Plata,SAN CRISTOBAL,ZONA OCCIDENTAL  Y SC,9000104252,104252,BODEGA LAJARA 2,AVENIDA LIBERTAD,JUAN PAULINO,SAN CRISTÓBAL,SAN CRISTÓBAL,CENTRO DE LA CIUDAD,TRADICIONAL,446,RANDY DELGADO,RANDY DELGADO,KELVIN ABAD PLACENCIO HN,KELVIN ABAD PLACENCIO HN,18.4182138442993,-70.1085214614868,446 SAN CRISTOBAL,ALTA RETORNABILIDAD,SIN INCIDENCIA,ICE,1169005101,Sin Visita Efectiva,Elegible,18.4182138442993,-70.1085214614868,18.4182138442993-70.1085214614868,ELEGIBLE,NO,S,S1,HTNVO101,SAN CRISTOBAL,HTNVO101-HATO NUEVO,1.0,Día 1,,,SUPLENTE,9000104252,,1.0,ARILEYSIS,Cargar
NO,HOME MARKET TRADICIONAL,TIENDAS,ORO,NAGUA,ZONA ESTE,9000111877,111877,SUPER COLMADO TINEO,MELLA EL PUEBLITO,SAUL GIL,SAMANÁ,SAMANÁ,CENTRO DEL PUEBLO,TRADICIONAL,305,DERLIN GIL GARCIA,DERLIN GIL GARCIA,LEONEL ALMONTE ORTEGA,LEONEL ALMONTE ORTEGA,19.31298,-69.54048,305 NAGUA,ALTA RETORNABILIDAD,SIN INCIDENCIA,TITAN,1152008741,Sin Visita,Elegible,19.31298,-69.54048,19.31298-69.54048,ELEGIBLE,NO,S,S1,NGUA106,NAGUA,NGUA106-NAGUA,3.0,Día 3,,,SUPLENTE,9000111877,,3.0,JORGE LUIS,Cargar
NO,HOME MARKET TRADICIONAL,TIENDAS,Bronce,SANTIAGO,ZONA NORTE,9000113865,113865,COLMADO CRISTAL,PALMAR ABAJO,DEYBI VARGAS,SANTIAGO,SANTIAGO,PALMAR ABAJO,TRADICIONAL,311,BRAYAN ALVAREZ DOMINGUEZ,BRAYAN ALVAREZ DOMINGUEZ,YOHAO TAVERAS ROSARIO,YOHAO TAVERAS ROSARIO,19.5460376739502,-70.7707748413086,311 SANTIAGO,BAJA RETORNABILIDAD,SIN INCIDENCIA,ICE,1151027516,Ultima Aprobada,Elegible,19.54626833333333,-70.770845,19.5462683333333-70.770845,ELEGIBLE,NO,S,S1,STIAGO107,SANTIAGO,STIAGO107-SANTIAGO,2.0,Día 2,,,SUPLENTE,9000113865,,2.0,MARTIN MARTINEZ,Cargar
NO,HOME MARKET TRADICIONAL,TIENDAS,ORO,SANTIAGO,ZONA NORTE,9000127831,127831,SUPER MARKET LOS PULE,CARRETERA LUPERON KM 8  NO 53,DEYBI VARGAS,SANTIAGO,SANTIAGO,GURABO,TRADICIONAL,380,JUNIOR REYES,JUNIOR REYES,ALEXANDER MARTE,ALEXANDER MARTE,19.50308228,-70.65141296,380 SANTIAGO,BAJA RETORNABILIDAD,SIN INCIDENCIA,TITAN,1151033482,Sin Visita,Elegible,19.50308228,-70.65141296,19.50308228-70.65141296,ELEGIBLE,NO,S,S1,STAGO108,SANTIAGO,STAGO108-SANTIAGO,1.0,Día 1,,,SUPLENTE,9000127831,,1.0,YARLENYS,Cargar
NO,ON PREMISE,CAFETERIA / RESTAURANTE INFORMAL,ORO,SANTIAGO,ZONA NORTE,9000136806,136806,CENTRO ESPAÑOL INC,AV HISPANOAMERICANA CANABACOA PUÑAL,DEYBI VARGAS,SANTIAGO,SANTIAGO,CANABACOA,C&B,373,LUIS DOMINGUEZ,LUIS DOMINGUEZ,ANTONIO JIMENEZ,ANTONIO JIMENEZ,19.424266,-70.666457,373 SANTIAGO,BAJA RETORNABILIDAD,SIN INCIDENCIA,ICE,1151035197,Sin Visita,Elegible,19.424266,-70.666457,19.424266-70.666457,ELEGIBLE,NO,S,S1,STAGO108,SANTIAGO,STAGO108-SANTIAGO,3.0,Día 3,,,SUPLENTE,9000136806,,3.0,YARLENYS,Cargar
NO,HOME MARKET TRADICIONAL,TIENDAS,ORO,SANTIAGO,ZONA NORTE,9000143119,143119,MI GENTE 3,C FRANCISCO GONZALEZ,DEYBI VARGAS,SANTIAGO,SANTIAGO,PUEBLO NUEVO,TRADICIONAL,303,ANTHONY DARIA SANCHEZ SURIEL,ANTHONY DARIA SANCHEZ SURIEL,YOHAO TAVERAS ROSARIO,YOHAO TAVERAS ROSARIO,19.4584846496582,-70.7068634033203,303 SANTIAGO,ALTA RETORNABILIDAD,SIN INCIDENCIA,ICE,1151036341,Ultima Aprobada,Elegible,19.45843833333333,-70.70671166666666,19.4584383333333-70.7067116666667,ELEGIBLE,NO,S,S1,STIAGO107,SANTIAGO,STIAGO107-SANTIAGO,2.0,Día 2,,,SUPLENTE,9000143119,,2.0,MARTIN MARTINEZ,Cargar
NO,HOME MARKET TRADICIONAL,TIENDAS,ORO,HATO NUEVO,ZONA OCCIDENTAL  Y SC,9000154901,154901,SUPER COLMADO JIM JIM,MAXIMO GOMEZ,JUAN PAULINO,SAN CRISTÓBAL,SAN CRISTÓBAL,PUEBLO NUEVO,TRADICIONAL,446,RANDY DELGADO,RANDY DELGADO,KELVIN ABAD PLACENCIO HN,KELVIN ABAD PLACENCIO HN,18.41482544,-70.11426544,446 HATO NUEVO,BAJA RETORNABILIDAD,SIN INCIDENCIA,ICE,1169005510,Ultima Aprobada,Elegible,18.4148118,-70.1143305,18.4148118-70.1143305,ELEGIBLE,NO,S,S1,HTNVO101,HATO NUEVO,HTNVO101-HATO NUEVO,1.0,Día 1,,,SUPLENTE,9000154901,,1.0,ARILEYSIS,Cargar
NO,HOME MARKET TRADICIONAL,TIENDAS,Bronce,SAN CRISTOBAL,ZONA OCCIDENTAL  Y SC,9000166297,166297,COLMADO LORO,DUARTE CARRETERA EL CACAO,JUAN PAULINO,SAN CRISTÓBAL,SAN CRISTÓBAL,CAMBITA STERLING,TRADICIONAL,470,CARLOS JOSE REYES VIZCAINO,CARLOS JOSE REYES VIZCAINO,KELVIN ABAD SC,KELVIN ABAD SC,18.458778,-70.201528,470 SAN CRISTOBAL,ALTA RETORNABILIDAD,SIN INCIDENCIA,ICE,1162007906,Sin Visita,Elegible,18.458778,-70.201528,18.458778-70.201528,ELEGIBLE,NO,S,S1,HTNVO101,SAN CRISTOBAL,HTNVO101-HATO NUEVO,1.0,Día 1,,,SUPLENTE,9000166297,,1.0,ARILEYSIS,Cargar
NO,HOME MARKET TRADICIONAL,TIENDAS,Plata,HATO NUEVO,ZONA OCCIDENTAL  Y SC,9000006571,6571,COLMADO CAMILA,C/ ORTEGA Y GASSET NO. 62 CRISTO REY,JUAN PAULINO,DISTRITO NACIONAL,DISTRITO NACIONAL,CRISTO REY,TRADICIONAL,341,LUIS OSVALDO BIDO MONTERO,LUIS OSVALDO BIDO MONTERO,RAMON CUELLO HN,RAMON CUELLO HN,18.49876,-69.9222,341 HATO NUEVO,BAJA RETORNABILIDAD,SIN INCIDENCIA,ICE,1169006891,Ultima Aprobada,Elegible,18.49824,-69.922015,18.49824-69.922015,ELEGIBLE,NO,S,S1,DSTRTO105,HATO NUEVO,DSTRTO105-HATO NUEVO,1.0,Día 1,,,SUPLENTE,9000006571,,1.0,JEYSON VALDEZ,Cargar
NO,HOME MARKET TRADICIONAL,MINIMERCADOS,ORO,SANTIAGO,ZONA NORTE,9000017014,17014,SUPERMERCADO ZACARIAS,"LAS CARRERAS/MELLA,CDAD.",DEYBI VARGAS,SANTIAGO,SANTIAGO,CENTRO DEL PUEBLO,ESPECIALIZADO TRADICIONAL,375,MANUEL RODRIGUEZ,MANUEL RODRIGUEZ,ANTONIO JIMENEZ,ANTONIO JIMENEZ,19.4543433189392,-70.7015914916992,375 SANTIAGO,ALTA RETORNABILIDAD,SIN INCIDENCIA,TITAN,1151000890,Ultima Aprobada,Elegible,19.45438022,-70.70155736,19.45438022-70.70155736,ELEGIBLE,NO,S,S1,STAGO108,SANTIAGO,STAGO108-SANTIAGO,2.0,Día 2,,,SUPLENTE,9000017014,,2.0,YARLENYS,Cargar
NO,HOME MARKET TRADICIONAL,TIENDAS,Plata,SANTIAGO,ZONA NORTE,9000069753,69753,COLMADO NUÑEZ,CALLE 7 ESQ 28,DEYBI VARGAS,SANTIAGO,SANTIAGO,LOS CIRUELITOS,TRADICIONAL,320,YUNIOR ANTONIO GUZMAN LAMI,YUNIOR ANTONIO GUZMAN LAMI,YOHAO TAVERAS ROSARIO,YOHAO TAVERAS ROSARIO,19.4791965484619,-70.7080239189996,320 SANTIAGO,BAJA RETORNABILIDAD,SIN INCIDENCIA,ICE,1151020058,Ultima Aprobada,Elegible,19.4784559,-70.7073682,19.4784559-70.7073682,ELEGIBLE,NO,S,S1,STIAGO107,SANTIAGO,STIAGO107-SANTIAGO,2.0,Día 2,,,SUPLENTE,9000069753,,2.0,MARTIN MARTINEZ,Cargar
NO,HOME MARKET TRADICIONAL,TIENDAS,Plata,SANTO DOMINGO,ZONA OCCIDENTAL  Y SC,9000071654,71654,SUPER BODEGA DOBLEA A,CRISTOBAL COLON ESQ MARCO POLO,JUAN PAULINO,DISTRITO NACIONAL,DISTRITO NACIONAL,SIMÓN BOLIVAR,TRADICIONAL,395,RAMON RODRIGUEZ CORNIEL,RAMON RODRIGUEZ CORNIEL,DANIEL BATISTA,DANIEL BATISTA,18.5084326267242,-69.8960580825806,395 SANTO DOMINGO,ALTA RETORNABILIDAD,SIN INCIDENCIA,TITAN,1150030630,Ultima Aprobada,Elegible,18.50843352,-69.89603434,18.50843352-69.89603434,ELEGIBLE,NO,S,S1,DSTRTO105,SANTO DOMINGO,DSTRTO105-HATO NUEVO,1.0,Día 1,,,SUPLENTE,9000071654,,1.0,JEYSON VALDEZ,Cargar
NO,HOME MARKET TRADICIONAL,TIENDAS,Bronce,NAGUA,ZONA ESTE,9000163323,163323,COLMADO FRANDY,CALLE PRINCIPAL NO 22 LA REFORMA CERCA DE LA FARMACIA,SAUL GIL,DUARTE,DUARTE,ARENOSO,TRADICIONAL,308,JOSÉ JOAQUÍN VASQUEZ JIMENEZ,JOSÉ JOAQUÍN VASQUEZ JIMENEZ,LEONEL ALMONTE ORTEGA,LEONEL ALMONTE ORTEGA,19.15583,-69.8224607,308 NAGUA,ALTA RETORNABILIDAD,SIN INCIDENCIA,ICE,1152012240,Sin Visita,Elegible,19.15583,-69.8224607,19.15583-69.8224607,ELEGIBLE,NO,S,S1,NGUA106,NAGUA,NGUA106-NAGUA,3.0,Día 3,,,SUPLENTE,9000163323,,3.0,JORGE LUIS,Cargar
SI,HOME MARKET TRADICIONAL,MINIMERCADOS,ORO,HATO NUEVO,ZONA OCCIDENTAL  Y SC,9000000152,152,S/COLMADO LORA II,"C/ANGEL MARIA LIZ #9,MIRADOR SUR",JUAN PAULINO,DISTRITO NACIONAL,DISTRITO NACIONAL,CENTRO DE LA CIUDAD,TRADICIONAL,306,ANIBAL PUELLO,ANIBAL PUELLO,RAMON CUELLO HN,RAMON CUELLO HN,18.44792,-69.9584,306 HATO NUEVO,ALTA RETORNABILIDAD,SIN INCIDENCIA,ICE,1169007441,Ultima Aprobada,Elegible,18.44810519,-69.95816447,18.44810519-69.95816447,ELEGIBLE,NO,S,S PANEL,DSTRIO104,HATO NUEVO,DSTRIO104-HATO NUEVO,2.0,Día 2,,,SUPLENTE,9000000152,,2.0,JENIFER GÓMEZ,Cargar
NO,HOME MARKET TRADICIONAL,TIENDAS,ORO,HATO NUEVO,ZONA OCCIDENTAL  Y SC,9000000188,188,COL. LOS MUCHACHOS,ANA TEREZA PARADA # 01 MIRADOR SUR,JUAN PAULINO,DISTRITO NACIONAL,DISTRITO NACIONAL,MIRADOR SUR,TRADICIONAL,306,ANIBAL PUELLO,ANIBAL PUELLO,RAMON CUELLO HN,RAMON CUELLO HN,18.4463272094727,-69.9529037475586,306 HATO NUEVO,ALTA RETORNABILIDAD,SIN INCIDENCIA,ICE,1169007451,Sin Visita,Elegible,18.4463272094727,-69.9529037475586,18.4463272094727-69.9529037475586,ELEGIBLE,NO,S,S1,DSTRIO104,HATO NUEVO,DSTRIO104-HATO NUEVO,2.0,Día 2,,,SUPLENTE,9000000188,,2.0,JENIFER GÓMEZ,Cargar
NO,HOME MARKET TRADICIONAL,TIENDAS,Plata,SANTO DOMINGO,ZONA OCCIDENTAL  Y SC,9000000516,516,COLMADO MIGUEL,C/ FCO. DEL ROSARIO SANCHEZ NO. 92 ENS. GUACHUPITA,JUAN PAULINO,DISTRITO NACIONAL,DISTRITO NACIONAL,GUACHUPITA,TRADICIONAL,313,VICTOR GABRIEL MORA CIRIACO,VICTOR GABRIEL MORA CIRIACO,DANIEL BATISTA,DANIEL BATISTA,18.4927501678467,-69.8834915161133,313 SANTO DOMINGO,ALTA RETORNABILIDAD,SIN INCIDENCIA,TITAN,1150001939,Ultima Aprobada,Elegible,18.49298666666666,-69.883545,18.4929866666667-69.883545,ELEGIBLE,NO,S,S1,DSTRTO105,SANTO DOMINGO,DSTRTO105-HATO NUEVO,1.0,Día 1,,,SUPLENTE,9000000516,,1.0,JEYSON VALDEZ,Cargar
NO,HOME MARKET TRADICIONAL,TIENDAS,ORO,SANTO DOMINGO,ZONA OCCIDENTAL  Y SC,9000000559,559,COL. SOTO,MANUEL UBALDO GOMEZ # 129 VILLA CONSUELO,JUAN PAULINO,DISTRITO NACIONAL,DISTRITO NACIONAL,CENTRO DE LA CIUDAD,TRADICIONAL,314,JOSE ENMANUEL ROSARIO MERCEDES,JOSE ENMANUEL ROSARIO MERCEDES,DANIEL BATISTA,DANIEL BATISTA,18.4883,-69.9035,314 SANTO DOMINGO,ALTA RETORNABILIDAD,SIN INCIDENCIA,TITAN,1150002067,Sin Visita,Elegible,18.4883,-69.9035,18.4883-69.9035,ELEGIBLE,NO,S,S1,DSTRTO105,SANTO DOMINGO,DSTRTO105-HATO NUEVO,2.0,Día 2,,,SUPLENTE,9000000559,,2.0,JEYSON VALDEZ,Cargar
NO,HOME MARKET TRADICIONAL,TIENDAS,ORO,HATO NUEVO,ZONA OCCIDENTAL  Y SC,9000000897,897,COLMADO NANY,GUAROCUYA # 38-A ENS. QUISQUEYA,JUAN PAULINO,DISTRITO NACIONAL,DISTRITO NACIONAL,QUISQUEYA,TRADICIONAL,319,WANNER DE JESUS CASTILLO VICENTE,WANNER DE JESUS CASTILLO VICENTE,RAMON CUELLO HN,RAMON CUELLO HN,18.4622936248779,-69.9497680664063,319 HATO NUEVO,BAJA RETORNABILIDAD,SIN INCIDENCIA,ICE,1169008073,Ultima Aprobada,Elegible,18.4642906,-69.9474033,18.4642906-69.9474033,ELEGIBLE,NO,S,S1,DSTRIO104,HATO NUEVO,DSTRIO104-HATO NUEVO,1.0,Día 1,,,SUPLENTE,9000000897,,1.0,JENIFER GÓMEZ,Cargar
NO,HOME MARKET TRADICIONAL,TIENDAS,ORO,HATO NUEVO,ZONA OCCIDENTAL  Y SC,9000001023,1023,COL. SURIEL,C/ 9 # 03 CHURCHILL LOS PLATANITOS,JUAN PAULINO,DISTRITO NACIONAL,DISTRITO NACIONAL,CENTRO DE LA CIUDAD,TRADICIONAL,332,WELLINTON YSRAEL CASANOVA MONTERO,WELLINTON YSRAEL CASANOVA MONTERO,RAMON CUELLO HN,RAMON CUELLO HN,18.4804503917694,-69.9442934989929,332 HATO NUEVO,ALTA RETORNABILIDAD,SIN INCIDENCIA,ICE,1169009448,Sin Visita,Elegible,18.4804503917694,-69.9442934989929,18.4804503917694-69.9442934989929,ELEGIBLE,NO,S,S1,DSTRIO104,HATO NUEVO,DSTRIO104-HATO NUEVO,3.0,Día 3,,,SUPLENTE,9000001023,,3.0,JENIFER GÓMEZ,Cargar
NO,HOME MARKET TRADICIONAL,TIENDAS,Plata,HATO NUEVO,ZONA OCCIDENTAL  Y SC,9000001349,1349,COL. MARIA,C/ 3RA NO. 30 ANA GOTIER SECTOR CRISTO REY,JUAN PAULINO,DISTRITO NACIONAL,DISTRITO NACIONAL,CENTRO DE LA CIUDAD,TRADICIONAL,340,STARLIN HERRERA,STARLIN HERRERA,RAMON CUELLO HN,RAMON CUELLO HN,18.49759483,-69.92945862,340 HATO NUEVO,ALTA RETORNABILIDAD,SIN INCIDENCIA,ICE,1169007895,Sin Visita,Elegible,18.49759483,-69.92945862,18.49759483-69.92945862,ELEGIBLE,NO,S,S1,DSTRTO105,HATO NUEVO,DSTRTO105-HATO NUEVO,3.0,Día 3,,,SUPLENTE,9000001349,,3.0,JEYSON VALDEZ,Cargar
NO,HOME MARKET TRADICIONAL,TIENDAS,ORO,HATO NUEVO,ZONA OCCIDENTAL  Y SC,9000002150,2150,COL. GUZMAN,"C/GUAROCUYA ESQ. 3,ROSMIL",JUAN PAULINO,DISTRITO NACIONAL,DISTRITO NACIONAL,CENTRO DE LA CIUDAD,TRADICIONAL,317,FREYMI JOSE CASTRO PEREZ,FREYMI JOSE CASTRO PEREZ,RAMON CUELLO HN,RAMON CUELLO HN,18.4592151641846,-69.9688110351563,317 HATO NUEVO,ALTA RETORNABILIDAD,SIN INCIDENCIA,ICE,1169007959,Sin Visita,Elegible,18.4592151641846,-69.9688110351563,18.4592151641846-69.9688110351563,ELEGIBLE,NO,S,S1,DSTRIO104,HATO NUEVO,DSTRIO104-HATO NUEVO,1.0,Día 1,,,SUPLENTE,9000002150,,1.0,JENIFER GÓMEZ,Cargar
NO,HOME MARKET TRADICIONAL,TIENDAS,Plata,CHARLES DE GAULLE,ZONA SD ORIENTAL,9000011664,11664,COLMADO MATEO,LOS COCOTEROS,JUNIOR RIVERA,SANTO DOMINGO,SANTO DOMINGO,VILLA MELLA,TRADICIONAL,356,JONATHAN MERCEDEZ,JONATHAN MERCEDEZ,FABIEL PEÑA,FABIEL PEÑA,18.5272135734558,-69.9041957855225,356 CHARLES DE GAULLE,BAJA RETORNABILIDAD,SIN INCIDENCIA,ICE,1153003210,Ultima Aprobada,Elegible,18.52753431,-69.90442417,18.52753431-69.90442417,ELEGIBLE,NO,S,S1,CHLES103,CHARLES DE GAULLE,CHLES103-CHARLES DE GAULLE,1.0,Día 1,,,SUPLENTE,9000011664,,1.0,JEAN LUIS,Cargar
NO,HOME MARKET TRADICIONAL,MINIMERCADOS,Plata,CHARLES DE GAULLE,ZONA SD ORIENTAL,9000011700,11700,SUPER BODEGA VALLE HERMOSO,"C/PRINCIPAL #6,VILLA MELLA.",JUNIOR RIVERA,SANTO DOMINGO,SANTO DOMINGO,VILLA MELLA,TRADICIONAL,406,ONATI TRONCOSO,ONATI TRONCOSO,FABIEL PEÑA,FABIEL PEÑA,18.5483573913574,-69.8998229980469,406 CHARLES DE GAULLE,BAJA RETORNABILIDAD,SIN INCIDENCIA,ICE,1153003251,Ultima Aprobada,Elegible,18.54833666666667,-69.89981833333333,18.5483366666667-69.8998183333333,ELEGIBLE,NO,S,S1,CHLES103,CHARLES DE GAULLE,CHLES103-CHARLES DE GAULLE,1.0,Día 1,,,SUPLENTE,9000011700,,1.0,JEAN LUIS,Cargar
NO,HOME MARKET TRADICIONAL,TIENDAS,Plata,CHARLES DE GAULLE,ZONA SD ORIENTAL,9000014029,14029,COLMADO CACHET,"C/ANTONIO GUZMAN FERNANDEZ #48,BARRIO NUEVO.",JUNIOR RIVERA,SANTO DOMINGO,SANTO DOMINGO,SANTO DOMINGO ESTE CENTRO,TRADICIONAL,364,JORVIN GOMEZ,JORVIN GOMEZ,FABIEL PEÑA,FABIEL PEÑA,18.55224991,-69.8649292,364 CHARLES DE GAULLE,BAJA RETORNABILIDAD,SIN INCIDENCIA,ICE,1153007741,Ultima Aprobada,Elegible,18.5456323,-69.8662552,18.5456323-69.8662552,ELEGIBLE,NO,S,S1,CHLES103,CHARLES DE GAULLE,CHLES103-CHARLES DE GAULLE,3.0,Día 3,,,SUPLENTE,9000014029,,3.0,JEAN LUIS,Cargar
NO,HOME MARKET TRADICIONAL,TIENDAS,Plata,CHARLES DE GAULLE,ZONA SD ORIENTAL,9000014837,14837,COLMADO EDINSON,C/ RESPALDO SANCHEZ #4,JUNIOR RIVERA,SANTO DOMINGO,SANTO DOMINGO,PARAÍSO ORIENTAL,TRADICIONAL,324,HELDER SUERO,HELDER SUERO,FABIEL PEÑA,FABIEL PEÑA,18.5543338775635,-69.9144287109375,324 CHARLES DE GAULLE,ALTA RETORNABILIDAD,SIN INCIDENCIA,TITAN,1153009152,Ultima Aprobada,Elegible,18.554335,-69.91445166666668,18.554335-69.9144516666667,ELEGIBLE,NO,S,S1,CHLES103,CHARLES DE GAULLE,CHLES103-CHARLES DE GAULLE,1.0,Día 1,,,SUPLENTE,9000014837,,1.0,JEAN LUIS,Cargar
NO,HOME MARKET TRADICIONAL,TIENDAS,Plata,CHARLES DE GAULLE,ZONA SD ORIENTAL,9000015490,15490,COLMADO MERCADITO JUPITER,C/JUPITER N.23,JUNIOR RIVERA,SANTO DOMINGO,SANTO DOMINGO,VILLA MELLA,TRADICIONAL,362,STARLIN FLORENTINO,STARLIN FLORENTINO,FABIEL PEÑA,FABIEL PEÑA,18.525621175766,-69.9083843231201,362 CHARLES DE GAULLE,BAJA RETORNABILIDAD,SIN INCIDENCIA,ICE,1153010406,Ultima Aprobada,Elegible,18.5256539,-69.90832777,18.5256539-69.90832777,ELEGIBLE,NO,S,S1,CHLES103,CHARLES DE GAULLE,CHLES103-CHARLES DE GAULLE,1.0,Día 1,,,SUPLENTE,9000015490,,1.0,JEAN LUIS,Cargar
NO,HOME MARKET TRADICIONAL,TIENDAS,Plata,SANTIAGO,ZONA NORTE,9000017276,17276,COLMADO KELVIN,"C/4,#6,MIRAFLORES",DEYBI VARGAS,SANTIAGO,SANTIAGO,CENTRO DEL PUEBLO,TRADICIONAL,346,GEN HOU TSANG,GEN HOU TSANG,ALEXANDER MARTE,ALEXANDER MARTE,19.4758453369141,-70.6931133270264,346 SANTIAGO,ALTA RETORNABILIDAD,SIN INCIDENCIA,ICE,1151001264,Ultima Aprobada,Elegible,19.475825,-70.692865,19.475825-70.692865,ELEGIBLE,NO,S,S1,STAGO108,SANTIAGO,STAGO108-SANTIAGO,2.0,Día 2,,,SUPLENTE,9000017276,,2.0,YARLENYS,Cargar
NO,HOME MARKET TRADICIONAL,TIENDAS,Plata,SANTIAGO,ZONA NORTE,9000017519,17519,COLMADO EL REY,C/ESMERALDA #14 BARRIO OBRERO,DEYBI VARGAS,SANTIAGO,SANTIAGO,CENTRO DEL PUEBLO,TRADICIONAL,305,DARWIN GARCIA,DARWIN GARCIA,JUAN LUIS LA HOZ,JUAN LUIS LA HOZ,19.4289531707764,-70.6782633463542,305 SANTIAGO,ALTA RETORNABILIDAD,SIN INCIDENCIA,ICE,1151001702,Ultima Aprobada,Elegible,19.42898833333333,-70.67821833333333,19.4289883333333-70.6782183333333,ELEGIBLE,NO,S,S1,STAGO108,SANTIAGO,STAGO108-SANTIAGO,2.0,Día 2,,,SUPLENTE,9000017519,,2.0,YARLENYS,Cargar
NO,HOME MARKET TRADICIONAL,TIENDAS,Plata,SANTIAGO,ZONA NORTE,9000017812,17812,COLMADO PEDRO PABLO,"CAR/2DA.S/N,PUÑAL ADENTRO",DEYBI VARGAS,SANTIAGO,SANTIAGO,CENTRO DEL PUEBLO,TRADICIONAL,336,CRISTIAN MOREL,CRISTIAN MOREL,ALEXANDER MARTE,ALEXANDER MARTE,19.3958616256714,-70.6153964996338,336 SANTIAGO,BAJA RETORNABILIDAD,SIN INCIDENCIA,ICE,1151002196,Ultima Aprobada,Elegible,19.39589333333333,-70.615415,19.3958933333333-70.615415,ELEGIBLE,NO,S,S1,STAGO108,SANTIAGO,STAGO108-SANTIAGO,3.0,Día 3,,,SUPLENTE,9000017812,,3.0,YARLENYS,Cargar
NO,HOME MARKET TRADICIONAL,TIENDAS,ORO,SANTIAGO,ZONA NORTE,9000018202,18202,COLMADO CESAR,"AV.HATUEY EDIF. 44 APTO. 101, LOS REYES",DEYBI VARGAS,SANTIAGO,SANTIAGO,CENTRO DEL PUEBLO,ESPECIALIZADO TRADICIONAL,374,JOSEPH MANUEL SANCHEZ NUÑEZ,JOSEPH MANUEL SANCHEZ NUÑEZ,ANTONIO JIMENEZ,ANTONIO JIMENEZ,19.4902744293212,-70.7033920288085,374 SANTIAGO,BAJA RETORNABILIDAD,SIN INCIDENCIA,TITAN,1151002866,Ultima Aprobada,Elegible,19.49035279,-70.70331174,19.49035279-70.70331174,ELEGIBLE,NO,S,S1,STAGO108,SANTIAGO,STAGO108-SANTIAGO,1.0,Día 1,,,SUPLENTE,9000018202,,1.0,YARLENYS,Cargar
NO,ON PREMISE,CAFETERIA / RESTAURANTE INFORMAL,Plata,SANTIAGO,ZONA NORTE,9000020301,20301,COMEDOR PUNTO DEL SABOR,"AV. JUAN PABLO DUARTE, CIUDAD",DEYBI VARGAS,SANTIAGO,SANTIAGO,CENTRO DEL PUEBLO,C&B,366,CHRISTHIAN MERCADO,CHRISTHIAN MERCADO,ANTONIO JIMENEZ,ANTONIO JIMENEZ,19.4590263366699,-70.6820602416992,366 SANTIAGO,BAJA RETORNABILIDAD,SIN INCIDENCIA,ICE,1151007496,Ultima Aprobada,Elegible,19.45899833333333,-70.68202166666667,19.4589983333333-70.6820216666667,ELEGIBLE,NO,S,S1,STIAGO107,SANTIAGO,STIAGO107-SANTIAGO,3.0,Día 3,,,SUPLENTE,9000020301,,3.0,MARTIN MARTINEZ,Cargar
NO,HOME MARKET TRADICIONAL,TIENDAS,Plata,SANTIAGO,ZONA NORTE,9000018624,18624,COLMADO MARISOL,C/FCO. CAAMAÑO DEÑO #9 JACAGUA SANTIAGO,DEYBI VARGAS,SANTIAGO,SANTIAGO,CENTRO DEL PUEBLO,TRADICIONAL,304,MEDINA FAÑA ANSHERLY YAMILE,MEDINA FAÑA ANSHERLY YAMILE,ALEXANDER MARTE,ALEXANDER MARTE,19.506778717041,-70.7095947265625,304 SANTIAGO,ALTA RETORNABILIDAD,SIN INCIDENCIA,ICE,1151003629,Sin Visita,Elegible,19.506778717041,-70.7095947265625,19.506778717041-70.7095947265625,ELEGIBLE,NO,S,S1,STIAGO107,SANTIAGO,STIAGO107-SANTIAGO,1.0,Día 1,,,SUPLENTE,9000018624,,1.0,MARTIN MARTINEZ,Cargar
NO,HOME MARKET TRADICIONAL,TIENDAS,Plata,SAN FRANCISCO,ZONA NORTE,9000053676,53676,COLMADO DE LEON,C OLEGARIO TENARES,DEYBI VARGAS,DUARTE,DUARTE,CENTRO DEL PUEBLO,TRADICIONAL,337,ROBINSON CAMILO DE JESÚS,ROBINSON CAMILO DE JESÚS,DANIEL REYES GARCIA,DANIEL REYES GARCIA,19.2083358764648,-70.0290451049804,337 SAN FRANCISCO,ALTA RETORNABILIDAD,SIN INCIDENCIA,ICE,1154000246,Ultima Aprobada,Elegible,19.2083489,-70.02908105,19.2083489-70.02908105,ELEGIBLE,NO,S,S2,NGUA106,SAN FRANCISCO,NGUA106-NAGUA,3.0,Día 3,,,SUPLENTE,9000053676,,3.0,JORGE LUIS,Cargar
NO,HOME MARKET TRADICIONAL,TIENDAS,Plata,SAN CRISTOBAL,ZONA OCCIDENTAL  Y SC,9000037271,37271,COL. MARIA,"C/EL CERRO, BARRIO EL PLEY, S.C.",JUAN PAULINO,SAN CRISTÓBAL,SAN CRISTÓBAL,CENTRO DE LA CIUDAD,TRADICIONAL,469,YUNIOR ARMANDO SANCHEZ ABREU,YUNIOR ARMANDO SANCHEZ ABREU,KELVIN ABAD SC,KELVIN ABAD SC,18.4014574686686,-70.1209335327148,469 SAN CRISTOBAL,ALTA RETORNABILIDAD,SIN INCIDENCIA,ICE,1162007385,Sin Visita,Elegible,18.4014574686686,-70.1209335327148,18.4014574686686-70.1209335327148,ELEGIBLE,NO,S,S1,HTNVO101,SAN CRISTOBAL,HTNVO101-HATO NUEVO,2.0,Día 2,,,SUPLENTE,9000037271,,2.0,ARILEYSIS,Cargar
NO,HOME MARKET TRADICIONAL,TIENDAS,Plata,HATO NUEVO,ZONA OCCIDENTAL  Y SC,9000003800,3800,BODEGA LA ESQUINA,C/ 2DA. / C/ 5TA. ANA GOTIER,JUAN PAULINO,DISTRITO NACIONAL,DISTRITO NACIONAL,CENTRO DE LA CIUDAD,TRADICIONAL,340,STARLIN HERRERA,STARLIN HERRERA,RAMON CUELLO HN,RAMON CUELLO HN,18.4977951049805,-69.9289932250977,340 HATO NUEVO,ALTA RETORNABILIDAD,SIN INCIDENCIA,ICE,1169008056,Ultima Aprobada,Elegible,18.49780333333333,-69.92894666666666,18.4978033333333-69.9289466666667,ELEGIBLE,NO,S,S2,DSTRTO105,HATO NUEVO,DSTRTO105-HATO NUEVO,3.0,Día 3,,,SUPLENTE,9000003800,,3.0,JEYSON VALDEZ,Cargar
NO,ON PREMISE,CAFETERIA / RESTAURANTE INFORMAL,Plata,SANTIAGO,ZONA NORTE,9000023102,23102,LA CASA DEL CHICHARRON,"C/3 #62, EL GUANO",DEYBI VARGAS,SANTIAGO,SANTIAGO,CENTRO DEL PUEBLO,C&B,366,CHRISTHIAN MERCADO,CHRISTHIAN MERCADO,ANTONIO JIMENEZ,ANTONIO JIMENEZ,19.4616063435872,-70.6601791381836,366 SANTIAGO,BAJA RETORNABILIDAD,SIN INCIDENCIA,ICE,1151014357,Sin Visita,Elegible,19.4616063435872,-70.6601791381836,19.4616063435872-70.6601791381836,ELEGIBLE,NO,S,S2,STIAGO107,SANTIAGO,STIAGO107-SANTIAGO,3.0,Día 3,,,SUPLENTE,9000023102,,3.0,MARTIN MARTINEZ,Cargar
NO,HOME MARKET TRADICIONAL,TIENDAS,Plata,SAN FRANCISCO,ZONA NORTE,9000030312,30312,COLMADO VENTURA,"C/OLEGARIO TENARES #95, CASTILLO",DEYBI VARGAS,DUARTE,DUARTE,SAN FRANCISCO DE MACORÍS (CENTRO),TRADICIONAL,337,ROBINSON CAMILO DE JESÚS,ROBINSON CAMILO DE JESÚS,DANIEL REYES GARCIA,DANIEL REYES GARCIA,19.2091598510742,-70.0322113037109,337 SAN FRANCISCO,BAJA RETORNABILIDAD,SIN INCIDENCIA,ICE,1154001019,Sin Visita,Elegible,19.2091598510742,-70.0322113037109,19.2091598510742-70.0322113037109,ELEGIBLE,NO,S,S2,NGUA106,SAN FRANCISCO,NGUA106-NAGUA,3.0,Día 3,,,SUPLENTE,9000030312,,3.0,JORGE LUIS,Cargar
NO,ON PREMISE,CAFETERIA / RESTAURANTE INFORMAL,Plata,SANTIAGO,ZONA NORTE,9000068896,68896,MINIKIN 6,CALLE LOS BOMBEROS,DEYBI VARGAS,SANTIAGO,SANTIAGO,INGENIO ARRIBA,C&B,365,JULIO DE JESUS ARACENA AYBAR,JULIO DE JESUS ARACENA AYBAR,ANTONIO JIMENEZ,ANTONIO JIMENEZ,19.4754276275635,-70.7340316772461,365 SANTIAGO,BAJA RETORNABILIDAD,SIN INCIDENCIA,ICE,1151026193,Sin Visita,Elegible,19.4754276275635,-70.7340316772461,19.4754276275635-70.7340316772461,ELEGIBLE,NO,S,S2,STIAGO107,SANTIAGO,STIAGO107-SANTIAGO,1.0,Día 1,,,SUPLENTE,9000068896,,1.0,MARTIN MARTINEZ,Cargar
NO,ON PREMISE,CAFETERIA / RESTAURANTE INFORMAL,ORO,SANTIAGO,ZONA NORTE,9000139457,139457,SERVI EXPRESS,ESNTRADA LAS PALMA LOS AURELES STGO,DEYBI VARGAS,SANTIAGO,SANTIAGO,LOS LAURELES,C&B,373,LUIS DOMINGUEZ,LUIS DOMINGUEZ,ANTONIO JIMENEZ,ANTONIO JIMENEZ,19.44623,-70.652819,373 SANTIAGO,ALTA RETORNABILIDAD,SIN INCIDENCIA,TITAN,1151035620,Sin Visita,Elegible,19.44623,-70.652819,19.44623-70.652819,ELEGIBLE,NO,S,S2,STAGO108,SANTIAGO,STAGO108-SANTIAGO,3.0,Día 3,,,SUPLENTE,9000139457,,3.0,YARLENYS,Cargar
SI,HOME MARKET TRADICIONAL,MINIMERCADOS,ORO,HATO NUEVO,ZONA OCCIDENTAL  Y SC,9000152938,152938,MINIMARKET EL SOBRINO,JESUS MAESTRO CASI ESQ ROMULO BETHANCOURT BELLA VISTA STO DGO DN,JUAN PAULINO,DISTRITO NACIONAL,DISTRITO NACIONAL,BELLA VISTA,TRADICIONAL,306,ANIBAL PUELLO,ANIBAL PUELLO,RAMON CUELLO HN,RAMON CUELLO HN,18.44925061263875,-69.95623746732214,306 HATO NUEVO,BAJA RETORNABILIDAD,SIN INCIDENCIA,ICE,1169009365,Ultima Aprobada,Elegible,18.4492351,-69.9562948,18.4492351-69.9562948,ELEGIBLE,NO,S,S PANEL,DSTRIO104,HATO NUEVO,DSTRIO104-HATO NUEVO,2.0,Día 2,,,SUPLENTE,9000152938,,2.0,JENIFER GÓMEZ,Cargar
NO,HOME MARKET TRADICIONAL,TIENDAS,Bronce,NAGUA,ZONA ESTE,9000167634,167634,SUPER COLMADO MI CAMPITO,CALLE PRINCIPAL LA MAJAGUA DE SANCHEZ CERCA COL CHANTAL,SAUL GIL,SAMANÁ,SAMANÁ,LA MAJAGUA (GUACHUPITA),TRADICIONAL,308,JOSÉ JOAQUÍN VASQUEZ JIMENEZ,JOSÉ JOAQUÍN VASQUEZ JIMENEZ,LEONEL ALMONTE ORTEGA,LEONEL ALMONTE ORTEGA,19.262861,-69.704556,308 NAGUA,ALTA RETORNABILIDAD,SIN INCIDENCIA,ICE,1152012731,Sin Visita,Elegible,19.262861,-69.704556,19.262861-69.704556,ELEGIBLE,NO,S,S2,NGUA106,NAGUA,NGUA106-NAGUA,3.0,Día 3,,,SUPLENTE,9000167634,,3.0,JORGE LUIS,Cargar
NO,HOME MARKET TRADICIONAL,TIENDAS,Plata,HATO NUEVO,ZONA OCCIDENTAL  Y SC,9000004129,4129,COL ELIZABETH,C/ 37 ESQ. 3RA. CRISTO REY,JUAN PAULINO,DISTRITO NACIONAL,DISTRITO NACIONAL,CENTRO DE LA CIUDAD,TRADICIONAL,340,STARLIN HERRERA,STARLIN HERRERA,RAMON CUELLO HN,RAMON CUELLO HN,18.5020506117079,-69.9232864379883,340 HATO NUEVO,ALTA RETORNABILIDAD,SIN INCIDENCIA,ICE,1169006882,Ultima Aprobada,Elegible,18.50229742,-69.92334962,18.50229742-69.92334962,ELEGIBLE,NO,S,S2,DSTRTO105,HATO NUEVO,DSTRTO105-HATO NUEVO,3.0,Día 3,,,SUPLENTE,9000004129,,3.0,JEYSON VALDEZ,Cargar
NO,HOME MARKET TRADICIONAL,TIENDAS,Plata,SANTIAGO,ZONA NORTE,9000019107,19107,COLMADO LA ESQUINA,"C/SAN FRANCISCO #32,JACAGUA",DEYBI VARGAS,SANTIAGO,SANTIAGO,CENTRO DEL PUEBLO,TRADICIONAL,304,MEDINA FAÑA ANSHERLY YAMILE,MEDINA FAÑA ANSHERLY YAMILE,ALEXANDER MARTE,ALEXANDER MARTE,19.51958,-70.68755,304 SANTIAGO,ALTA RETORNABILIDAD,SIN INCIDENCIA,ICE,1151004579,Sin Visita,Elegible,19.51958,-70.68755,19.51958-70.68755,ELEGIBLE,NO,S,S2,STIAGO107,SANTIAGO,STIAGO107-SANTIAGO,1.0,Día 1,,,SUPLENTE,9000019107,,1.0,MARTIN MARTINEZ,Cargar
NO,HOME MARKET TRADICIONAL,TIENDAS,ORO,SANTIAGO,ZONA NORTE,9000025518,25518,COLMADO LOS PRIMOS,"CARRET,LUPERON ESQ. 7 #1, GURABO",DEYBI VARGAS,SANTIAGO,SANTIAGO,CENTRO DEL PUEBLO,TRADICIONAL,315,LEOMAR JIMENEZ,LEOMAR JIMENEZ,ALEXANDER MARTE,ALEXANDER MARTE,19.4756965637207,-70.6719055175781,315 SANTIAGO,ALTA RETORNABILIDAD,SIN INCIDENCIA,TITAN,1151018780,Sin Visita,Elegible,19.4756965637207,-70.6719055175781,19.4756965637207-70.6719055175781,ELEGIBLE,NO,S,S2,STAGO108,SANTIAGO,STAGO108-SANTIAGO,1.0,Día 1,,,SUPLENTE,9000025518,,1.0,YARLENYS,Cargar
NO,ON PREMISE,CAFETERIA / RESTAURANTE INFORMAL,Plata,SANTIAGO,ZONA NORTE,9000056294,56294,AL PESTO CAFE SRL,CALLE RESTAURACION,DEYBI VARGAS,SANTIAGO,SANTIAGO,CENTRO DE LA CIUDAD,C&B,366,CHRISTHIAN MERCADO,CHRISTHIAN MERCADO,ANTONIO JIMENEZ,ANTONIO JIMENEZ,19.4521526760525,-70.6996485392253,366 SANTIAGO,BAJA RETORNABILIDAD,SIN INCIDENCIA,ICE,1151008830,Ultima Aprobada,Elegible,19.45208666666667,-70.69979833333333,19.4520866666667-70.6997983333333,ELEGIBLE,NO,S,S2,STIAGO107,SANTIAGO,STIAGO107-SANTIAGO,3.0,Día 3,,,SUPLENTE,9000056294,,3.0,MARTIN MARTINEZ,Cargar
NO,HOME MARKET TRADICIONAL,TIENDAS,Plata,SANTO DOMINGO,ZONA OCCIDENTAL  Y SC,9000060050,60050,COL LA UNION,RESPALDO MARIA MONTES,JUAN PAULINO,DISTRITO NACIONAL,DISTRITO NACIONAL,LA ZURZA,TRADICIONAL,395,RAMON RODRIGUEZ CORNIEL,RAMON RODRIGUEZ CORNIEL,DANIEL BATISTA,DANIEL BATISTA,18.5073822869195,-69.9104063245985,395 SANTO DOMINGO,BAJA RETORNABILIDAD,SIN INCIDENCIA,ICE,1150018022,Ultima Aprobada,Elegible,18.50583333333333,-69.91010833333333,18.5058333333333-69.9101083333333,ELEGIBLE,NO,S,S2,DSTRTO105,SANTO DOMINGO,DSTRTO105-HATO NUEVO,1.0,Día 1,,,SUPLENTE,9000060050,,1.0,JEYSON VALDEZ,Cargar
NO,ON PREMISE,CAFETERIA / RESTAURANTE INFORMAL,Plata,SANTIAGO,ZONA NORTE,9000084767,84767,CAFETERIA COMEDOR LA COCINA DE DIOS,CALLE 11,DEYBI VARGAS,SANTIAGO,SANTIAGO,ENSANCHE LIBERTAD,C&B,365,JULIO DE JESUS ARACENA AYBAR,JULIO DE JESUS ARACENA AYBAR,ANTONIO JIMENEZ,ANTONIO JIMENEZ,19.4872579574585,-70.724178314209,365 SANTIAGO,ALTA RETORNABILIDAD,SIN INCIDENCIA,ICE,1151022718,Sin Visita,Elegible,19.4872579574585,-70.724178314209,19.4872579574585-70.724178314209,ELEGIBLE,NO,S,S2,STIAGO107,SANTIAGO,STIAGO107-SANTIAGO,1.0,Día 1,,,SUPLENTE,9000084767,,1.0,MARTIN MARTINEZ,Cargar
NO,HOME MARKET TRADICIONAL,TIENDAS,Plata,CHARLES DE GAULLE,ZONA SD ORIENTAL,9000012999,12999,COLMADO HERMANOS TEJADA,C/SAN FRANCISCO ESQ. ORGANIZACIÓN # 31,JUNIOR RIVERA,SANTO DOMINGO,SANTO DOMINGO,SANTO DOMINGO ESTE CENTRO,TRADICIONAL,364,JORVIN GOMEZ,JORVIN GOMEZ,FABIEL PEÑA,FABIEL PEÑA,18.5436244010925,-69.8676204681396,364 CHARLES DE GAULLE,BAJA RETORNABILIDAD,SIN INCIDENCIA,ICE,1153006034,Sin Visita,Elegible,18.5436244010925,-69.8676204681396,18.5436244010925-69.8676204681396,ELEGIBLE,NO,S,S2,CHLES103,CHARLES DE GAULLE,CHLES103-CHARLES DE GAULLE,3.0,Día 3,,,SUPLENTE,9000012999,,3.0,JEAN LUIS,Cargar
NO,HOME MARKET TRADICIONAL,TIENDAS,Plata,SANTIAGO,ZONA NORTE,9000019945,19945,COLMADO MORE,C/ PRINCIPAL ARENOSO,DEYBI VARGAS,SANTIAGO,SANTIAGO,CENTRO DEL PUEBLO,TRADICIONAL,336,CRISTIAN MOREL,CRISTIAN MOREL,ALEXANDER MARTE,ALEXANDER MARTE,19.3967781066895,-70.6395492553711,336 SANTIAGO,ALTA RETORNABILIDAD,SIN INCIDENCIA,ICE,1151006585,Ultima Aprobada,Elegible,19.3968859,-70.6395141,19.3968859-70.6395141,ELEGIBLE,NO,S,S2,STAGO108,SANTIAGO,STAGO108-SANTIAGO,3.0,Día 3,,,SUPLENTE,9000019945,,3.0,YARLENYS,Cargar
NO,HOME MARKET TRADICIONAL,TIENDAS,Plata,SANTIAGO,ZONA NORTE,9000024056,24056,COLMADO LAS 4 HERMANAS,C/5 ESQ. 8 #215 ENS. LIBERTAD,DEYBI VARGAS,SANTIAGO,SANTIAGO,CENTRO DEL PUEBLO,TRADICIONAL,378,VICTORIANO PAULINO,VICTORIANO PAULINO,YOHAO TAVERAS ROSARIO,YOHAO TAVERAS ROSARIO,19.4876880645752,-70.7275409698486,378 SANTIAGO,ALTA RETORNABILIDAD,SIN INCIDENCIA,ICE,1151015807,Ultima Aprobada,Elegible,19.48748985,-70.72750492,19.48748985-70.72750492,ELEGIBLE,NO,S,S2,STIAGO107,SANTIAGO,STIAGO107-SANTIAGO,1.0,Día 1,,,SUPLENTE,9000024056,,1.0,MARTIN MARTINEZ,Cargar
NO,HOME MARKET TRADICIONAL,TIENDAS,Plata,SAN CRISTOBAL,ZONA OCCIDENTAL  Y SC,9000100778,100778,COL LA UVA,BRISAS DEL RIO LOS MOLINAS,JUAN PAULINO,SAN CRISTÓBAL,SAN CRISTÓBAL,LOS MOLINA,TRADICIONAL,469,YUNIOR ARMANDO SANCHEZ ABREU,YUNIOR ARMANDO SANCHEZ ABREU,KELVIN ABAD SC,KELVIN ABAD SC,18.4258094787598,-70.1135986328125,469 SAN CRISTOBAL,BAJA RETORNABILIDAD,SIN INCIDENCIA,ICE,1162007531,Sin Visita,Elegible,18.4258094787598,-70.1135986328125,18.4258094787598-70.1135986328125,ELEGIBLE,NO,S,S1,HTNVO101,SAN CRISTOBAL,HTNVO101-HATO NUEVO,2.0,Día 2,,,SUPLENTE,9000100778,,2.0,ARILEYSIS,Cargar
NO,ON PREMISE,CAFETERIA / RESTAURANTE INFORMAL,ORO,SANTIAGO,ZONA NORTE,9000143237,143237,BBQ EXPRESS JPD SRL,CARRETERA DUARTE,DEYBI VARGAS,SANTIAGO,SANTIAGO,PONTEZUELA AL MEDIO,C&B,373,LUIS DOMINGUEZ,LUIS DOMINGUEZ,ANTONIO JIMENEZ,ANTONIO JIMENEZ,19.452643,-70.656467,373 SANTIAGO,ALTA RETORNABILIDAD,SIN INCIDENCIA,ICE,1151036367,Sin Visita,Elegible,19.452643,-70.656467,19.452643-70.656467,ELEGIBLE,NO,S,S2,STAGO108,SANTIAGO,STAGO108-SANTIAGO,3.0,Día 3,,,SUPLENTE,9000143237,,3.0,YARLENYS,Cargar
NO,HOME MARKET TRADICIONAL,TIENDAS,ORO,HATO NUEVO,ZONA OCCIDENTAL  Y SC,9000005156,5156,BODEGA PRATS RAMIREZ,PRATS RAMIREZ,JUAN PAULINO,DISTRITO NACIONAL,DISTRITO NACIONAL,EVARISTO MORALES,TRADICIONAL,332,WELLINTON YSRAEL CASANOVA MONTERO,WELLINTON YSRAEL CASANOVA MONTERO,RAMON CUELLO HN,RAMON CUELLO HN,18.4640286309379,-69.9375670296805,332 HATO NUEVO,BAJA RETORNABILIDAD,SIN INCIDENCIA,ICE,1169007694,Ultima Aprobada,Elegible,18.4639946,-69.9374261,18.4639946-69.9374261,ELEGIBLE,NO,S,S2,DSTRIO104,HATO NUEVO,DSTRIO104-HATO NUEVO,3.0,Día 3,,,SUPLENTE,9000005156,,3.0,JENIFER GÓMEZ,Cargar
NO,ON PREMISE,CAFETERIA / RESTAURANTE INFORMAL,ORO,SANTIAGO,ZONA NORTE,9000154543,154543,RIHELANDIA SRL,C PRINCIPAL ESQ CALLEJON TROMPIN CANABACOA PUÑAL,DEYBI VARGAS,SANTIAGO,SANTIAGO,CANABACOA,C&B,373,LUIS DOMINGUEZ,LUIS DOMINGUEZ,ANTONIO JIMENEZ,ANTONIO JIMENEZ,19.41061045307817,-70.64547316191451,373 SANTIAGO,BAJA RETORNABILIDAD,SIN INCIDENCIA,ICE,1151039260,Sin Visita,Elegible,19.41061045307817,-70.64547316191451,19.4106104530782-70.6454731619145,ELEGIBLE,NO,S,S2,STAGO108,SANTIAGO,STAGO108-SANTIAGO,3.0,Día 3,,,SUPLENTE,9000154543,,3.0,YARLENYS,Cargar
NO,HOME MARKET TRADICIONAL,TIENDAS,Plata,CHARLES DE GAULLE,ZONA SD ORIENTAL,9000012338,12338,COLMADO KARINA,"C/#8 ESQ. # 7, BUENA VISTA II, VILLA MELLA.",JUNIOR RIVERA,SANTO DOMINGO,SANTO DOMINGO,VILLA MELLA,TRADICIONAL,356,JONATHAN MERCEDEZ,JONATHAN MERCEDEZ,FABIEL PEÑA,FABIEL PEÑA,18.5360889434814,-69.901730128697,356 CHARLES DE GAULLE,BAJA RETORNABILIDAD,SIN INCIDENCIA,ICE,1153004583,Ultima Aprobada,Elegible,18.53606166666667,-69.90173499999999,18.5360616666667-69.901735,ELEGIBLE,NO,S,S2,CHLES103,CHARLES DE GAULLE,CHLES103-CHARLES DE GAULLE,1.0,Día 1,,,SUPLENTE,9000012338,,1.0,JEAN LUIS,Cargar
NO,HOME MARKET TRADICIONAL,MINIMERCADOS,ORO,SANTIAGO,ZONA NORTE,9000016771,16771,MINI MARKET PATRON,"C/W #4,VILLA OLGA",DEYBI VARGAS,SANTIAGO,SANTIAGO,CENTRO DEL PUEBLO,ESPECIALIZADO TRADICIONAL,375,MANUEL RODRIGUEZ,MANUEL RODRIGUEZ,ANTONIO JIMENEZ,ANTONIO JIMENEZ,19.4519072941371,-70.6736319405692,375 SANTIAGO,ALTA RETORNABILIDAD,SIN INCIDENCIA,TITAN,1151000521,Ultima Aprobada,Elegible,19.4519133,-70.6736561,19.4519133-70.6736561,ELEGIBLE,NO,S,S2,STAGO108,SANTIAGO,STAGO108-SANTIAGO,2.0,Día 2,,,SUPLENTE,9000016771,,2.0,YARLENYS,Cargar
NO,HOME MARKET TRADICIONAL,TIENDAS,Plata,SANTIAGO,ZONA NORTE,9000022584,22584,SUPER PLAZA PAOLA,"AV.HATUEY #22, LOS REYES",DEYBI VARGAS,SANTIAGO,SANTIAGO,CENTRO DEL PUEBLO,TRADICIONAL,304,MEDINA FAÑA ANSHERLY YAMILE,MEDINA FAÑA ANSHERLY YAMILE,ALEXANDER MARTE,ALEXANDER MARTE,19.4906597137451,-70.7034378051758,304 SANTIAGO,ALTA RETORNABILIDAD,SIN INCIDENCIA,ICE,1151013646,Sin Visita,Elegible,19.4906597137451,-70.7034378051758,19.4906597137451-70.7034378051758,ELEGIBLE,NO,S,S2,STIAGO107,SANTIAGO,STIAGO107-SANTIAGO,1.0,Día 1,,,SUPLENTE,9000022584,,1.0,MARTIN MARTINEZ,Cargar
NO,ON PREMISE,CAFETERIA / RESTAURANTE INFORMAL,Plata,SANTIAGO,ZONA NORTE,9000126351,126351,CAFETERIA MARLON,C NAVARRETE,DEYBI VARGAS,SANTIAGO,SANTIAGO,CENTRO DEL PUEBLO,C&B,365,JULIO DE JESUS ARACENA AYBAR,JULIO DE JESUS ARACENA AYBAR,ANTONIO JIMENEZ,ANTONIO JIMENEZ,19.4753952026367,-70.7340087890625,365 SANTIAGO,BAJA RETORNABILIDAD,SIN INCIDENCIA,ICE,1151033098,Sin Visita,Elegible,19.4753952026367,-70.7340087890625,19.4753952026367-70.7340087890625,ELEGIBLE,NO,S,S2,STIAGO107,SANTIAGO,STIAGO107-SANTIAGO,1.0,Día 1,,,SUPLENTE,9000126351,,1.0,MARTIN MARTINEZ,Cargar
NO,HOME MARKET TRADICIONAL,TIENDAS,ORO,HATO NUEVO,ZONA OCCIDENTAL  Y SC,9000004850,4850,COLMADO SERRALLES,LIC. MALAQUIAS Ñ34 SERRALLES,JUAN PAULINO,DISTRITO NACIONAL,DISTRITO NACIONAL,ENSANCHE SERRALLES,TRADICIONAL,332,WELLINTON YSRAEL CASANOVA MONTERO,WELLINTON YSRAEL CASANOVA MONTERO,RAMON CUELLO HN,RAMON CUELLO HN,18.481105,-69.931145,332 HATO NUEVO,BAJA RETORNABILIDAD,SIN INCIDENCIA,ICE,1169007644,Sin Visita,Elegible,18.481105,-69.931145,18.481105-69.931145,ELEGIBLE,NO,S,S2,DSTRIO104,HATO NUEVO,DSTRIO104-HATO NUEVO,3.0,Día 3,,,SUPLENTE,9000004850,,3.0,JENIFER GÓMEZ,Cargar
NO,HOME MARKET TRADICIONAL,MINIMERCADOS,ORO,SANTIAGO,ZONA NORTE,9000016857,16857,SUPER COLMADO LA ALTAGRACIA,"AV.LOS JAZMINES,#70 YAPUR DUMIT",DEYBI VARGAS,SANTIAGO,SANTIAGO,CENTRO DEL PUEBLO,ESPECIALIZADO TRADICIONAL,375,MANUEL RODRIGUEZ,MANUEL RODRIGUEZ,ANTONIO JIMENEZ,ANTONIO JIMENEZ,19.4298992,-70.6947861,375 SANTIAGO,ALTA RETORNABILIDAD,SIN INCIDENCIA,TITAN,1151000646,Ultima Aprobada,Elegible,19.42987833333333,-70.69453833333334,19.4298783333333-70.6945383333333,ELEGIBLE,NO,S,S2,STAGO108,SANTIAGO,STAGO108-SANTIAGO,2.0,Día 2,,,SUPLENTE,9000016857,,2.0,YARLENYS,Cargar
NO,HOME MARKET TRADICIONAL,TIENDAS,Plata,SANTIAGO,ZONA NORTE,9000016807,16807,COLMADO JIMENEZ,CARRETERA ENTRADA DON PEDRO #35 PARADA VIEJA,DEYBI VARGAS,SANTIAGO,SANTIAGO,CENTRO DEL PUEBLO,TRADICIONAL,346,GEN HOU TSANG,GEN HOU TSANG,ALEXANDER MARTE,ALEXANDER MARTE,19.4560184478759,-70.6468048095703,346 SANTIAGO,ALTA RETORNABILIDAD,SIN INCIDENCIA,ICE,1151000575,Sin Visita,Elegible,19.4560184478759,-70.6468048095703,19.4560184478759-70.6468048095703,ELEGIBLE,NO,S,S2,STAGO108,SANTIAGO,STAGO108-SANTIAGO,2.0,Día 2,,,SUPLENTE,9000016807,,2.0,YARLENYS,Cargar
NO,HOME MARKET TRADICIONAL,TIENDAS,Plata,SANTO DOMINGO,ZONA OCCIDENTAL  Y SC,9000060729,60729,COL KEILA,30 DE MAYO ESQ 35,JUAN PAULINO,DISTRITO NACIONAL,DISTRITO NACIONAL,24 DE ABRIL,TRADICIONAL,395,RAMON RODRIGUEZ CORNIEL,RAMON RODRIGUEZ CORNIEL,DANIEL BATISTA,DANIEL BATISTA,18.5050022602081,-69.8949575424194,395 SANTO DOMINGO,ALTA RETORNABILIDAD,SIN INCIDENCIA,ICE,1150030064,Ultima Aprobada,Elegible,18.50505166666667,-69.89499833333333,18.5050516666667-69.8949983333333,ELEGIBLE,NO,S,S2,DSTRTO105,SANTO DOMINGO,DSTRTO105-HATO NUEVO,1.0,Día 1,,,SUPLENTE,9000060729,,1.0,JEYSON VALDEZ,Cargar
NO,HOME MARKET TRADICIONAL,TIENDAS,Plata,SANTIAGO,ZONA NORTE,9000062056,62056,COLMADO TEO II,CALLE 5 ENSANCHE  LIBERTAD,DEYBI VARGAS,SANTIAGO,SANTIAGO,ENSANCHE LIBERTAD,TRADICIONAL,378,VICTORIANO PAULINO,VICTORIANO PAULINO,YOHAO TAVERAS ROSARIO,YOHAO TAVERAS ROSARIO,19.4874978065491,-70.7294216156006,378 SANTIAGO,ALTA RETORNABILIDAD,SIN INCIDENCIA,ICE,1151009347,Ultima Aprobada,Elegible,19.48750045,-70.72944511,19.48750045-70.72944511,ELEGIBLE,NO,S,S2,STIAGO107,SANTIAGO,STIAGO107-SANTIAGO,1.0,Día 1,,,SUPLENTE,9000062056,,1.0,MARTIN MARTINEZ,Cargar
NO,HOME MARKET TRADICIONAL,TIENDAS,Bronce,NAGUA,ZONA ESTE,9000042572,42572,COLMADO GLENNY,C/PRINCIPAL EL CATEY,SAUL GIL,SAMANÁ,SAMANÁ,CENTRO DEL PUEBLO,TRADICIONAL,308,JOSÉ JOAQUÍN VASQUEZ JIMENEZ,JOSÉ JOAQUÍN VASQUEZ JIMENEZ,LEONEL ALMONTE ORTEGA,LEONEL ALMONTE ORTEGA,19.2495876312256,-69.7248641967773,308 NAGUA,ALTA RETORNABILIDAD,SIN INCIDENCIA,ICE,1152004636,Sin Visita,Elegible,19.2495876312256,-69.7248641967773,19.2495876312256-69.7248641967773,ELEGIBLE,NO,S,S2,NGUA106,NAGUA,NGUA106-NAGUA,3.0,Día 3,,,SUPLENTE,9000042572,,3.0,JORGE LUIS,Cargar
